Dim 1,Dim 2,Dim 3,SiteCode,SiteName,IslandName,ReserveStatus,SurveyYear
-0.2576868821376509,-0.10722494482657983,-0.08793166507283501,WL,Wyckoff Ledge,San Miguel Island,Outside,1982
-0.2863964748200193,-0.029094737770127253,-0.23303798650037455,WL,Wyckoff Ledge,San Miguel Island,Outside,1983
-0.36070346022269173,-0.09038620511865604,-0.2229113875599406,WL,Wyckoff Ledge,San Miguel Island,Outside,1984
-0.39801880423247044,-0.07196440874987198,-0.21530069324798382,WL,Wyckoff Ledge,San Miguel Island,Outside,1985
-0.4004869327646035,-0.06659112585223928,-0.23386042511693172,WL,Wyckoff Ledge,San Miguel Island,Outside,1986
-0.3979751018366831,-0.0674513822976279,-0.23247623227948905,WL,Wyckoff Ledge,San Miguel Island,Outside,1987
-0.3921416549045592,-0.08062276826643663,-0.2585912925220306,WL,Wyckoff Ledge,San Miguel Island,Outside,1988
-0.3787101605596079,-0.0897735093604252,-0.2670395371449267,WL,Wyckoff Ledge,San Miguel Island,Outside,1989
-0.40088416446596475,0.025165438510558996,-0.055074266736323395,WL,Wyckoff Ledge,San Miguel Island,Outside,1990
-0.38558142475701807,-0.08655187078727865,-0.24544572831933453,WL,Wyckoff Ledge,San Miguel Island,Outside,1991
-0.3641779026097651,-0.08389241619808667,-0.2785208875059913,WL,Wyckoff Ledge,San Miguel Island,Outside,1992
-0.32535404998809336,-0.06916922732276817,-0.2529887089223952,WL,Wyckoff Ledge,San Miguel Island,Outside,1993
-0.3703587152491525,-0.005122903342087545,-0.09593193743770259,WL,Wyckoff Ledge,San Miguel Island,Outside,1994
-0.31820736464330396,0.029438938927299256,-0.1041503677949828,WL,Wyckoff Ledge,San Miguel Island,Outside,1995
-0.30118443221434527,-0.06808061856985315,-0.2712225638891823,WL,Wyckoff Ledge,San Miguel Island,Outside,1996
-0.3055862281738925,0.016234421530290158,-0.11437592351826857,WL,Wyckoff Ledge,San Miguel Island,Outside,1997
-0.2847458549002089,-0.07166767337327924,-0.2713545405627383,WL,Wyckoff Ledge,San Miguel Island,Outside,1998
-0.3127973088009634,-0.07299982666661187,-0.27175511512528383,WL,Wyckoff Ledge,San Miguel Island,Outside,1999
-0.3222259132744787,0.025720416888313016,-0.0871362814214911,WL,Wyckoff Ledge,San Miguel Island,Outside,2000
-0.38942203632400185,0.0221783113169926,-0.07200402435474645,WL,Wyckoff Ledge,San Miguel Island,Outside,2001
-0.2610316247755415,-0.07010913181987308,-0.27816499333471895,WL,Wyckoff Ledge,San Miguel Island,Outside,2002
0.1425797472938003,0.11192856171899812,-0.3472393943967409,WL,Wyckoff Ledge,San Miguel Island,Outside,2003
0.12211432587588938,0.17298945799495963,-0.3569941523858145,WL,Wyckoff Ledge,San Miguel Island,Outside,2004
0.1431954582222599,0.15423570739094913,-0.3774720615978426,WL,Wyckoff Ledge,San Miguel Island,Outside,2005
0.15494748905969552,0.13641972750299858,-0.3790995188980031,WL,Wyckoff Ledge,San Miguel Island,Outside,2006
0.16039330704267749,0.16720915090823063,-0.3671616777188263,WL,Wyckoff Ledge,San Miguel Island,Outside,2007
0.10856858262321163,0.13308826343632096,-0.35026795036491826,WL,Wyckoff Ledge,San Miguel Island,Outside,2008
0.15288332574143054,0.13309466244662074,-0.36330515494171733,WL,Wyckoff Ledge,San Miguel Island,Outside,2009
0.15408015161975827,0.14641289387423229,-0.34880318438012403,WL,Wyckoff Ledge,San Miguel Island,Outside,2010
0.15553434413558817,0.1638717557361538,-0.37144684277698614,WL,Wyckoff Ledge,San Miguel Island,Outside,2011
0.14219263081926883,0.12673424706467193,-0.3558062272411809,WL,Wyckoff Ledge,San Miguel Island,Outside,2012
0.15028693681036523,0.17861444352178185,-0.3850437749253624,WL,Wyckoff Ledge,San Miguel Island,Outside,2013
0.1566912666214388,0.18926711310186237,-0.3092426667766709,WL,Wyckoff Ledge,San Miguel Island,Outside,2014
0.1415577863130266,0.1725001460047619,-0.3284106539465331,WL,Wyckoff Ledge,San Miguel Island,Outside,2015
0.13901798326756232,0.16833537732050324,-0.31237551396853686,WL,Wyckoff Ledge,San Miguel Island,Outside,2016
0.14058833954153507,0.12497983525101522,-0.3310185069592947,WL,Wyckoff Ledge,San Miguel Island,Outside,2017
0.12132920307394647,0.1247541101231097,-0.2454799597320293,WL,Wyckoff Ledge,San Miguel Island,Outside,2018
0.12832909136754297,0.20726484383961402,-0.20779642784375796,WL,Wyckoff Ledge,San Miguel Island,Outside,2019
-0.2584921673306947,-0.11117894380242142,-0.08050891614011846,HR,Hare Rock,San Miguel Island,Outside,1982
-0.26737209594538963,-0.11812624028383108,-0.09104031428768154,HR,Hare Rock,San Miguel Island,Outside,1983
-0.4108628116087661,-0.11244253332613689,-0.057076276002016056,HR,Hare Rock,San Miguel Island,Outside,1984
-0.4114628738357553,-0.14984993552647885,-0.038367299744534955,HR,Hare Rock,San Miguel Island,Outside,1985
-0.3760175572602571,-0.13727194323793337,-0.024549131137567768,HR,Hare Rock,San Miguel Island,Outside,1986
-0.4273141081658235,-0.13508490891246255,-0.052017188279536095,HR,Hare Rock,San Miguel Island,Outside,1987
-0.39584630249704145,-0.14867666938775154,-0.053347382929669125,HR,Hare Rock,San Miguel Island,Outside,1988
-0.3593174363353217,-0.14717740718154906,-0.07027630090997194,HR,Hare Rock,San Miguel Island,Outside,1989
-0.3820946057927367,-0.16407965696535107,-0.08251205924840982,HR,Hare Rock,San Miguel Island,Outside,1990
-0.36476232525493274,-0.1461090245206711,-0.07055471968773012,HR,Hare Rock,San Miguel Island,Outside,1991
-0.4078017458779714,-0.1592192461187551,-0.08470236724462363,HR,Hare Rock,San Miguel Island,Outside,1992
-0.4204097078784991,-0.14166397765659272,-0.08697221117705045,HR,Hare Rock,San Miguel Island,Outside,1993
-0.376173447581773,-0.15463941714024115,-0.07771185565205703,HR,Hare Rock,San Miguel Island,Outside,1994
-0.43513900627346636,-0.11816878665369986,-0.0957935969359804,HR,Hare Rock,San Miguel Island,Outside,1995
-0.42212645087743117,-0.15326467057563123,-0.056946419101711866,HR,Hare Rock,San Miguel Island,Outside,1996
-0.4150221634889486,-0.13983545484841764,-0.06721704029896566,HR,Hare Rock,San Miguel Island,Outside,1997
-0.40424204002456815,-0.13743309249011046,-0.08542675377575208,HR,Hare Rock,San Miguel Island,Outside,1998
-0.3958449770770936,-0.13252890479171467,-0.08371049054445436,HR,Hare Rock,San Miguel Island,Outside,1999
-0.43738844607286986,-0.11977173950735229,-0.094597089735192,HR,Hare Rock,San Miguel Island,Outside,2000
-0.41556808279069457,-0.08600449855873905,-0.1377550953773721,HR,Hare Rock,San Miguel Island,Outside,2001
-0.40490869839598903,-0.1458423862569253,-0.10284293268230785,HR,Hare Rock,San Miguel Island,Outside,2002
0.14922678835615305,0.028989210661737194,-0.12575374750956456,HR,Hare Rock,San Miguel Island,Inside,2003
0.10226803699754101,0.007207065391174074,-0.12415593082970684,HR,Hare Rock,San Miguel Island,Inside,2004
0.15020438378471945,0.046155071104880825,-0.1330148007391961,HR,Hare Rock,San Miguel Island,Inside,2005
0.1842003227694627,-0.023819222951933935,-0.10680336906885811,HR,Hare Rock,San Miguel Island,Inside,2006
0.15647625094901577,0.08277285816012277,-0.23105152197510406,HR,Hare Rock,San Miguel Island,Inside,2007
0.12035912733472934,-0.013779974697194079,-0.10838574360819171,HR,Hare Rock,San Miguel Island,Inside,2008
0.15644570939878655,0.03544227875691032,-0.13322742953925765,HR,Hare Rock,San Miguel Island,Inside,2009
0.15758332398168529,0.02125374731336858,-0.0885057923909842,HR,Hare Rock,San Miguel Island,Inside,2010
0.1555953763363741,0.05651704776884663,-0.1624503661544755,HR,Hare Rock,San Miguel Island,Inside,2011
0.10165457978301695,-0.03319780366074878,-0.09269489377306091,HR,Hare Rock,San Miguel Island,Inside,2012
0.16121743599681318,0.008641688448688827,-0.09833777457437189,HR,Hare Rock,San Miguel Island,Inside,2013
0.1483050321232951,0.053687835857976575,-0.1220488831046393,HR,Hare Rock,San Miguel Island,Inside,2014
0.16420572130254213,0.010966934683146435,-0.03989246568674225,HR,Hare Rock,San Miguel Island,Inside,2015
0.1267356205282708,0.15622549442397024,-0.04877956066155669,HR,Hare Rock,San Miguel Island,Inside,2016
0.07238897788619485,0.21595417611254605,0.04228011038531543,HR,Hare Rock,San Miguel Island,Inside,2017
0.1272210772393928,0.138807354052911,-0.07557599362123421,HR,Hare Rock,San Miguel Island,Inside,2018
0.13029124696417757,0.10072026324790802,-0.08611293590721289,HR,Hare Rock,San Miguel Island,Inside,2019
-0.25270011433931255,-0.12626861870415435,-0.06217694724731172,JLNO,Johnson's Lee North,Santa Rosa Island,Outside,1982
-0.3811257642417496,-0.16506035746583672,-0.08725178635766863,JLNO,Johnson's Lee North,Santa Rosa Island,Outside,1983
-0.40468007076089246,0.007471380314691329,0.07286671958437499,JLNO,Johnson's Lee North,Santa Rosa Island,Outside,1984
-0.3298553191153722,-0.014964481508789065,0.13212531865836766,JLNO,Johnson's Lee North,Santa Rosa Island,Outside,1985
-0.4054572462397406,-0.023343822414194068,0.14527388168153468,JLNO,Johnson's Lee North,Santa Rosa Island,Outside,1986
-0.4385494191261812,0.0492324192128367,0.11662049715756087,JLNO,Johnson's Lee North,Santa Rosa Island,Outside,1987
-0.40382133804856946,-0.10880056508385152,-0.12703490127100162,JLNO,Johnson's Lee North,Santa Rosa Island,Outside,1988
-0.4011101331174213,-0.09382794987096284,-0.1776311132647053,JLNO,Johnson's Lee North,Santa Rosa Island,Outside,1989
-0.3925315614906556,-0.12298160586469786,-0.16717555973209247,JLNO,Johnson's Lee North,Santa Rosa Island,Outside,1990
-0.3694532258635715,-0.1248652827898461,-0.19230159627431773,JLNO,Johnson's Lee North,Santa Rosa Island,Outside,1991
-0.3763316881381736,-0.13004918521037542,-0.1686088915857364,JLNO,Johnson's Lee North,Santa Rosa Island,Outside,1992
-0.31945904601562475,-0.16778840216731145,-0.14099690129048137,JLNO,Johnson's Lee North,Santa Rosa Island,Outside,1993
-0.355251689045407,-0.025009474731081123,-0.050456816713117865,JLNO,Johnson's Lee North,Santa Rosa Island,Outside,1994
-0.3484359491300885,-0.09404613883429229,-0.23075117602171838,JLNO,Johnson's Lee North,Santa Rosa Island,Outside,1995
-0.31849491646574524,-0.12480040243396162,-0.20681697188745893,JLNO,Johnson's Lee North,Santa Rosa Island,Outside,1996
-0.3112946762761463,-0.1192768719863245,-0.20777482880759157,JLNO,Johnson's Lee North,Santa Rosa Island,Outside,1997
-0.30004287107361644,-0.023992779361927622,5.424786214729034e-4,JLNO,Johnson's Lee North,Santa Rosa Island,Outside,1998
-0.3923223948320361,0.010434174122592859,-0.007271059188075534,JLNO,Johnson's Lee North,Santa Rosa Island,Outside,1999
-0.3638368992812703,-0.11955869376087429,-0.08807952113904341,JLNO,Johnson's Lee North,Santa Rosa Island,Outside,2000
-0.31864987930768546,-0.12922611279499996,-0.19516641040781788,JLNO,Johnson's Lee North,Santa Rosa Island,Outside,2001
-0.3355842022374179,-0.1121358757470147,-0.2040598473095097,JLNO,Johnson's Lee North,Santa Rosa Island,Outside,2002
0.13560782635413898,0.0896954269655486,-0.19179275478821955,JLNO,Johnson's Lee North,Santa Rosa Island,Outside,2003
0.14834506366368053,0.03995141677857867,-0.21011258347158912,JLNO,Johnson's Lee North,Santa Rosa Island,Outside,2004
0.14633757887877008,0.05419529078501641,-0.2033270049300429,JLNO,Johnson's Lee North,Santa Rosa Island,Outside,2005
0.16324182243091653,0.108487501449655,-0.23324125024251835,JLNO,Johnson's Lee North,Santa Rosa Island,Outside,2006
0.18041507678187832,-0.029212587983957965,-0.1319972762754038,JLNO,Johnson's Lee North,Santa Rosa Island,Outside,2007
0.161953616165287,0.036715230859300535,-0.19277556263419013,JLNO,Johnson's Lee North,Santa Rosa Island,Outside,2008
0.1657596823719813,0.03869607003605183,-0.1640282469378769,JLNO,Johnson's Lee North,Santa Rosa Island,Outside,2009
0.1800967083005346,0.003061183718455721,-0.14656290013312287,JLNO,Johnson's Lee North,Santa Rosa Island,Outside,2010
0.1757167076971925,-0.008770131308265467,-0.13293385885556588,JLNO,Johnson's Lee North,Santa Rosa Island,Outside,2011
0.18494320856514881,0.016755697142105477,-0.10919964739227081,JLNO,Johnson's Lee North,Santa Rosa Island,Outside,2012
0.17987724056636575,-0.006780425227153618,-0.1327320019474752,JLNO,Johnson's Lee North,Santa Rosa Island,Outside,2013
0.1335781941579377,0.06895248254042396,0.05907903981642072,JLNO,Johnson's Lee North,Santa Rosa Island,Outside,2014
0.12222493201296325,0.14535089922493985,0.016615624841498054,JLNO,Johnson's Lee North,Santa Rosa Island,Outside,2015
0.06458753764156443,0.058235544790295614,-0.031031424488894704,JLNO,Johnson's Lee North,Santa Rosa Island,Outside,2016
0.07950258018271904,0.25023353506802226,0.1964246962876959,JLNO,Johnson's Lee North,Santa Rosa Island,Outside,2017
0.10121634153636354,0.1786774574533057,0.18100451189465758,JLNO,Johnson's Lee North,Santa Rosa Island,Outside,2018
0.11112267019085306,0.2016343081019221,0.12027317128003778,JLNO,Johnson's Lee North,Santa Rosa Island,Outside,2019
-0.24114946907586196,-0.10454925868153424,-0.07953977325199929,JLSO,Johnson's Lee South,Santa Rosa Island,Outside,1982
-0.3692585472968185,0.034319025880514865,-0.02274083695202455,JLSO,Johnson's Lee South,Santa Rosa Island,Outside,1983
-0.4194372661741582,0.051308109658179266,0.024348845154176665,JLSO,Johnson's Lee South,Santa Rosa Island,Outside,1984
-0.3822043417468978,0.015274357113183541,-0.0014105258398978333,JLSO,Johnson's Lee South,Santa Rosa Island,Outside,1985
-0.3516698575357564,0.030181417944193153,0.07414898198763004,JLSO,Johnson's Lee South,Santa Rosa Island,Outside,1986
-0.4300328014326503,-0.05960204293973218,-0.1358898489813684,JLSO,Johnson's Lee South,Santa Rosa Island,Outside,1987
-0.40202180358637896,-0.15508958654466762,-0.10126468807117542,JLSO,Johnson's Lee South,Santa Rosa Island,Outside,1988
-0.4422082463925718,0.010402480736805362,-0.0019564752068467117,JLSO,Johnson's Lee South,Santa Rosa Island,Outside,1989
-0.3985783058797543,-0.087904857824225,-0.1984830758549282,JLSO,Johnson's Lee South,Santa Rosa Island,Outside,1990
-0.381773565600613,-0.10479543910395206,-0.21005008032479167,JLSO,Johnson's Lee South,Santa Rosa Island,Outside,1991
-0.34651991504575125,-0.08871814991486822,-0.22861542784778496,JLSO,Johnson's Lee South,Santa Rosa Island,Outside,1992
-0.36570548693663185,-0.07727853451534974,-0.24812459096246114,JLSO,Johnson's Lee South,Santa Rosa Island,Outside,1993
-0.3823909925138251,-0.08273394857384657,-0.24360668293293913,JLSO,Johnson's Lee South,Santa Rosa Island,Outside,1994
-0.381887409037355,-0.10171563998774781,-0.21740344217848634,JLSO,Johnson's Lee South,Santa Rosa Island,Outside,1995
-0.2873132573485148,-0.10671800394745494,-0.2322356890171882,JLSO,Johnson's Lee South,Santa Rosa Island,Outside,1996
-0.31554439307568133,-0.06555357739952125,-0.24641597791541792,JLSO,Johnson's Lee South,Santa Rosa Island,Outside,1997
-0.31449735001711293,-0.08261048242219346,-0.22009084430478545,JLSO,Johnson's Lee South,Santa Rosa Island,Outside,1998
-0.2903245399194546,-0.07792743066752146,-0.2518224975007534,JLSO,Johnson's Lee South,Santa Rosa Island,Outside,1999
-0.3548457890046605,0.020513906750260158,-0.06119603582945955,JLSO,Johnson's Lee South,Santa Rosa Island,Outside,2000
-0.39156358087060966,-0.11003378856831102,-0.12671208901513561,JLSO,Johnson's Lee South,Santa Rosa Island,Outside,2001
-0.29034672405368755,-0.049259702457860946,-0.2778974494867362,JLSO,Johnson's Lee South,Santa Rosa Island,Outside,2002
0.1379073524896388,0.13029610467622466,-0.31335371785748173,JLSO,Johnson's Lee South,Santa Rosa Island,Outside,2003
0.16097863570412776,0.0555300150770838,-0.19604525131110007,JLSO,Johnson's Lee South,Santa Rosa Island,Outside,2004
0.16538951062735602,0.14321258577538276,-0.297587730920002,JLSO,Johnson's Lee South,Santa Rosa Island,Outside,2005
0.1680560809206044,0.11541183115165948,-0.2783178664430457,JLSO,Johnson's Lee South,Santa Rosa Island,Outside,2006
0.16115386170623097,0.14661923286017747,-0.2882100046681706,JLSO,Johnson's Lee South,Santa Rosa Island,Outside,2007
0.1640301264056917,0.14760775431793627,-0.3185656259113067,JLSO,Johnson's Lee South,Santa Rosa Island,Outside,2008
0.15651387769688677,0.13490349206639343,-0.2882516869499079,JLSO,Johnson's Lee South,Santa Rosa Island,Outside,2009
0.16607363361767197,0.1329400350732719,-0.2935830515084638,JLSO,Johnson's Lee South,Santa Rosa Island,Outside,2010
0.17408436983697562,0.022851910703564075,-0.16257304280116608,JLSO,Johnson's Lee South,Santa Rosa Island,Outside,2011
0.16077376954232211,0.14083389913938849,-0.2886393897570931,JLSO,Johnson's Lee South,Santa Rosa Island,Outside,2012
0.15970852056133333,0.1240144806534422,-0.2851309605418892,JLSO,Johnson's Lee South,Santa Rosa Island,Outside,2013
0.16283351093093626,0.1394342533958452,-0.3064231760558299,JLSO,Johnson's Lee South,Santa Rosa Island,Outside,2014
0.17241190065574397,0.14715694377100833,-0.23607948658354225,JLSO,Johnson's Lee South,Santa Rosa Island,Outside,2015
0.15922940819983325,0.07686762348068658,-0.12948049574623932,JLSO,Johnson's Lee South,Santa Rosa Island,Outside,2016
0.09801399658863108,0.2790778164799776,0.05588255539573154,JLSO,Johnson's Lee South,Santa Rosa Island,Outside,2017
0.11563502009546535,0.26554711503676476,0.1215485855146822,JLSO,Johnson's Lee South,Santa Rosa Island,Outside,2018
0.12401044558688912,0.2260927126841302,0.044650140794995456,JLSO,Johnson's Lee South,Santa Rosa Island,Outside,2019
-0.3981695566603986,-0.006067498326855487,0.08736458309959164,RR,Rodes Reef,Santa Rosa Island,Outside,1983
-0.40512954677527446,0.05482117361866724,0.018749030641921287,RR,Rodes Reef,Santa Rosa Island,Outside,1984
-0.39307537111856367,0.04761729493683113,0.0031903824026589087,RR,Rodes Reef,Santa Rosa Island,Outside,1985
-0.41492702044852425,0.06110578249443078,0.056695705931945596,RR,Rodes Reef,Santa Rosa Island,Outside,1986
-0.43679599042908734,0.0850010369792762,0.05967266500095998,RR,Rodes Reef,Santa Rosa Island,Outside,1987
-0.3937679043019719,-0.11478332466154847,-0.10103051636286031,RR,Rodes Reef,Santa Rosa Island,Outside,1988
-0.4129103560499172,-0.05223215929111924,-0.15761618479807077,RR,Rodes Reef,Santa Rosa Island,Outside,1989
-0.3532698595562982,-0.07836066673322145,-0.16767767847798956,RR,Rodes Reef,Santa Rosa Island,Outside,1990
-0.3951323457436996,-0.09125771475768862,-0.11725454615115528,RR,Rodes Reef,Santa Rosa Island,Outside,1991
-0.3914302128731946,-0.02500264726786687,-0.22384881413914606,RR,Rodes Reef,Santa Rosa Island,Outside,1992
-0.37440291828625033,-0.03851035881321159,-0.19894844525217545,RR,Rodes Reef,Santa Rosa Island,Outside,1993
-0.4233284667109044,0.07407915733022107,-0.02238013766276571,RR,Rodes Reef,Santa Rosa Island,Outside,1994
-0.41646869269262515,0.07791116004067981,-0.006635917460743522,RR,Rodes Reef,Santa Rosa Island,Outside,1995
-0.3546647296065225,-0.024509626572899307,-0.21282167969458513,RR,Rodes Reef,Santa Rosa Island,Outside,1996
-0.3549266646200885,-0.01456298736259227,0.04506037195372466,RR,Rodes Reef,Santa Rosa Island,Outside,1997
-0.39156660089790146,0.050468234224969974,0.01224240245271977,RR,Rodes Reef,Santa Rosa Island,Outside,1998
-0.42397115943451197,0.08745756086094843,0.058905414221466654,RR,Rodes Reef,Santa Rosa Island,Outside,1999
-0.4381386496062881,0.006459254747312232,0.1277390025720665,RR,Rodes Reef,Santa Rosa Island,Outside,2000
-0.4222760123344929,-0.020584791989169574,-0.14198414801828546,RR,Rodes Reef,Santa Rosa Island,Outside,2001
-0.4211383042927903,-0.05462625264583451,-0.1303987624091959,RR,Rodes Reef,Santa Rosa Island,Outside,2002
0.05596491590688455,0.1722970459523266,-0.21628882230378116,RR,Rodes Reef,Santa Rosa Island,Outside,2003
0.11317358638866858,0.21123073183018623,-0.20561113239429726,RR,Rodes Reef,Santa Rosa Island,Outside,2004
0.13079577219486427,0.20081608593021325,-0.21358902365210403,RR,Rodes Reef,Santa Rosa Island,Outside,2005
0.13911916127972687,0.2111865989664255,-0.23649577257473164,RR,Rodes Reef,Santa Rosa Island,Outside,2006
0.10730509261260288,0.3055818885546228,-0.07485448749616191,RR,Rodes Reef,Santa Rosa Island,Outside,2007
0.16075719794581667,0.11784111713734118,-0.20430772511718331,RR,Rodes Reef,Santa Rosa Island,Outside,2008
0.14443598441851768,0.14936520610095197,-0.18890626630563465,RR,Rodes Reef,Santa Rosa Island,Outside,2009
0.08577440081198674,0.3621005661362753,0.03750304397600879,RR,Rodes Reef,Santa Rosa Island,Outside,2010
0.1322229057385004,0.18730606316529055,-0.11022313528046414,RR,Rodes Reef,Santa Rosa Island,Outside,2011
0.0453192363192163,0.14563274323521075,-0.15407897626479414,RR,Rodes Reef,Santa Rosa Island,Outside,2012
0.12598181115388926,0.22160595594854698,-0.18129896204313317,RR,Rodes Reef,Santa Rosa Island,Outside,2013
0.08284750838538546,0.3422253703923276,0.04068479975708747,RR,Rodes Reef,Santa Rosa Island,Outside,2014
0.05973544419347454,0.3524085106933519,0.10191874794419757,RR,Rodes Reef,Santa Rosa Island,Outside,2015
0.05406826601436564,0.35962078536471237,0.12429472887833819,RR,Rodes Reef,Santa Rosa Island,Outside,2016
0.0753070434521992,0.3874484941275586,0.11525409036559416,RR,Rodes Reef,Santa Rosa Island,Outside,2017
0.06674990544112304,0.392391938644547,0.16186875665614847,RR,Rodes Reef,Santa Rosa Island,Outside,2018
0.0455127721108453,0.3881960117029641,0.12447667473920072,RR,Rodes Reef,Santa Rosa Island,Outside,2019
-0.28504477424470753,-0.11824242064184827,-0.05074910537772728,GI,Gull Island South,Santa Cruz Island,Outside,1982
-0.3556525060528437,-0.0654320242828231,-0.11544646510533545,GI,Gull Island South,Santa Cruz Island,Outside,1983
-0.3864338214737619,-0.12328439936597489,-0.08258619783147457,GI,Gull Island South,Santa Cruz Island,Outside,1984
-0.2608011906103667,3.5749409038267447e-4,0.05450014827142584,GI,Gull Island South,Santa Cruz Island,Outside,1985
-0.3810856262389271,0.025651787441229208,0.10117281993489924,GI,Gull Island South,Santa Cruz Island,Outside,1986
-0.3044992134292053,0.017297806952368502,0.09134404081847847,GI,Gull Island South,Santa Cruz Island,Outside,1987
-0.44548901009610037,0.024312730152780418,0.07190656318412401,GI,Gull Island South,Santa Cruz Island,Outside,1988
-0.4302769811441334,0.012868095358961634,0.07932892921314935,GI,Gull Island South,Santa Cruz Island,Outside,1989
-0.4360714781137448,0.02978509605706562,0.07766634897439477,GI,Gull Island South,Santa Cruz Island,Outside,1990
-0.4378223164164699,-1.679620361986615e-4,0.05020266955424148,GI,Gull Island South,Santa Cruz Island,Outside,1991
-0.4360794806043405,-0.08489750494217022,-0.12463580111761388,GI,Gull Island South,Santa Cruz Island,Outside,1992
-0.4512946722527616,0.006889778564801329,0.03389426045202613,GI,Gull Island South,Santa Cruz Island,Outside,1993
-0.423198176345578,-0.07182744102463205,-0.12238975924483715,GI,Gull Island South,Santa Cruz Island,Outside,1994
-0.41895722167136074,0.024499901855381208,0.04525926547605002,GI,Gull Island South,Santa Cruz Island,Outside,1995
-0.4284149806661028,-0.06260190907871761,-0.08303715324463685,GI,Gull Island South,Santa Cruz Island,Outside,1996
-0.4463093871032278,-3.033036525137896e-4,0.143440491613249,GI,Gull Island South,Santa Cruz Island,Outside,1997
-0.4454309867424492,0.032669808938357955,0.1001203106766663,GI,Gull Island South,Santa Cruz Island,Outside,1998
-0.4172021646922897,0.013808211590040899,0.0980148189942848,GI,Gull Island South,Santa Cruz Island,Outside,1999
-0.42882031884080163,-0.009185483918800164,0.16127315094712052,GI,Gull Island South,Santa Cruz Island,Outside,2000
-0.45789851719208696,-0.03228184504603507,0.10631071757095166,GI,Gull Island South,Santa Cruz Island,Outside,2001
-0.3457727972187379,-0.1478713181211661,-0.0932997137721551,GI,Gull Island South,Santa Cruz Island,Outside,2002
0.13496305842344547,0.04955699706691529,-0.11731114410966202,GI,Gull Island South,Santa Cruz Island,Inside,2003
0.12415104294012534,0.07648920193400865,-0.17526061317070246,GI,Gull Island South,Santa Cruz Island,Inside,2004
0.14252166437543162,0.053136721370118635,-0.16734382456028124,GI,Gull Island South,Santa Cruz Island,Inside,2005
0.14565001737878908,0.08945021309222796,-0.1517339730339965,GI,Gull Island South,Santa Cruz Island,Inside,2006
0.15807388949402884,0.01348275474749057,-0.12518660325044595,GI,Gull Island South,Santa Cruz Island,Inside,2007
0.14761881787895212,0.06683308133540328,-0.14794552823247661,GI,Gull Island South,Santa Cruz Island,Inside,2008
0.17226846732355058,0.01177316841026486,-0.14017951477060214,GI,Gull Island South,Santa Cruz Island,Inside,2009
0.18289525851795996,-0.01514983497958148,-0.07878869697696579,GI,Gull Island South,Santa Cruz Island,Inside,2010
0.17543786208524778,-0.020012089230348397,-0.09370837310157741,GI,Gull Island South,Santa Cruz Island,Inside,2011
0.18340118316526377,-0.03649186100885951,-0.0933594022537295,GI,Gull Island South,Santa Cruz Island,Inside,2012
0.16057908719991387,-0.020153834049178882,-0.045429075620629984,GI,Gull Island South,Santa Cruz Island,Inside,2013
0.12322540333986097,0.1104944931026994,0.05317213704988077,GI,Gull Island South,Santa Cruz Island,Inside,2014
0.1860935963187638,-0.05908973780756248,0.13422854102815354,GI,Gull Island South,Santa Cruz Island,Inside,2015
0.21775803794875756,-0.09220979278753542,-0.005580883585292197,GI,Gull Island South,Santa Cruz Island,Inside,2016
0.22346883951144048,-0.13822510177642738,-8.071527527749295e-4,GI,Gull Island South,Santa Cruz Island,Inside,2017
0.22526601970488927,-0.1821743184956455,0.029873085408167705,GI,Gull Island South,Santa Cruz Island,Inside,2018
0.1776983199114196,-0.06302092431465407,-0.026520970087994616,GI,Gull Island South,Santa Cruz Island,Inside,2019
-0.2788487320034491,-0.10041115962589944,-0.027854481311249724,FH,Fry's Harbor,Santa Cruz Island,Outside,1982
-0.2856150980484854,-0.03852243229817299,-0.06884206243626234,FH,Fry's Harbor,Santa Cruz Island,Outside,1983
-0.30042884978091094,-0.031236687886111305,-0.07108590570767387,FH,Fry's Harbor,Santa Cruz Island,Outside,1984
-0.3751069707072907,2.231155057395905e-4,0.14864223432213292,FH,Fry's Harbor,Santa Cruz Island,Outside,1985
-0.40828275752640164,-0.002475740570082705,0.10717804852279951,FH,Fry's Harbor,Santa Cruz Island,Outside,1986
-0.39162612725822,0.03864778289252823,0.10207253962122262,FH,Fry's Harbor,Santa Cruz Island,Outside,1987
-0.4063705625919432,0.028894678744285182,0.09015252356245623,FH,Fry's Harbor,Santa Cruz Island,Outside,1988
-0.37180314670571357,0.04605371917186675,0.09360952514426298,FH,Fry's Harbor,Santa Cruz Island,Outside,1989
-0.4223992387273367,0.02409294165440943,0.08267410646621931,FH,Fry's Harbor,Santa Cruz Island,Outside,1990
-0.43496092055726326,0.04198563025717156,0.07026623008989016,FH,Fry's Harbor,Santa Cruz Island,Outside,1991
-0.412105307555465,0.03546268531527698,0.06952948832142636,FH,Fry's Harbor,Santa Cruz Island,Outside,1992
-0.35611766473796946,0.0019490967691772401,0.1204805276073952,FH,Fry's Harbor,Santa Cruz Island,Outside,1993
-0.42895430265346224,0.03340755519628575,0.07357377388921002,FH,Fry's Harbor,Santa Cruz Island,Outside,1994
-0.41232190528698504,0.09469163834734179,0.11736433729508436,FH,Fry's Harbor,Santa Cruz Island,Outside,1995
-0.44039419941198193,0.06211206158106102,0.11062299261173006,FH,Fry's Harbor,Santa Cruz Island,Outside,1996
-0.39236930517581653,0.08836969822079638,0.15164256857139727,FH,Fry's Harbor,Santa Cruz Island,Outside,1997
-0.44390955368640767,0.011523717467806095,0.13371904018188904,FH,Fry's Harbor,Santa Cruz Island,Outside,1998
-0.42963468784613656,0.07797991043292427,0.11413701826430946,FH,Fry's Harbor,Santa Cruz Island,Outside,1999
-0.43429936485257425,0.05442261384708335,0.13336721114765832,FH,Fry's Harbor,Santa Cruz Island,Outside,2000
-0.4196654241121645,0.08240247861151266,0.10500028799112221,FH,Fry's Harbor,Santa Cruz Island,Outside,2001
-0.445849859700377,0.0049599099566002254,0.12147515742982319,FH,Fry's Harbor,Santa Cruz Island,Outside,2002
0.06969180950658833,0.17869547154031906,0.17088717634094988,FH,Fry's Harbor,Santa Cruz Island,Outside,2003
0.134031704149883,0.1807836208616308,-0.10285571754886037,FH,Fry's Harbor,Santa Cruz Island,Outside,2004
0.14911874013591664,0.10424218458664437,-0.10872496736085724,FH,Fry's Harbor,Santa Cruz Island,Outside,2005
0.1606451044806406,0.2055669297725467,-0.13672902454904173,FH,Fry's Harbor,Santa Cruz Island,Outside,2006
0.1820023708364562,0.1266700342358446,-0.06722862835604929,FH,Fry's Harbor,Santa Cruz Island,Outside,2007
0.15823632734828058,0.17699014947938058,-0.16526722035388902,FH,Fry's Harbor,Santa Cruz Island,Outside,2008
0.1631681784345317,0.16949845111454695,-0.13501739143007926,FH,Fry's Harbor,Santa Cruz Island,Outside,2009
0.16043480984372085,0.14453690765604796,-0.1245726447145049,FH,Fry's Harbor,Santa Cruz Island,Outside,2010
0.16674553118513571,0.15611602951134199,-0.12563911125231406,FH,Fry's Harbor,Santa Cruz Island,Outside,2011
0.1532643846085018,0.1881631975245974,-0.1758457564962485,FH,Fry's Harbor,Santa Cruz Island,Outside,2012
0.15269016309805208,0.19937062788073887,-0.13539559416500474,FH,Fry's Harbor,Santa Cruz Island,Outside,2013
0.15950380288586088,0.24703356936922116,-0.12511687191402177,FH,Fry's Harbor,Santa Cruz Island,Outside,2014
0.14165924864920665,0.265395271139822,-0.055874108794132085,FH,Fry's Harbor,Santa Cruz Island,Outside,2015
0.1359735504220994,0.24898259077517187,-0.03131901385489488,FH,Fry's Harbor,Santa Cruz Island,Outside,2016
0.07781294837542047,0.28994176250710973,0.237836745624573,FH,Fry's Harbor,Santa Cruz Island,Outside,2017
0.06802647097778547,0.3706517036778254,0.18951148378392002,FH,Fry's Harbor,Santa Cruz Island,Outside,2018
0.10236771896052224,0.31603287015473236,0.14018706718503068,FH,Fry's Harbor,Santa Cruz Island,Outside,2019
-0.03858185920325583,-0.1098759840309711,-0.031129983028949038,PB,Pelican Bay,Santa Cruz Island,Outside,1982
-0.18526690441819366,-0.03730516281247977,-0.07634982541996398,PB,Pelican Bay,Santa Cruz Island,Outside,1983
-0.1762675877172673,-0.0676000169789304,-0.07553523054784061,PB,Pelican Bay,Santa Cruz Island,Outside,1984
-0.2495093245048012,0.04431225282734086,0.10838713349615989,PB,Pelican Bay,Santa Cruz Island,Outside,1985
-0.2713766762519128,0.06232723069567652,0.10486688828958865,PB,Pelican Bay,Santa Cruz Island,Outside,1986
-0.3403315389921499,0.023042067912059726,0.05877708619838804,PB,Pelican Bay,Santa Cruz Island,Outside,1987
-0.36130710838953645,0.04947929021047173,0.12308232450069125,PB,Pelican Bay,Santa Cruz Island,Outside,1988
-0.34472981145507453,0.03858085026828135,0.09752539218632116,PB,Pelican Bay,Santa Cruz Island,Outside,1989
-0.3832627357846471,0.059262046029614976,0.09840479897427673,PB,Pelican Bay,Santa Cruz Island,Outside,1990
-0.3452759935923526,-0.03781719038977405,-0.08467399676704762,PB,Pelican Bay,Santa Cruz Island,Outside,1991
-0.3452839222492472,0.054507645761735106,0.07014065423357548,PB,Pelican Bay,Santa Cruz Island,Outside,1992
-0.2987537917709307,0.03959614367297689,0.03424289916361011,PB,Pelican Bay,Santa Cruz Island,Outside,1993
-0.3079312545439149,0.01968081487641114,0.09255606632988284,PB,Pelican Bay,Santa Cruz Island,Outside,1994
-0.3905355403243842,0.07282448743144064,0.1215032314639344,PB,Pelican Bay,Santa Cruz Island,Outside,1995
-0.3585919774550782,0.04774899179992368,0.1711247872379993,PB,Pelican Bay,Santa Cruz Island,Outside,1996
-0.3971285650714289,0.06826952532738981,0.1319670456187342,PB,Pelican Bay,Santa Cruz Island,Outside,1997
-0.34104814694569496,-0.018629802045186664,-0.040850570457150286,PB,Pelican Bay,Santa Cruz Island,Outside,1998
-0.4196771569931011,0.08258502425621586,0.1098851374337954,PB,Pelican Bay,Santa Cruz Island,Outside,1999
-0.419448404529862,0.0606424263637079,0.11814242125244966,PB,Pelican Bay,Santa Cruz Island,Outside,2000
-0.3521578182051125,0.09267855887577826,0.12400301211311927,PB,Pelican Bay,Santa Cruz Island,Outside,2001
-0.4151902655196142,0.05995893068510771,0.16411751379953884,PB,Pelican Bay,Santa Cruz Island,Outside,2002
0.06125051699145127,0.23482962113711606,0.2340242831225883,PB,Pelican Bay,Santa Cruz Island,Outside,2003
0.05264512174342167,0.34286472790836314,0.18875602656210594,PB,Pelican Bay,Santa Cruz Island,Outside,2004
0.06547743519958985,0.37642571770508865,0.16524282762916612,PB,Pelican Bay,Santa Cruz Island,Outside,2005
0.10160955682590665,0.31473685791910705,0.14180595553959677,PB,Pelican Bay,Santa Cruz Island,Outside,2006
0.10590948870657431,0.2645492201116025,0.14366503468484307,PB,Pelican Bay,Santa Cruz Island,Outside,2007
0.10417377206542344,0.31142349800585745,0.10242700210387978,PB,Pelican Bay,Santa Cruz Island,Outside,2008
0.16808743708309568,0.08984507038323168,-0.038246899600031484,PB,Pelican Bay,Santa Cruz Island,Outside,2009
0.15661541370145046,0.1145746537162998,-0.018780147968455486,PB,Pelican Bay,Santa Cruz Island,Outside,2010
0.10004884350360968,0.30241963532937716,0.19221265831563658,PB,Pelican Bay,Santa Cruz Island,Outside,2011
0.10032790710099976,0.28888819045705455,0.19191753779399243,PB,Pelican Bay,Santa Cruz Island,Outside,2012
0.08302060313719772,0.37527671840029464,0.1412583991139449,PB,Pelican Bay,Santa Cruz Island,Outside,2013
0.09160532799590365,0.3748962821118052,0.12786877130339924,PB,Pelican Bay,Santa Cruz Island,Outside,2014
0.08702733498783337,0.36589984286238314,0.1262892149838918,PB,Pelican Bay,Santa Cruz Island,Outside,2015
0.06538375414260028,0.2750517604887631,0.07867326207637665,PB,Pelican Bay,Santa Cruz Island,Outside,2016
0.08704458966812118,0.33466644906634374,0.14645319970040904,PB,Pelican Bay,Santa Cruz Island,Outside,2017
0.03519542854373779,0.3309057862508602,0.161130712409892,PB,Pelican Bay,Santa Cruz Island,Outside,2018
0.08994062158628349,0.32004598457004896,0.14252103027178312,PB,Pelican Bay,Santa Cruz Island,Outside,2019
-0.05837134407721419,-0.13400972755051271,-0.03621570256093576,SA,Scorpion Anchorage,Santa Cruz Island,Outside,1982
-0.22297792171179884,-0.161359786823036,-0.049942929466570966,SA,Scorpion Anchorage,Santa Cruz Island,Outside,1983
-0.1803283613837261,-0.14823178985405505,-0.024307092540475365,SA,Scorpion Anchorage,Santa Cruz Island,Outside,1984
-0.16833595644395266,-0.13509017028314646,-0.024050031588133583,SA,Scorpion Anchorage,Santa Cruz Island,Outside,1985
-0.2714742540683118,-0.04281526079333553,0.14294633759061115,SA,Scorpion Anchorage,Santa Cruz Island,Outside,1986
-0.3449003504082258,-0.12620310964080256,0.02090884914131685,SA,Scorpion Anchorage,Santa Cruz Island,Outside,1987
-0.3041696188312367,-0.13343536446765952,0.019616985976034746,SA,Scorpion Anchorage,Santa Cruz Island,Outside,1988
-0.3622588115516689,-0.14948937259688974,-0.00337508815639129,SA,Scorpion Anchorage,Santa Cruz Island,Outside,1989
-0.35824844917984233,-0.13407543530282545,0.021789183597480544,SA,Scorpion Anchorage,Santa Cruz Island,Outside,1990
-0.402788173681118,-0.02592497131452128,0.17339411497414497,SA,Scorpion Anchorage,Santa Cruz Island,Outside,1991
-0.4215495227194866,-0.07467119894587013,0.11074354904979943,SA,Scorpion Anchorage,Santa Cruz Island,Outside,1992
-0.3437813281014139,-0.01816758871331831,0.192391877386369,SA,Scorpion Anchorage,Santa Cruz Island,Outside,1993
-0.21680003465047215,-0.024559146187807683,0.19239706371152035,SA,Scorpion Anchorage,Santa Cruz Island,Outside,1994
-0.20753668518197543,-0.04601207864129401,0.1952057827027351,SA,Scorpion Anchorage,Santa Cruz Island,Outside,1995
-0.3859974722871355,-0.045707610221681336,0.12399006295823654,SA,Scorpion Anchorage,Santa Cruz Island,Outside,1996
-0.34432175270148013,-0.1467853551386715,-0.0037159700632206534,SA,Scorpion Anchorage,Santa Cruz Island,Outside,1997
-0.31971669631483396,-0.12139848166246947,-0.006623764517141573,SA,Scorpion Anchorage,Santa Cruz Island,Outside,1998
-0.26624425264904644,-0.10750221964335681,0.03279306224819412,SA,Scorpion Anchorage,Santa Cruz Island,Outside,1999
-0.3188915950865044,-0.006293496917080188,0.183595741528099,SA,Scorpion Anchorage,Santa Cruz Island,Outside,2000
-0.2586304000930541,-0.14098204572101872,0.014460316905260926,SA,Scorpion Anchorage,Santa Cruz Island,Outside,2001
-0.4515314222219891,-0.16155551874140212,-0.013525916160758518,SA,Scorpion Anchorage,Santa Cruz Island,Outside,2002
0.10515505917816231,0.08028434884682094,0.0536140618980408,SA,Scorpion Anchorage,Santa Cruz Island,Inside,2003
0.10681657181296325,0.08176608118013519,0.043798059089658635,SA,Scorpion Anchorage,Santa Cruz Island,Inside,2004
0.18210442358598328,0.008567385595618007,0.015709051329250094,SA,Scorpion Anchorage,Santa Cruz Island,Inside,2005
0.21217288614883703,-0.0794735989814758,0.06497590735490033,SA,Scorpion Anchorage,Santa Cruz Island,Inside,2006
0.18625889938092904,-0.06680036641340246,0.03343508101373825,SA,Scorpion Anchorage,Santa Cruz Island,Inside,2007
0.22264017662535807,-0.1198718203091963,0.06415730815904078,SA,Scorpion Anchorage,Santa Cruz Island,Inside,2008
0.18537251356529483,0.011507896282666666,0.027914097073568303,SA,Scorpion Anchorage,Santa Cruz Island,Inside,2009
0.21805522885647233,-0.11246437078118021,0.056828422776678156,SA,Scorpion Anchorage,Santa Cruz Island,Inside,2010
0.18421376926229122,-0.04380905852703206,0.039885382959999535,SA,Scorpion Anchorage,Santa Cruz Island,Inside,2011
0.18815368558964857,-0.07250822234838532,0.03290253050732628,SA,Scorpion Anchorage,Santa Cruz Island,Inside,2012
0.19018753917309106,-0.08436028004528892,0.040088095254475875,SA,Scorpion Anchorage,Santa Cruz Island,Inside,2013
0.23640312370717925,-0.19168595001409142,0.06376974835705541,SA,Scorpion Anchorage,Santa Cruz Island,Inside,2014
0.23531395108556558,-0.16381651901991093,0.0752688511833846,SA,Scorpion Anchorage,Santa Cruz Island,Inside,2015
0.2906865612493579,-0.3072862489857376,0.10500069345313602,SA,Scorpion Anchorage,Santa Cruz Island,Inside,2016
0.2861398604369226,-0.3076854549651682,0.10668769365032661,SA,Scorpion Anchorage,Santa Cruz Island,Inside,2017
0.25958840739605343,-0.2930017290419065,0.08806357705779648,SA,Scorpion Anchorage,Santa Cruz Island,Inside,2018
0.27458980390717724,-0.2862087042854831,0.08421854428302888,SA,Scorpion Anchorage,Santa Cruz Island,Inside,2019
-0.36117157439655867,-0.06423484778871791,-0.11169391890412116,YB,Yellow Banks,Santa Cruz Island,Outside,1986
-0.33905691085326645,-0.03556710774625031,-0.07356116521614665,YB,Yellow Banks,Santa Cruz Island,Outside,1987
-0.40381656907489316,0.006553546044897756,0.009877912969902508,YB,Yellow Banks,Santa Cruz Island,Outside,1988
-0.3440164094750926,-0.13226569617117262,-0.05945745743777782,YB,Yellow Banks,Santa Cruz Island,Outside,1989
-0.34053204174910584,0.011121615559245509,-0.028878307302489904,YB,Yellow Banks,Santa Cruz Island,Outside,1990
-0.3800319358624022,0.04161078193835717,0.021804194348651825,YB,Yellow Banks,Santa Cruz Island,Outside,1991
-0.3074519972379649,-0.0644126251887459,-0.19637690488238885,YB,Yellow Banks,Santa Cruz Island,Outside,1992
-0.27376450712851386,0.03602099265683345,-0.007842560728729537,YB,Yellow Banks,Santa Cruz Island,Outside,1993
-0.34787451355374743,0.03497556026949546,-0.00875283336628832,YB,Yellow Banks,Santa Cruz Island,Outside,1994
-0.3280483690605851,0.05626657099370404,0.0026470898994290348,YB,Yellow Banks,Santa Cruz Island,Outside,1995
-0.2665543900046708,-0.008723521854207165,-0.01154206719206543,YB,Yellow Banks,Santa Cruz Island,Outside,1996
-0.24110806418444228,-0.013423000916813563,-0.010894482793287988,YB,Yellow Banks,Santa Cruz Island,Outside,1997
-0.29137625985846144,0.06332388963127349,0.09993155656887232,YB,Yellow Banks,Santa Cruz Island,Outside,1998
-0.4199714329045269,0.08814497323544761,0.09918695058000981,YB,Yellow Banks,Santa Cruz Island,Outside,1999
-0.43878056320842485,0.05467446214275806,0.1328017291060046,YB,Yellow Banks,Santa Cruz Island,Outside,2000
-0.4297900782785707,0.06731554857530718,0.10412700866069952,YB,Yellow Banks,Santa Cruz Island,Outside,2001
-0.3973447056539851,0.06974760839872904,0.08326425752384023,YB,Yellow Banks,Santa Cruz Island,Outside,2002
0.08588111773089256,0.23080235544889746,0.011945856315498363,YB,Yellow Banks,Santa Cruz Island,Outside,2003
0.05853654457661945,0.28378186652004206,0.04317970299491485,YB,Yellow Banks,Santa Cruz Island,Outside,2004
0.15075022314842926,0.16460414979025534,-0.16246845257177003,YB,Yellow Banks,Santa Cruz Island,Outside,2005
0.0986602363882553,0.3105295007910884,-0.0030629913472283708,YB,Yellow Banks,Santa Cruz Island,Outside,2006
0.14701262862709472,0.1909104287865236,-0.1715876546502832,YB,Yellow Banks,Santa Cruz Island,Outside,2007
0.09682861329614514,0.33409409591164796,0.036064259302626404,YB,Yellow Banks,Santa Cruz Island,Outside,2008
0.1677995344689707,0.2065299208374409,-0.1661457335362304,YB,Yellow Banks,Santa Cruz Island,Outside,2009
0.15596770406512034,0.1934181636583769,-0.20541156675100777,YB,Yellow Banks,Santa Cruz Island,Outside,2010
0.09930457970825057,0.3359658476215861,0.07225780133753988,YB,Yellow Banks,Santa Cruz Island,Outside,2011
0.10270802262706938,0.2614377162219043,0.035480209293116516,YB,Yellow Banks,Santa Cruz Island,Outside,2012
0.0983000343553492,0.22991736917891883,0.031895423522517015,YB,Yellow Banks,Santa Cruz Island,Outside,2013
0.11713612773047238,0.23351948078123133,0.0034018604084974113,YB,Yellow Banks,Santa Cruz Island,Outside,2014
0.10683028982276352,0.254238121930009,0.1210119656074722,YB,Yellow Banks,Santa Cruz Island,Outside,2015
0.05869664166431872,0.251433777454371,0.1670133354752694,YB,Yellow Banks,Santa Cruz Island,Outside,2016
0.02288319429590563,0.3544871716887143,0.1810941871516325,YB,Yellow Banks,Santa Cruz Island,Outside,2017
0.0640584148872368,0.21704515988832065,0.20099619963823043,YB,Yellow Banks,Santa Cruz Island,Outside,2018
0.11410783477804053,0.24826249514479343,0.11302186175967986,YB,Yellow Banks,Santa Cruz Island,Outside,2019
-0.10241509592363782,-0.09430016627723227,0.0035110009837855003,AR,Admiral's Reef,Anacapa Island,Outside,1982
0.01270958600927415,-0.14182833882280274,0.009611286611550833,AR,Admiral's Reef,Anacapa Island,Outside,1983
-0.06519212908779388,-0.09506624576178785,-0.01716174768573766,AR,Admiral's Reef,Anacapa Island,Outside,1984
-0.1770235146077891,0.036142336662080714,0.09284658680511493,AR,Admiral's Reef,Anacapa Island,Outside,1985
-0.19599280203585084,-0.010899432073908876,0.09394276347037289,AR,Admiral's Reef,Anacapa Island,Outside,1986
-0.31081813162919875,0.03439131335452985,0.06591677316638593,AR,Admiral's Reef,Anacapa Island,Outside,1987
-0.17834664122662675,0.025848942126332826,0.05433433815875146,AR,Admiral's Reef,Anacapa Island,Outside,1988
-0.27830833240367586,-0.02127438093497867,0.12169976652844881,AR,Admiral's Reef,Anacapa Island,Outside,1989
-0.1315356937858926,-0.017430914981718327,0.08059540967258293,AR,Admiral's Reef,Anacapa Island,Outside,1990
-0.2361585821673364,-0.015436900755873511,0.06976451172703628,AR,Admiral's Reef,Anacapa Island,Outside,1991
-0.22432271453015062,0.005195130119513071,0.04483788909861996,AR,Admiral's Reef,Anacapa Island,Outside,1992
-0.10864411389007445,0.015578253722836803,0.04647717312311219,AR,Admiral's Reef,Anacapa Island,Outside,1993
-0.19331118470329317,0.01970718487641764,0.03676158798242258,AR,Admiral's Reef,Anacapa Island,Outside,1994
-0.22404561774126275,0.02682830203216154,0.10363907321467596,AR,Admiral's Reef,Anacapa Island,Outside,1995
-0.28577340543524943,-0.04581776076606925,0.1320568315512262,AR,Admiral's Reef,Anacapa Island,Outside,1996
-0.2781987756175638,-0.0020906502751074523,0.11025078145118206,AR,Admiral's Reef,Anacapa Island,Outside,1997
-0.3170423738767129,0.03223169541451541,0.15521303530079855,AR,Admiral's Reef,Anacapa Island,Outside,1998
-0.29648280406890226,0.020940814683258317,0.1108473113576242,AR,Admiral's Reef,Anacapa Island,Outside,1999
-0.3106890250803377,0.07030354149717666,0.1461543531818077,AR,Admiral's Reef,Anacapa Island,Outside,2000
-0.28667049123524807,0.08412639108352249,0.15783866540185706,AR,Admiral's Reef,Anacapa Island,Outside,2001
-0.2859332216720923,-0.025418783669336465,-0.025384362936209097,AR,Admiral's Reef,Anacapa Island,Outside,2002
0.1004826537981411,0.2436300722966568,0.1308169995189473,AR,Admiral's Reef,Anacapa Island,Outside,2003
0.11809430353937846,0.17169231253068085,0.16062068527730716,AR,Admiral's Reef,Anacapa Island,Outside,2004
0.20801856690388076,-0.01610659245494159,-0.0034887931448582305,AR,Admiral's Reef,Anacapa Island,Outside,2005
0.17426381671669194,0.14229562581353664,-0.05471017864164432,AR,Admiral's Reef,Anacapa Island,Outside,2006
0.18439292763553242,0.14463112868390676,-0.04478500515648267,AR,Admiral's Reef,Anacapa Island,Outside,2007
0.19897710914991734,0.06941008687407561,0.02363770457467867,AR,Admiral's Reef,Anacapa Island,Outside,2008
0.13364149540195489,0.28080253896014723,0.12288502629259573,AR,Admiral's Reef,Anacapa Island,Outside,2009
0.13358341429294368,0.1927065568613339,0.09210840468809776,AR,Admiral's Reef,Anacapa Island,Outside,2010
0.14024886528736827,0.14143181172387906,0.14428184822268034,AR,Admiral's Reef,Anacapa Island,Outside,2011
0.17215759616641663,0.16780912580319218,-0.043381758939356724,AR,Admiral's Reef,Anacapa Island,Outside,2012
0.16845451103522602,0.13740546784535929,-0.05142295028295587,AR,Admiral's Reef,Anacapa Island,Outside,2013
0.15319113172469145,0.1417366231202907,0.1611946125794644,AR,Admiral's Reef,Anacapa Island,Outside,2014
0.1800579628000781,0.015010447908712038,-0.0072796435985134295,AR,Admiral's Reef,Anacapa Island,Outside,2015
0.20184155907193513,-0.039369658100221416,0.001160849489149029,AR,Admiral's Reef,Anacapa Island,Outside,2016
0.2053452904643431,0.01565877121724251,-0.006374873476715237,AR,Admiral's Reef,Anacapa Island,Outside,2017
0.21359446861311499,-0.0021254862048203428,-0.006842773890868764,AR,Admiral's Reef,Anacapa Island,Outside,2018
0.2148261724655635,-0.03324644809881844,-0.024687663670949895,AR,Admiral's Reef,Anacapa Island,Outside,2019
0.04393400999637179,-0.13164600875449645,0.0027619463461682602,CC,Cathedral Cove,Anacapa Island,Inside,1982
0.11746762255911619,-0.22951506122816756,0.05849592037500491,CC,Cathedral Cove,Anacapa Island,Inside,1983
0.1383876787347807,-0.2327447926027265,0.06438692076837374,CC,Cathedral Cove,Anacapa Island,Inside,1984
0.06937867934863226,-0.16582906245977896,0.04341778011072665,CC,Cathedral Cove,Anacapa Island,Inside,1985
0.1332067568262036,-0.23689502886971478,0.08513057461008242,CC,Cathedral Cove,Anacapa Island,Inside,1986
0.058549974461346625,-0.23300502851153723,0.06766075267122434,CC,Cathedral Cove,Anacapa Island,Inside,1987
0.03810106064668516,-0.21394947549041063,0.05893542199975862,CC,Cathedral Cove,Anacapa Island,Inside,1988
0.03200306915209108,-0.17016874596170536,0.035952492941080945,CC,Cathedral Cove,Anacapa Island,Inside,1989
0.1038924233426242,-0.2071750369013832,0.033097534426776445,CC,Cathedral Cove,Anacapa Island,Inside,1990
0.23046735383454375,-0.30101331077596444,0.09066248214434995,CC,Cathedral Cove,Anacapa Island,Inside,1991
0.18066204100593564,-0.2736283915951349,0.08751345594992356,CC,Cathedral Cove,Anacapa Island,Inside,1992
0.2301062514076796,-0.30131643157929117,0.09447605065871996,CC,Cathedral Cove,Anacapa Island,Inside,1993
0.24386243030157143,-0.3056447773313999,0.09631018414981685,CC,Cathedral Cove,Anacapa Island,Inside,1994
0.19889645351689617,-0.27806130544295143,0.0797453310662424,CC,Cathedral Cove,Anacapa Island,Inside,1995
0.23592716910277428,-0.3164064120638124,0.08997043639111121,CC,Cathedral Cove,Anacapa Island,Inside,1996
0.2150376390572644,-0.29055365699605934,0.08396536004550509,CC,Cathedral Cove,Anacapa Island,Inside,1997
0.06935673168598794,-0.22121770414495512,0.06537530554322472,CC,Cathedral Cove,Anacapa Island,Inside,1998
0.22082657938445122,-0.28832788606629695,0.08314005429128989,CC,Cathedral Cove,Anacapa Island,Inside,1999
0.20554828730427577,-0.3179212321119917,0.0737526408216804,CC,Cathedral Cove,Anacapa Island,Inside,2000
0.20811710730758523,-0.308435699274227,0.0889751359749386,CC,Cathedral Cove,Anacapa Island,Inside,2001
0.06546908485760368,-0.16242921430704327,0.028976948374077976,CC,Cathedral Cove,Anacapa Island,Inside,2002
0.25645316164690196,-0.2516819604498107,0.0689383518559767,CC,Cathedral Cove,Anacapa Island,Inside,2003
0.2919623258229599,-0.3222880351162379,0.09325609746151702,CC,Cathedral Cove,Anacapa Island,Inside,2004
0.301868539841636,-0.34490976260646955,0.09268248949232907,CC,Cathedral Cove,Anacapa Island,Inside,2005
0.32898929234836577,-0.40426144789957774,0.12170168440065772,CC,Cathedral Cove,Anacapa Island,Inside,2006
0.32739221782228034,-0.4041927866081821,0.13007905186561003,CC,Cathedral Cove,Anacapa Island,Inside,2007
0.3130655844302695,-0.3752256435398064,0.11023151666950921,CC,Cathedral Cove,Anacapa Island,Inside,2008
0.3214135014529119,-0.38416663157265984,0.1188993853711544,CC,Cathedral Cove,Anacapa Island,Inside,2009
0.32117071037095746,-0.38449489516356583,0.10633065452158602,CC,Cathedral Cove,Anacapa Island,Inside,2010
0.31797512410805623,-0.3888599623261871,0.114603926426998,CC,Cathedral Cove,Anacapa Island,Inside,2011
0.3318102059299405,-0.41606150482982124,0.12786946236598903,CC,Cathedral Cove,Anacapa Island,Inside,2012
0.3227954373706086,-0.3943517941315838,0.1212763250465533,CC,Cathedral Cove,Anacapa Island,Inside,2013
0.3397363640125686,-0.42676456179849087,0.13092110939653856,CC,Cathedral Cove,Anacapa Island,Inside,2014
0.3281279002837883,-0.40407225232139793,0.1396001901003248,CC,Cathedral Cove,Anacapa Island,Inside,2015
0.313498672951861,-0.3807522033730435,0.13200832985800526,CC,Cathedral Cove,Anacapa Island,Inside,2016
0.319845156726154,-0.3892044428429293,0.13183707018541493,CC,Cathedral Cove,Anacapa Island,Inside,2017
0.31791715292654327,-0.382547271043277,0.13125444575758508,CC,Cathedral Cove,Anacapa Island,Inside,2018
0.32089578191550894,-0.39339968173838996,0.13616354635518552,CC,Cathedral Cove,Anacapa Island,Inside,2019
-0.019828598053912714,-0.13028530215917447,-0.013716009580785388,LC,Landing Cove,Anacapa Island,Inside,1982
0.1378500243722349,-0.21135204120661547,0.027248063660923978,LC,Landing Cove,Anacapa Island,Inside,1983
0.09850352286155704,-0.1683402974879919,-0.003055677638691096,LC,Landing Cove,Anacapa Island,Inside,1984
0.11221693483148791,-0.16075467169872157,0.010458895588876943,LC,Landing Cove,Anacapa Island,Inside,1985
0.20094065001315886,-0.28086799811434365,0.08724654778024518,LC,Landing Cove,Anacapa Island,Inside,1986
0.22556696019151629,-0.2912755357526131,0.09095390460462534,LC,Landing Cove,Anacapa Island,Inside,1987
0.17911263356172177,-0.24250499792685085,0.06690051136578358,LC,Landing Cove,Anacapa Island,Inside,1988
0.20851542669880177,-0.29740569114574844,0.08460891708579268,LC,Landing Cove,Anacapa Island,Inside,1989
0.16825470903949938,-0.2717685826651123,0.06296154708283541,LC,Landing Cove,Anacapa Island,Inside,1990
0.2357576215445325,-0.2908103979559888,0.0853805435985553,LC,Landing Cove,Anacapa Island,Inside,1991
0.16587586611068805,-0.18820497364076175,0.1693717654057257,LC,Landing Cove,Anacapa Island,Inside,1992
0.22796477612702198,-0.29346790108238024,0.09682614124000194,LC,Landing Cove,Anacapa Island,Inside,1993
0.2549003180256466,-0.3275753366933858,0.1054356784691242,LC,Landing Cove,Anacapa Island,Inside,1994
0.2370472002850668,-0.31452512756519185,0.09646079688861628,LC,Landing Cove,Anacapa Island,Inside,1995
0.18706083039027982,-0.2905559914966094,0.06454163073558251,LC,Landing Cove,Anacapa Island,Inside,1996
0.27084111444852105,-0.3678719874520139,0.12248423505438205,LC,Landing Cove,Anacapa Island,Inside,1997
0.1573280976682934,-0.2707295099291183,0.0580624163680296,LC,Landing Cove,Anacapa Island,Inside,1998
0.25804015107419925,-0.3572570765139472,0.10682768824764537,LC,Landing Cove,Anacapa Island,Inside,1999
0.27532658967112283,-0.36970103647356634,0.13027905706096762,LC,Landing Cove,Anacapa Island,Inside,2000
0.25230894478795945,-0.3274949870546813,0.11080674335666871,LC,Landing Cove,Anacapa Island,Inside,2001
0.2473339646443872,-0.3399622330747296,0.10806542269104474,LC,Landing Cove,Anacapa Island,Inside,2002
0.31679031381182804,-0.39960761987345045,0.13454718825563378,LC,Landing Cove,Anacapa Island,Inside,2003
0.30876005848003907,-0.3793226885442505,0.13173236638717487,LC,Landing Cove,Anacapa Island,Inside,2004
0.28501122689134034,-0.30302523954040295,0.08484889592043138,LC,Landing Cove,Anacapa Island,Inside,2005
0.32201812988923684,-0.398929479628411,0.1323275631239449,LC,Landing Cove,Anacapa Island,Inside,2006
0.32065043799520054,-0.39379477702734533,0.12901365062516404,LC,Landing Cove,Anacapa Island,Inside,2007
0.3224975022825965,-0.3949430036637958,0.1409128106138326,LC,Landing Cove,Anacapa Island,Inside,2008
0.3092883785243446,-0.3615378611367116,0.11864145524868533,LC,Landing Cove,Anacapa Island,Inside,2009
0.2991226613887851,-0.3236989484779531,0.10109200309870513,LC,Landing Cove,Anacapa Island,Inside,2010
0.31439608458724466,-0.38347421458125625,0.11624094451898974,LC,Landing Cove,Anacapa Island,Inside,2011
0.31113738106185285,-0.37080871621509526,0.11403074109114833,LC,Landing Cove,Anacapa Island,Inside,2012
0.33298722313928963,-0.4145253699750903,0.1454433459720677,LC,Landing Cove,Anacapa Island,Inside,2013
0.31131242105027945,-0.3684432969324993,0.13414132734333456,LC,Landing Cove,Anacapa Island,Inside,2014
0.2923732136631341,-0.3161942177436478,0.10201677746276802,LC,Landing Cove,Anacapa Island,Inside,2015
0.3057183732321902,-0.3655737233900399,0.12222959294238271,LC,Landing Cove,Anacapa Island,Inside,2016
0.3138721457170951,-0.3825155099806956,0.12762672680527373,LC,Landing Cove,Anacapa Island,Inside,2017
0.3236158791433234,-0.40202343962496206,0.14053796978582442,LC,Landing Cove,Anacapa Island,Inside,2018
0.3113359368284242,-0.3739376801574543,0.1238141929446313,LC,Landing Cove,Anacapa Island,Inside,2019
-0.22184689064465082,-0.12077349965281577,-0.03170751187376988,SESL,SE Sea Lion Rookery,Santa Barbara Island,Outside,1982
-0.3314379088133181,-0.05126495444112861,0.11451785631232028,SESL,SE Sea Lion Rookery,Santa Barbara Island,Outside,1983
-0.3799179424252602,-0.06347577947977098,0.12608003218469388,SESL,SE Sea Lion Rookery,Santa Barbara Island,Outside,1984
-0.40557216220775494,-0.026247164636507697,0.12946088938772612,SESL,SE Sea Lion Rookery,Santa Barbara Island,Outside,1985
-0.42458385850740576,-0.15167372224041312,0.009798671674557969,SESL,SE Sea Lion Rookery,Santa Barbara Island,Outside,1986
-0.4324278601558328,-0.037660222316805936,0.1601499967394302,SESL,SE Sea Lion Rookery,Santa Barbara Island,Outside,1987
-0.4575343154618399,-0.04145955385311866,0.1486646057655869,SESL,SE Sea Lion Rookery,Santa Barbara Island,Outside,1988
-0.44095706816935604,-0.03266379697948299,0.15606416285454908,SESL,SE Sea Lion Rookery,Santa Barbara Island,Outside,1989
-0.43608129362176856,-0.05167679703005475,0.13771768694520684,SESL,SE Sea Lion Rookery,Santa Barbara Island,Outside,1990
-0.4245116350047364,-0.069174437853141,0.12673035098994925,SESL,SE Sea Lion Rookery,Santa Barbara Island,Outside,1991
-0.40956486168800293,-0.06417970554955858,0.1184084207364277,SESL,SE Sea Lion Rookery,Santa Barbara Island,Outside,1992
-0.4026615194650137,-0.04563039336625719,0.1214144158766696,SESL,SE Sea Lion Rookery,Santa Barbara Island,Outside,1993
-0.4185574426332794,-0.04580536946874609,0.13802644350187093,SESL,SE Sea Lion Rookery,Santa Barbara Island,Outside,1994
-0.44394852820073244,-0.020598216850474676,0.17276770830057525,SESL,SE Sea Lion Rookery,Santa Barbara Island,Outside,1995
-0.4339666913302629,-0.04396471938158449,0.154733924266741,SESL,SE Sea Lion Rookery,Santa Barbara Island,Outside,1996
-0.42649095300837164,-0.03592391239798058,0.15971047265131677,SESL,SE Sea Lion Rookery,Santa Barbara Island,Outside,1997
-0.4216281862654197,-0.014396677604331123,0.1323172342577451,SESL,SE Sea Lion Rookery,Santa Barbara Island,Outside,1998
-0.43590744562662953,-0.04435385342488422,0.14629691308127532,SESL,SE Sea Lion Rookery,Santa Barbara Island,Outside,1999
-0.42475632413139697,-0.054549911652284705,0.14067120126803184,SESL,SE Sea Lion Rookery,Santa Barbara Island,Outside,2000
-0.4056205432946587,-0.024046542638513836,0.1428083143459082,SESL,SE Sea Lion Rookery,Santa Barbara Island,Outside,2001
-0.3867872361321802,-0.033925722568853386,0.13232890502375866,SESL,SE Sea Lion Rookery,Santa Barbara Island,Outside,2002
0.1337307921524493,-0.009692927359578895,-0.04483875054753051,SESL,SE Sea Lion Rookery,Santa Barbara Island,Inside,2003
0.12063985112292183,0.03402593106033611,0.026869641968729468,SESL,SE Sea Lion Rookery,Santa Barbara Island,Inside,2004
0.17622166516346946,0.035577242824740014,0.008173956251815348,SESL,SE Sea Lion Rookery,Santa Barbara Island,Inside,2005
0.17678366982417137,0.0291459646264325,-2.378707732676455e-4,SESL,SE Sea Lion Rookery,Santa Barbara Island,Inside,2006
0.178517587564341,0.03656281181532292,0.007162572996306921,SESL,SE Sea Lion Rookery,Santa Barbara Island,Inside,2007
0.17490518461541518,0.06011564339045956,0.04812047963955005,SESL,SE Sea Lion Rookery,Santa Barbara Island,Inside,2008
0.18212865814706988,0.0274775081839406,0.0022712357470527156,SESL,SE Sea Lion Rookery,Santa Barbara Island,Inside,2009
0.172421495181975,0.014608871266579693,-0.0037039029594644933,SESL,SE Sea Lion Rookery,Santa Barbara Island,Inside,2010
0.17604628642203402,0.03924127928333417,0.00566590054193833,SESL,SE Sea Lion Rookery,Santa Barbara Island,Inside,2011
0.16641917784405078,0.020056038208105604,-0.009416945826250137,SESL,SE Sea Lion Rookery,Santa Barbara Island,Inside,2012
0.17982084023704767,0.025369379338805575,-0.008094718893121548,SESL,SE Sea Lion Rookery,Santa Barbara Island,Inside,2013
0.1884182553636382,0.0013393840051511652,0.011804430357707806,SESL,SE Sea Lion Rookery,Santa Barbara Island,Inside,2014
0.19071665019836742,-0.134928610879636,0.06210836475092883,SESL,SE Sea Lion Rookery,Santa Barbara Island,Inside,2015
0.22700454183583244,-0.17278658598039456,0.042381170277241906,SESL,SE Sea Lion Rookery,Santa Barbara Island,Inside,2016
0.2603581534432883,-0.22994227059806557,0.046809247595386,SESL,SE Sea Lion Rookery,Santa Barbara Island,Inside,2017
0.2956370017692196,-0.33040286281011993,0.10440685732303395,SESL,SE Sea Lion Rookery,Santa Barbara Island,Inside,2018
0.29578903890839253,-0.3165358890626656,0.09777362146545598,SESL,SE Sea Lion Rookery,Santa Barbara Island,Inside,2019
-0.1983888130204272,-0.11905361438168705,-0.04004571485235967,AP,Arch Point,Santa Barbara Island,Outside,1982
-0.2451984798607679,-0.13387559566676185,-0.054880028605272045,AP,Arch Point,Santa Barbara Island,Outside,1983
-0.2755127696040228,-0.0796882032551354,-0.05867510912561768,AP,Arch Point,Santa Barbara Island,Outside,1984
-0.16917118383767873,-0.08984764735290988,-0.039385437336254055,AP,Arch Point,Santa Barbara Island,Outside,1985
-0.3153801608974388,-0.13000584553131972,0.032504861095154686,AP,Arch Point,Santa Barbara Island,Outside,1986
-0.29082603425439163,-0.014766540836121028,0.2050004630399033,AP,Arch Point,Santa Barbara Island,Outside,1987
-0.4068502263858547,0.01916532632358855,0.1380964807485944,AP,Arch Point,Santa Barbara Island,Outside,1988
-0.25531149603570985,-0.013514157255136232,0.12946003092065175,AP,Arch Point,Santa Barbara Island,Outside,1989
-0.35600519249190893,-0.15432333600710027,-0.0012854581799371684,AP,Arch Point,Santa Barbara Island,Outside,1990
-0.2557193112450954,-0.13962551307094842,0.015993370084497308,AP,Arch Point,Santa Barbara Island,Outside,1991
-0.24464604187422176,-0.16512930765747158,0.015925301653365292,AP,Arch Point,Santa Barbara Island,Outside,1992
-0.188160294715219,-0.07486606983878032,0.1144788616962985,AP,Arch Point,Santa Barbara Island,Outside,1993
-0.20983835068942708,-0.14515894086036046,-0.01188643731074112,AP,Arch Point,Santa Barbara Island,Outside,1994
-0.34762695634691365,0.009815558182411586,0.21521168702099636,AP,Arch Point,Santa Barbara Island,Outside,1995
-0.3489358241338728,-0.12337116636391691,0.04647469375493421,AP,Arch Point,Santa Barbara Island,Outside,1996
-0.37842857972927896,-0.023134966672996925,0.185209339006105,AP,Arch Point,Santa Barbara Island,Outside,1997
-0.2963306120514266,-0.01970409468735222,0.15411094929799724,AP,Arch Point,Santa Barbara Island,Outside,1998
-0.34739244829442245,-0.012677050467190148,0.19722808899091232,AP,Arch Point,Santa Barbara Island,Outside,1999
-0.38335209673981036,-0.0054297250243277645,0.18712538846925594,AP,Arch Point,Santa Barbara Island,Outside,2000
-0.3768729643947673,-0.007055299841772665,0.20165863430292846,AP,Arch Point,Santa Barbara Island,Outside,2001
-0.40434882672999173,0.01242738317703569,0.1516525472862664,AP,Arch Point,Santa Barbara Island,Outside,2002
0.11197579684891547,0.09936116409647264,0.1617959346883666,AP,Arch Point,Santa Barbara Island,Outside,2003
0.11004051370501063,0.08701951884366588,0.19957990256941432,AP,Arch Point,Santa Barbara Island,Outside,2004
0.11165681055401992,0.14635436309162123,0.1930237575202919,AP,Arch Point,Santa Barbara Island,Outside,2005
0.1831124648086285,0.05273044360522774,0.06512954088920136,AP,Arch Point,Santa Barbara Island,Outside,2006
0.16476462695898492,0.08499667781151267,0.0678209348123988,AP,Arch Point,Santa Barbara Island,Outside,2007
0.15727773159564626,0.08042895821271022,0.07823307714808736,AP,Arch Point,Santa Barbara Island,Outside,2008
0.11196338342047882,0.199736544676706,0.24988622411716344,AP,Arch Point,Santa Barbara Island,Outside,2009
0.13740328376248429,0.18016045444364306,0.187973367391496,AP,Arch Point,Santa Barbara Island,Outside,2010
0.1304837424662802,0.25227480856386125,0.2453799506801969,AP,Arch Point,Santa Barbara Island,Outside,2011
0.13691293074480684,0.21960920923977012,0.20744746717084286,AP,Arch Point,Santa Barbara Island,Outside,2012
0.13209588263941713,0.19837085058946957,0.21811458903015626,AP,Arch Point,Santa Barbara Island,Outside,2013
0.16441847118985642,0.07665740260106514,0.05450419783189023,AP,Arch Point,Santa Barbara Island,Outside,2014
0.12413375466958194,0.05314609622594968,0.040087427591688894,AP,Arch Point,Santa Barbara Island,Outside,2015
0.2037058011593981,-0.06107222895953095,0.015488400792653312,AP,Arch Point,Santa Barbara Island,Outside,2016
0.16080258327677974,-0.01367587458263201,0.011221845935491862,AP,Arch Point,Santa Barbara Island,Outside,2017
0.16540504540823672,0.01850310365756314,0.13292828521863112,AP,Arch Point,Santa Barbara Island,Outside,2018
0.18500106314383039,-0.051342944008851144,0.0397745595552735,AP,Arch Point,Santa Barbara Island,Outside,2019
-0.22186287276290179,-0.05659753230247823,0.13978479720338263,CAT,Cat Canyon,Santa Barbara Island,Outside,1986
-0.17735859882636215,-0.1550952557216034,-0.007783581004347108,CAT,Cat Canyon,Santa Barbara Island,Outside,1987
-0.21094932817436288,-0.1763404994227479,-0.028700077957341526,CAT,Cat Canyon,Santa Barbara Island,Outside,1988
-0.17848493267609195,-0.14085700021235376,-0.016118896546818202,CAT,Cat Canyon,Santa Barbara Island,Outside,1989
-0.21983166198021664,-0.16414728481038526,0.001767113534319153,CAT,Cat Canyon,Santa Barbara Island,Outside,1990
-0.18216258515704925,-0.1663647524903623,-0.0052455779450588415,CAT,Cat Canyon,Santa Barbara Island,Outside,1991
-0.18952759418577408,-0.1370219845371437,-0.04140645858152601,CAT,Cat Canyon,Santa Barbara Island,Outside,1992
-0.09909364065352819,-0.17625648585283576,-0.0618430346911719,CAT,Cat Canyon,Santa Barbara Island,Outside,1993
-0.23155911845901378,-0.039172618146185424,0.10244952181306935,CAT,Cat Canyon,Santa Barbara Island,Outside,1994
-0.22093582381311766,-0.12781385490540037,-0.09617168192042244,CAT,Cat Canyon,Santa Barbara Island,Outside,1995
-0.04882034046258561,-0.1697919256758679,-0.040635694585313145,CAT,Cat Canyon,Santa Barbara Island,Outside,1996
-0.16873224389017571,-0.15629004897574816,-0.020349062883022163,CAT,Cat Canyon,Santa Barbara Island,Outside,1997
-0.19065454535515097,-0.142961933637165,0.011859648665749354,CAT,Cat Canyon,Santa Barbara Island,Outside,1998
-0.29346104187378325,-0.03355544307772549,0.1505939526872,CAT,Cat Canyon,Santa Barbara Island,Outside,1999
-0.2942765397934937,-0.16027013282675387,-0.01708199916188101,CAT,Cat Canyon,Santa Barbara Island,Outside,2000
-0.3903539786498665,-0.15464301225990992,-0.004379490636354791,CAT,Cat Canyon,Santa Barbara Island,Outside,2001
-0.3856621566215888,0.013170118192732125,0.16567705537057323,CAT,Cat Canyon,Santa Barbara Island,Outside,2002
0.17120769005341152,-0.04569921623766356,0.006242198320332264,CAT,Cat Canyon,Santa Barbara Island,Outside,2003
0.07297686574175155,0.11762651032172883,0.1926406475372047,CAT,Cat Canyon,Santa Barbara Island,Outside,2004
0.14942972823062547,0.026140324197533888,0.045648863372771006,CAT,Cat Canyon,Santa Barbara Island,Outside,2005
0.15929892212011595,0.03990734968649686,0.036341915948199854,CAT,Cat Canyon,Santa Barbara Island,Outside,2006
0.16112072290071217,0.06258756130617331,0.05695524720774541,CAT,Cat Canyon,Santa Barbara Island,Outside,2007
0.02812362014298616,0.13127855450356382,0.20241299262441464,CAT,Cat Canyon,Santa Barbara Island,Outside,2008
0.10520998239757572,0.23894165919356197,0.25634663569864313,CAT,Cat Canyon,Santa Barbara Island,Outside,2009
0.15388572552893673,0.06487946680925337,-0.01941670717125448,CAT,Cat Canyon,Santa Barbara Island,Outside,2010
0.16034485331104803,0.06608380030215648,0.024042527324638706,CAT,Cat Canyon,Santa Barbara Island,Outside,2011
0.1587565913510309,0.0815396073425963,0.029082234608699128,CAT,Cat Canyon,Santa Barbara Island,Outside,2012
0.1720330348685008,0.028697515605978496,-0.0030097597286417596,CAT,Cat Canyon,Santa Barbara Island,Outside,2013
0.18336233871804478,-0.03564630023895951,0.042913649170697885,CAT,Cat Canyon,Santa Barbara Island,Outside,2014
0.145355827399038,-0.0388576167860353,0.03631454806483021,CAT,Cat Canyon,Santa Barbara Island,Outside,2015
0.18693806052574358,-0.06606455432135282,0.016148517948548727,CAT,Cat Canyon,Santa Barbara Island,Outside,2016
0.16689999546685721,-0.07303582239929406,0.03412714744037329,CAT,Cat Canyon,Santa Barbara Island,Outside,2017
0.18064517673977368,-0.04407252212697169,0.011802913524687786,CAT,Cat Canyon,Santa Barbara Island,Outside,2018
0.1863675602787263,-0.06374448337391543,0.01475207601416763,CAT,Cat Canyon,Santa Barbara Island,Outside,2019
0.07949936373232347,0.019301756756704584,-0.2755698369866546,MM,Miracle Mile,San Miguel Island,Outside,2005
0.17034051085253812,0.10981068285787184,-0.3340540016221057,MM,Miracle Mile,San Miguel Island,Outside,2006
0.08253883828679542,0.050490373513411714,-0.28721878556179936,MM,Miracle Mile,San Miguel Island,Outside,2007
0.17729869843463394,0.07184851359444672,-0.2750454966621344,MM,Miracle Mile,San Miguel Island,Outside,2008
0.1597333199056739,0.09681276972150679,-0.3039397503478555,MM,Miracle Mile,San Miguel Island,Outside,2009
0.17331299247467233,0.0470459006079042,-0.28468683655688426,MM,Miracle Mile,San Miguel Island,Outside,2010
0.1638761097240607,0.13449803683053066,-0.3840288128099706,MM,Miracle Mile,San Miguel Island,Outside,2011
0.17996321767811796,0.02262140907088113,-0.2318638831308141,MM,Miracle Mile,San Miguel Island,Outside,2012
0.1635691898345226,0.08094501241418953,-0.2984846146705798,MM,Miracle Mile,San Miguel Island,Outside,2013
0.16579427386310738,0.12206827531352912,-0.34276384304838703,MM,Miracle Mile,San Miguel Island,Outside,2014
0.1514674445825174,0.10308292784158062,-0.33173701855769167,MM,Miracle Mile,San Miguel Island,Outside,2015
0.15869248640725464,0.09051681322137169,-0.29967494606205636,MM,Miracle Mile,San Miguel Island,Outside,2016
0.16644276488768409,0.11931456035973562,-0.30416592306469364,MM,Miracle Mile,San Miguel Island,Outside,2017
0.1473070236171292,0.12957395936523053,-0.22983353834572018,MM,Miracle Mile,San Miguel Island,Outside,2018
0.15207326523739306,0.1283541284967072,-0.1992793338450655,MM,Miracle Mile,San Miguel Island,Outside,2019
0.1657297541522493,0.17072830205795395,-0.3063758196663942,CP,Cluster Point,Santa Rosa Island,Outside,2005
0.1639006390745218,0.09895186637445427,-0.3061925910600534,CP,Cluster Point,Santa Rosa Island,Outside,2006
0.17158894336539612,0.12616755736702434,-0.3015649871891147,CP,Cluster Point,Santa Rosa Island,Outside,2007
0.1661440428800474,0.06758016386355555,-0.2816008817830481,CP,Cluster Point,Santa Rosa Island,Outside,2008
0.1685088731068134,0.10339415060949037,-0.3156053151384077,CP,Cluster Point,Santa Rosa Island,Outside,2009
0.16398391694277523,0.12803132436852221,-0.32606854154571147,CP,Cluster Point,Santa Rosa Island,Outside,2010
0.180698954801734,0.07228377165546068,-0.2721929353559258,CP,Cluster Point,Santa Rosa Island,Outside,2011
0.13178690500304044,0.08181381149697839,-0.2718789511558232,CP,Cluster Point,Santa Rosa Island,Outside,2012
0.16892022597065326,0.14492178534912062,-0.2909062824188409,CP,Cluster Point,Santa Rosa Island,Outside,2013
0.16912026214011755,0.11517099763269602,-0.2872862165959289,CP,Cluster Point,Santa Rosa Island,Outside,2014
0.1639582330223731,0.09929055577621437,-0.23188590508787582,CP,Cluster Point,Santa Rosa Island,Outside,2015
0.15273768264875773,0.11277170601364193,-0.17998974075097443,CP,Cluster Point,Santa Rosa Island,Outside,2016
0.14752261026162838,0.15752399567433628,-0.15952182270543358,CP,Cluster Point,Santa Rosa Island,Outside,2017
0.12231422066494767,0.15263156156715824,-0.11092023016706175,CP,Cluster Point,Santa Rosa Island,Outside,2018
0.1586223316723388,0.14515149905169483,-0.12021167400787072,CP,Cluster Point,Santa Rosa Island,Outside,2019
0.1894033507667024,-0.05687685826206057,-0.1486614271866992,TC,Trancion Canyon,Santa Rosa Island,Inside,2005
0.20081750803400966,-0.06866072441449958,-0.12339054487982905,TC,Trancion Canyon,Santa Rosa Island,Inside,2006
0.19402362108141474,-0.02718703176500149,-0.15675366922725234,TC,Trancion Canyon,Santa Rosa Island,Inside,2007
0.20734064093021318,-0.0940070485413704,-0.09747577947840058,TC,Trancion Canyon,Santa Rosa Island,Inside,2008
0.20386250430370603,-0.07768267310551896,-0.12513465299548923,TC,Trancion Canyon,Santa Rosa Island,Inside,2009
0.17921932398164236,-0.008929871115026633,-0.18914396487111337,TC,Trancion Canyon,Santa Rosa Island,Inside,2010
0.1789378002326082,-0.015612413748165743,-0.09316811398787271,TC,Trancion Canyon,Santa Rosa Island,Inside,2011
0.19426967682362814,-0.041042645756048546,-0.08491020144169881,TC,Trancion Canyon,Santa Rosa Island,Inside,2012
0.19132486195213894,-0.049118341868655754,-0.08974546904515533,TC,Trancion Canyon,Santa Rosa Island,Inside,2013
0.2018591674230035,-0.07526667093194746,-0.09195053325957486,TC,Trancion Canyon,Santa Rosa Island,Inside,2014
0.2108126872916005,-0.08599233505224385,-0.06948569255585545,TC,Trancion Canyon,Santa Rosa Island,Inside,2015
0.1976030221961038,-0.08590291153225744,-0.06583137556758156,TC,Trancion Canyon,Santa Rosa Island,Inside,2016
0.20550788608808235,-0.08919939680134664,-0.03601240471990594,TC,Trancion Canyon,Santa Rosa Island,Inside,2017
0.18944111435234595,-0.11609274965550291,-0.010598827936188663,TC,Trancion Canyon,Santa Rosa Island,Inside,2018
0.1839365585852002,-0.03667658351452087,-0.07611994230049933,TC,Trancion Canyon,Santa Rosa Island,Inside,2019
0.16754190769791072,0.01643144999755076,-0.16567653732785353,CSAW,Chickasaw,Santa Rosa Island,Inside,2005
0.18484722718461466,-0.021364158347880708,-0.15210031478237093,CSAW,Chickasaw,Santa Rosa Island,Inside,2006
0.18020669529412206,-0.03392750795061201,-0.16155638838137756,CSAW,Chickasaw,Santa Rosa Island,Inside,2007
0.18348301728194702,-0.03887107483773388,-0.15605420591304336,CSAW,Chickasaw,Santa Rosa Island,Inside,2008
0.19083755592840387,-0.04274434356883491,-0.1396567759135469,CSAW,Chickasaw,Santa Rosa Island,Inside,2009
0.18937647141916136,-0.03562537063154577,-0.14728603529411816,CSAW,Chickasaw,Santa Rosa Island,Inside,2010
0.17137899451104635,-0.023106379683086757,-0.16196964782201942,CSAW,Chickasaw,Santa Rosa Island,Inside,2011
0.219588780566564,-0.10397767139608907,-0.10552460632728211,CSAW,Chickasaw,Santa Rosa Island,Inside,2012
0.2141309786315045,-0.09070083661265484,-0.11502826836286027,CSAW,Chickasaw,Santa Rosa Island,Inside,2013
0.21907011000506926,-0.11206552550941065,-0.09523357179426477,CSAW,Chickasaw,Santa Rosa Island,Inside,2014
0.2223250325999197,-0.10950225921192623,-0.07726158675597107,CSAW,Chickasaw,Santa Rosa Island,Inside,2015
0.2111306095914359,-0.08085822295667115,-0.08617182080036,CSAW,Chickasaw,Santa Rosa Island,Inside,2016
0.21180494639210656,-0.11127679557625042,-0.07312705789324275,CSAW,Chickasaw,Santa Rosa Island,Inside,2017
0.21268739799710126,-0.11492250783957984,-0.0780133627698102,CSAW,Chickasaw,Santa Rosa Island,Inside,2018
0.22170080107843293,-0.12270498493268855,-0.061613441914155694,CSAW,Chickasaw,Santa Rosa Island,Inside,2019
0.1466597133235536,0.12813306932598473,-0.31324667892795166,SP,South Point,Santa Rosa Island,Inside,2005
0.1988968311731618,-0.05012819600482107,-0.10296946170292612,SP,South Point,Santa Rosa Island,Inside,2006
0.17645841380707702,0.02138332454326163,-0.21768918955047767,SP,South Point,Santa Rosa Island,Inside,2007
0.18377670589179348,-0.019361147911932348,-0.1948717115161596,SP,South Point,Santa Rosa Island,Inside,2008
0.19778460178671903,-0.06227797968695287,-0.1061923264604681,SP,South Point,Santa Rosa Island,Inside,2009
0.20077218184653262,-0.07640407097400317,-0.09895452768346029,SP,South Point,Santa Rosa Island,Inside,2010
0.19337930944857662,-0.05031449192654225,-0.08617738379436318,SP,South Point,Santa Rosa Island,Inside,2011
0.19714587703694292,-0.08104207295444524,-0.10435745342851237,SP,South Point,Santa Rosa Island,Inside,2012
0.17604858873018026,0.008134912478234406,-0.1728373854890931,SP,South Point,Santa Rosa Island,Inside,2013
0.20970989078266689,-0.0796819594848423,-0.08111231532768408,SP,South Point,Santa Rosa Island,Inside,2014
0.21306345121489725,-0.1241328113424909,-0.06249284592303383,SP,South Point,Santa Rosa Island,Inside,2015
0.20083928846697147,-0.06660459873376703,-0.07884267230963882,SP,South Point,Santa Rosa Island,Inside,2016
0.20811331351217485,-0.11434775809316934,-0.07096681707414261,SP,South Point,Santa Rosa Island,Inside,2017
0.22188108906584547,-0.12391492437201192,-0.04213608239664691,SP,South Point,Santa Rosa Island,Inside,2018
0.2018666413915405,-0.057117344676655295,-0.09898641866228845,SP,South Point,Santa Rosa Island,Inside,2019
0.16653109223991408,0.11865288685689121,0.05507798555364468,DPM,Devil's Peak Member,Santa Cruz Island,Outside,2005
0.15937923299428539,0.18330340001291975,-0.004861362332273313,DPM,Devil's Peak Member,Santa Cruz Island,Outside,2006
0.17199975471297763,0.11165696432223846,0.028071016981885688,DPM,Devil's Peak Member,Santa Cruz Island,Outside,2007
0.1402830708454093,0.2440075112622143,0.17799479013510205,DPM,Devil's Peak Member,Santa Cruz Island,Outside,2008
0.16923689979583809,0.06222274100678611,0.023257223639015213,DPM,Devil's Peak Member,Santa Cruz Island,Outside,2009
0.18054391460764072,0.07681968799963809,0.029520344744942913,DPM,Devil's Peak Member,Santa Cruz Island,Outside,2010
0.12838682976902266,0.17906196461254967,0.17865441892130465,DPM,Devil's Peak Member,Santa Cruz Island,Outside,2011
0.1610464532480218,0.13452263405953377,0.025092382039204136,DPM,Devil's Peak Member,Santa Cruz Island,Outside,2012
0.09900869409321374,0.2779263439255079,0.14197816449439618,DPM,Devil's Peak Member,Santa Cruz Island,Outside,2013
0.12473708782424948,0.22129026703618776,0.12510661373103868,DPM,Devil's Peak Member,Santa Cruz Island,Outside,2014
0.15387732663207032,0.22335583249918636,0.06551129691229285,DPM,Devil's Peak Member,Santa Cruz Island,Outside,2015
0.13664525915902823,0.2162209838140827,-0.03394667158384063,DPM,Devil's Peak Member,Santa Cruz Island,Outside,2016
0.10743223969444918,0.3143863992096582,0.15038443707102833,DPM,Devil's Peak Member,Santa Cruz Island,Outside,2017
0.08910330281836015,0.34050312449214265,0.18683095665594068,DPM,Devil's Peak Member,Santa Cruz Island,Outside,2018
0.16203231007820795,0.16451545537110493,0.017452336178201775,DPM,Devil's Peak Member,Santa Cruz Island,Outside,2019
0.1083488586742471,0.18467332661211944,0.22603788168050803,PP,Potato Pasture,Santa Cruz Island,Inside,2005
0.12643224737769104,0.22331397766940236,0.1088092674206202,PP,Potato Pasture,Santa Cruz Island,Inside,2006
0.10983739462620586,0.21573971221269095,0.13017056598484011,PP,Potato Pasture,Santa Cruz Island,Inside,2007
0.1509868873411155,0.129234469115587,0.12452367213571243,PP,Potato Pasture,Santa Cruz Island,Inside,2008
0.20790733108323733,-0.07692479658833014,0.05463862427527323,PP,Potato Pasture,Santa Cruz Island,Inside,2009
0.23542116327260848,-0.12705909975310764,0.053376318292993837,PP,Potato Pasture,Santa Cruz Island,Inside,2010
0.14922794889509977,0.04053146639438689,0.1519220919981424,PP,Potato Pasture,Santa Cruz Island,Inside,2011
0.18789414402076082,-0.024086831211068787,0.017911393571943338,PP,Potato Pasture,Santa Cruz Island,Inside,2012
0.21369468045809645,-0.08919840272888084,0.06593608833550943,PP,Potato Pasture,Santa Cruz Island,Inside,2013
0.23956916693954888,-0.16210341627318128,0.05963665811971319,PP,Potato Pasture,Santa Cruz Island,Inside,2014
0.2720745332209691,-0.24272080453383307,0.0977267175299879,PP,Potato Pasture,Santa Cruz Island,Inside,2015
0.2600919900360183,-0.22332890648547563,0.0783689642123388,PP,Potato Pasture,Santa Cruz Island,Inside,2016
0.2578393045310294,-0.2126542692729594,0.06122840706938378,PP,Potato Pasture,Santa Cruz Island,Inside,2017
0.27316559893849707,-0.264040893418129,0.08578194811015281,PP,Potato Pasture,Santa Cruz Island,Inside,2018
0.29324113216745856,-0.31010303393912403,0.10374562075758402,PP,Potato Pasture,Santa Cruz Island,Inside,2019
0.18129187382492026,-0.005731366219348685,0.029740350369844827,CVP,Cavern Point,Santa Cruz Island,Inside,2005
0.17166834929032382,0.0014648071118634998,0.006079015530359831,CVP,Cavern Point,Santa Cruz Island,Inside,2006
0.17380263654461528,0.005186775066933932,0.03017355686287507,CVP,Cavern Point,Santa Cruz Island,Inside,2007
0.18155175952131905,-0.010687130509575891,0.030320671868701996,CVP,Cavern Point,Santa Cruz Island,Inside,2008
0.1807433631995901,-0.007362301190988215,0.020514275528025462,CVP,Cavern Point,Santa Cruz Island,Inside,2009
0.23742271988557956,-0.16146431551471277,0.06902168447491999,CVP,Cavern Point,Santa Cruz Island,Inside,2010
0.2558605703737096,-0.19358499107861746,0.05164578390735746,CVP,Cavern Point,Santa Cruz Island,Inside,2011
0.23978396693547804,-0.1685288639007794,0.03882300352324297,CVP,Cavern Point,Santa Cruz Island,Inside,2012
0.24589393322545813,-0.1971733337426918,0.049211072958419984,CVP,Cavern Point,Santa Cruz Island,Inside,2013
0.26241483884454087,-0.2258029793127907,0.06917054139242533,CVP,Cavern Point,Santa Cruz Island,Inside,2014
0.2724396999544021,-0.24545318543362135,0.08262253554803699,CVP,Cavern Point,Santa Cruz Island,Inside,2015
0.3001814692205357,-0.3145632878638616,0.10121001753547833,CVP,Cavern Point,Santa Cruz Island,Inside,2016
0.27581609511289173,-0.271530960193203,0.08861599005086088,CVP,Cavern Point,Santa Cruz Island,Inside,2017
0.23687524463355517,-0.16742235069145905,0.013098341490295992,CVP,Cavern Point,Santa Cruz Island,Inside,2018
0.29623618585103995,-0.3214864895571383,0.10293066445816282,CVP,Cavern Point,Santa Cruz Island,Inside,2019
0.15844225237357182,0.11825778419838916,-0.06393118173746479,LS,Little Scorpion,Santa Cruz Island,Outside,2005
0.11837314803255994,0.30582709628826554,0.11155012998752065,LS,Little Scorpion,Santa Cruz Island,Outside,2006
0.14040467377235336,0.23162677962383815,0.05627392323285514,LS,Little Scorpion,Santa Cruz Island,Outside,2007
0.1396727367236196,0.24861777532746437,0.09768576377992551,LS,Little Scorpion,Santa Cruz Island,Outside,2008
0.15983839906023095,0.2355118152027355,-0.028544971842290795,LS,Little Scorpion,Santa Cruz Island,Outside,2009
0.10978737266681877,0.3016555395417147,0.13687863109743703,LS,Little Scorpion,Santa Cruz Island,Outside,2010
0.11654304454583866,0.28124269965702275,0.180508358804963,LS,Little Scorpion,Santa Cruz Island,Outside,2011
0.11043834629080708,0.2696971635513529,0.1599744094477823,LS,Little Scorpion,Santa Cruz Island,Outside,2012
0.11780536240531479,0.2631693144025122,0.22686547526497913,LS,Little Scorpion,Santa Cruz Island,Outside,2013
0.09496652261521535,0.2912437407644946,0.19879538615735418,LS,Little Scorpion,Santa Cruz Island,Outside,2014
0.11946187093452501,0.3442458383091539,0.09469733878807499,LS,Little Scorpion,Santa Cruz Island,Outside,2015
0.1723370194269487,0.20883045431005437,-0.0365049425486096,LS,Little Scorpion,Santa Cruz Island,Outside,2016
0.1179024487852863,0.303659583215706,0.17459473936320505,LS,Little Scorpion,Santa Cruz Island,Outside,2017
0.13467697054043576,0.2146246362569151,0.14547373848993533,LS,Little Scorpion,Santa Cruz Island,Outside,2018
0.10373698750536209,0.31595025205998994,0.1673450561664216,LS,Little Scorpion,Santa Cruz Island,Outside,2019
0.12091718062703613,0.2945318573734758,0.14305646912928566,PRF,Pedro Reef,Santa Cruz Island,Outside,2005
0.1259026930723491,0.26975302946845436,0.15071123710200776,PRF,Pedro Reef,Santa Cruz Island,Outside,2006
0.13804289930005567,0.23545030754924354,0.18143300750131178,PRF,Pedro Reef,Santa Cruz Island,Outside,2007
0.11738758627850589,0.20952709370143524,0.22485847944656795,PRF,Pedro Reef,Santa Cruz Island,Outside,2008
0.11819122730515187,0.2640551913966348,0.22665168637107072,PRF,Pedro Reef,Santa Cruz Island,Outside,2009
0.10901544006701772,0.26149306799530603,0.2147872342616332,PRF,Pedro Reef,Santa Cruz Island,Outside,2010
0.12085233191840793,0.26053873927304877,0.18592425364600004,PRF,Pedro Reef,Santa Cruz Island,Outside,2011
0.09672878564671283,0.2407140713886216,0.20095009960867613,PRF,Pedro Reef,Santa Cruz Island,Outside,2012
0.1220487402798552,0.2564926066454436,0.16081168201163087,PRF,Pedro Reef,Santa Cruz Island,Outside,2013
0.11423885714401258,0.27813503222192393,0.22334587579378842,PRF,Pedro Reef,Santa Cruz Island,Outside,2014
0.11745020227650446,0.3218305321256951,0.10715539027494768,PRF,Pedro Reef,Santa Cruz Island,Outside,2015
0.14156794923284302,0.21014697634530194,-0.046651165170811866,PRF,Pedro Reef,Santa Cruz Island,Outside,2016
0.08345941961269134,0.3841246098390223,0.20726167052857247,PRF,Pedro Reef,Santa Cruz Island,Outside,2017
0.0239630764142761,0.3621920147656101,0.21343694038305738,PRF,Pedro Reef,Santa Cruz Island,Outside,2018
0.10249194773859199,0.3087294964482632,0.13958508369476963,PRF,Pedro Reef,Santa Cruz Island,Outside,2019
0.19447123126860066,-0.03414818672971086,-0.0014545392950939089,KH,Keyhole,Anacapa Island,Inside,2005
0.20853558113827855,-0.04622213126084249,0.03175708905500363,KH,Keyhole,Anacapa Island,Inside,2006
0.18031370732576446,-0.024026828940001393,0.013485358934032084,KH,Keyhole,Anacapa Island,Inside,2007
0.17593272078234348,0.0035917837582719707,0.10227478994466069,KH,Keyhole,Anacapa Island,Inside,2008
0.1517735089599027,0.0869524004831338,0.0962983566969396,KH,Keyhole,Anacapa Island,Inside,2009
0.13605267966451398,0.04910618051786419,0.09757248528253676,KH,Keyhole,Anacapa Island,Inside,2010
0.10320756317173108,0.18904830361014457,0.18242238567433136,KH,Keyhole,Anacapa Island,Inside,2011
0.09591041126085478,0.15622188817164087,0.178600670389092,KH,Keyhole,Anacapa Island,Inside,2012
0.1197998863439009,0.12272639089604738,0.15769215083387467,KH,Keyhole,Anacapa Island,Inside,2013
0.1870378418357224,-0.042326356402601795,0.02975228964017678,KH,Keyhole,Anacapa Island,Inside,2014
0.18753351577402094,-0.055955958644819496,0.002526692718720654,KH,Keyhole,Anacapa Island,Inside,2015
0.22679143560491413,-0.1660763210630414,0.039986342017697914,KH,Keyhole,Anacapa Island,Inside,2016
0.14004886312962528,0.06190194825888314,0.13989389236978308,KH,Keyhole,Anacapa Island,Inside,2017
0.2027711684985766,-0.05844407324384024,-0.005757406589963478,KH,Keyhole,Anacapa Island,Inside,2018
0.19657290118741746,-0.07300579872930847,-0.013324143545892902,KH,Keyhole,Anacapa Island,Inside,2019
0.10963179654571768,0.2837343770187696,0.16908829767332287,EFC,East Fish Camp,Anacapa Island,Outside,2005
0.12658874034060558,0.3462615558134519,0.20730161018040213,EFC,East Fish Camp,Anacapa Island,Outside,2006
0.12522909037809923,0.330507209045707,0.20937225727886583,EFC,East Fish Camp,Anacapa Island,Outside,2007
0.12701836838308442,0.16282167382837873,0.2111778760728941,EFC,East Fish Camp,Anacapa Island,Outside,2008
0.11234595882957438,0.2175946858791622,0.19596601892966967,EFC,East Fish Camp,Anacapa Island,Outside,2009
0.10896209485332657,0.31069812660162477,0.19313969026025501,EFC,East Fish Camp,Anacapa Island,Outside,2010
0.0916969843133807,0.2287839556714942,0.22054556889355895,EFC,East Fish Camp,Anacapa Island,Outside,2011
0.09786366704226981,0.18945357796663612,0.18248222783090953,EFC,East Fish Camp,Anacapa Island,Outside,2012
0.12151885824623315,0.1412570084868987,-0.028189036202300184,EFC,East Fish Camp,Anacapa Island,Outside,2013
0.13263336980606447,0.1857339649426177,-0.007817214017369005,EFC,East Fish Camp,Anacapa Island,Outside,2014
0.11506841890591292,0.1301896453631665,-0.006372859740079707,EFC,East Fish Camp,Anacapa Island,Outside,2015
0.12741561658270048,0.1570033423163064,-0.03554026101066046,EFC,East Fish Camp,Anacapa Island,Outside,2016
0.10990382882064531,0.340990463852012,0.19761020723950085,EFC,East Fish Camp,Anacapa Island,Outside,2017
0.11812430998140043,0.2755950945265856,0.16958788207396913,EFC,East Fish Camp,Anacapa Island,Outside,2018
0.1254168801307907,0.32810219654778516,0.1532055943154815,EFC,East Fish Camp,Anacapa Island,Outside,2019
0.20408130066753558,-0.051157761461022785,0.052652021636879355,BSBR,Black Sea Bass Reef,Anacapa Island,Inside,2005
0.2177727761221791,-0.10715202257697579,0.05613326857568138,BSBR,Black Sea Bass Reef,Anacapa Island,Inside,2006
0.22060942077263643,-0.11797084178321479,0.05601661112633151,BSBR,Black Sea Bass Reef,Anacapa Island,Inside,2007
0.22362360251165536,-0.10844857422613204,0.05846319728861596,BSBR,Black Sea Bass Reef,Anacapa Island,Inside,2008
0.20515363573082496,-0.07445520813128054,0.015097874198041785,BSBR,Black Sea Bass Reef,Anacapa Island,Inside,2009
0.21047588874727088,-0.05084213620520989,0.006005113678520586,BSBR,Black Sea Bass Reef,Anacapa Island,Inside,2010
0.20709844025584753,-0.07671157332026551,0.055234881390111124,BSBR,Black Sea Bass Reef,Anacapa Island,Inside,2011
0.18346667852212467,-0.1545470650073745,0.06512373426990226,BSBR,Black Sea Bass Reef,Anacapa Island,Inside,2012
0.20396960362297817,-0.19736600148091757,0.0784573450258954,BSBR,Black Sea Bass Reef,Anacapa Island,Inside,2013
0.25220372490187176,-0.2077904099009408,0.07090454335206758,BSBR,Black Sea Bass Reef,Anacapa Island,Inside,2014
0.25178589742490665,-0.23707726256260478,0.08859915165851781,BSBR,Black Sea Bass Reef,Anacapa Island,Inside,2015
0.20496156360839482,-0.06937779101470891,0.018944472752062663,BSBR,Black Sea Bass Reef,Anacapa Island,Inside,2016
0.2541395658923518,-0.2210686493641174,0.08279566867616038,BSBR,Black Sea Bass Reef,Anacapa Island,Inside,2017
0.2469842101272128,-0.19223229656749646,0.07313715361057946,BSBR,Black Sea Bass Reef,Anacapa Island,Inside,2018
0.20026211492979584,-0.08548701310773243,0.15630520448715388,BSBR,Black Sea Bass Reef,Anacapa Island,Inside,2019
0.17523818930142762,0.09816148213779245,-0.14962352435673304,LH,Lighthouse,Anacapa Island,Outside,2005
0.10728297268494193,0.23029093396390415,0.16213645337360802,LH,Lighthouse,Anacapa Island,Outside,2006
0.17769478549899143,0.1926321273297734,-0.00984199873814845,LH,Lighthouse,Anacapa Island,Outside,2007
0.1617255621868308,0.16435609435544837,-0.031136202265131606,LH,Lighthouse,Anacapa Island,Outside,2008
0.10229448459698158,0.2434938696775746,0.10563313821391845,LH,Lighthouse,Anacapa Island,Outside,2009
0.11877109832611903,0.22878294635334628,0.1385159467923629,LH,Lighthouse,Anacapa Island,Outside,2010
0.1311056981315651,0.17810627586638986,0.17695649830794496,LH,Lighthouse,Anacapa Island,Outside,2011
0.11933233673343369,0.1909060995619019,0.20741217528455475,LH,Lighthouse,Anacapa Island,Outside,2012
0.17471248754953703,0.09809672352164402,0.049301913494898965,LH,Lighthouse,Anacapa Island,Outside,2013
0.17635881206600723,0.16139844868180148,-0.0208201298344859,LH,Lighthouse,Anacapa Island,Outside,2014
0.15546743261837973,0.1347189966568072,-0.0019898254715814776,LH,Lighthouse,Anacapa Island,Outside,2015
0.16152141420943408,0.17851880922800933,-0.052558494205421843,LH,Lighthouse,Anacapa Island,Outside,2016
0.13624620693455053,0.20676759245786144,0.04203038874854945,LH,Lighthouse,Anacapa Island,Outside,2017
0.17979664234035986,0.1136843331115771,-0.07902788605228304,LH,Lighthouse,Anacapa Island,Outside,2018
0.18228053754927454,0.07370298967947059,-0.08146439660479345,LH,Lighthouse,Anacapa Island,Outside,2019
0.08295452474659203,0.26816345815928644,0.21815612525468564,WA,Webster's Arch,Santa Barbara Island,Outside,2005
0.11830368327424623,0.21489788747751826,0.21384133154713922,WA,Webster's Arch,Santa Barbara Island,Outside,2006
0.17483994164792152,0.1514482898091831,0.030308487584988705,WA,Webster's Arch,Santa Barbara Island,Outside,2007
0.181872531772898,0.052217339814951094,0.03608303656250329,WA,Webster's Arch,Santa Barbara Island,Outside,2008
0.16958176063668787,0.1426570725665634,-0.00960987979880277,WA,Webster's Arch,Santa Barbara Island,Outside,2009
0.13768085152070256,0.2113954594818642,0.20094706476168636,WA,Webster's Arch,Santa Barbara Island,Outside,2010
0.13404385192049637,0.2281117693872666,0.21082563409906918,WA,Webster's Arch,Santa Barbara Island,Outside,2011
0.1689039033863249,0.09273227983053266,0.002886566111804783,WA,Webster's Arch,Santa Barbara Island,Outside,2012
0.128548348322183,0.20410378607119728,0.18899027572745006,WA,Webster's Arch,Santa Barbara Island,Outside,2013
0.1816594259194692,0.07254205629138878,-0.001045973806416594,WA,Webster's Arch,Santa Barbara Island,Outside,2014
0.18256952896050646,0.031046518975912027,-0.0013684023728919182,WA,Webster's Arch,Santa Barbara Island,Outside,2015
0.18305085307563254,0.045944577863239015,-0.002406716087956604,WA,Webster's Arch,Santa Barbara Island,Outside,2016
0.20146141571249707,0.03311298115009487,-0.03413079221998786,WA,Webster's Arch,Santa Barbara Island,Outside,2017
0.18546375573843674,0.10027575942817307,-0.05701899302130372,WA,Webster's Arch,Santa Barbara Island,Outside,2018
0.18379178663237566,0.008610761441187277,0.06102575024453169,WA,Webster's Arch,Santa Barbara Island,Outside,2019
0.16481441287923276,0.059204652745487654,-3.616936417764187e-4,GC,Graveyard Canyon,Santa Barbara Island,Inside,2005
0.17286926498039457,0.13455489946703478,-0.05733550572269509,GC,Graveyard Canyon,Santa Barbara Island,Inside,2006
0.1205263180830045,0.16653376608195145,0.18154234640283884,GC,Graveyard Canyon,Santa Barbara Island,Inside,2007
0.11780755175265896,0.12750332420927993,0.17177439773063982,GC,Graveyard Canyon,Santa Barbara Island,Inside,2008
0.17332917729702535,0.030626911192964602,-0.0011598302560464852,GC,Graveyard Canyon,Santa Barbara Island,Inside,2009
0.18283161946683066,-0.007077808073035986,-0.012510528652163887,GC,Graveyard Canyon,Santa Barbara Island,Inside,2010
0.17041158488460978,0.024151625896514015,0.001406070726486038,GC,Graveyard Canyon,Santa Barbara Island,Inside,2011
0.154691794802965,0.021885662024984733,-0.006982241543232335,GC,Graveyard Canyon,Santa Barbara Island,Inside,2012
0.18423258517024194,-0.03279350278992366,-0.02975045711975137,GC,Graveyard Canyon,Santa Barbara Island,Inside,2013
0.19864952770024832,-0.05473019496231742,-0.007833155263384807,GC,Graveyard Canyon,Santa Barbara Island,Inside,2014
0.20294953382465103,-0.10429234619015801,-0.0013639067033822177,GC,Graveyard Canyon,Santa Barbara Island,Inside,2015
0.1949422233197284,-0.09483253195197967,6.67237426070546e-4,GC,Graveyard Canyon,Santa Barbara Island,Inside,2016
0.19849655045578424,-0.08983441110522976,-0.021445553835606042,GC,Graveyard Canyon,Santa Barbara Island,Inside,2017
0.19376691245433883,-0.07511576411701204,-0.013441228776746994,GC,Graveyard Canyon,Santa Barbara Island,Inside,2018
0.18292041588981445,-0.11372496786158519,-0.0038373076686383967,GC,Graveyard Canyon,Santa Barbara Island,Inside,2019
0.22023839403962142,-0.11684894447719109,0.012329149067783152,SER,Southeast Reef,Santa Barbara Island,Inside,2005
0.2173264020133335,-0.11367670814952276,-0.01231098870829249,SER,Southeast Reef,Santa Barbara Island,Inside,2006
0.21258380872072757,-0.09508003671837258,-0.0129045195757915,SER,Southeast Reef,Santa Barbara Island,Inside,2007
0.21508039573487847,-0.11740729757628024,0.015587516885643532,SER,Southeast Reef,Santa Barbara Island,Inside,2008
0.24989677417567208,-0.18783459128509616,0.004077457411766505,SER,Southeast Reef,Santa Barbara Island,Inside,2009
0.23273353146046352,-0.16685963987398036,0.012237770719522863,SER,Southeast Reef,Santa Barbara Island,Inside,2010
0.27462512237379366,-0.26718729556595816,0.07044698474907124,SER,Southeast Reef,Santa Barbara Island,Inside,2011
0.2492678606810862,-0.17914991188226512,0.0035914203445923704,SER,Southeast Reef,Santa Barbara Island,Inside,2012
0.2537274705620554,-0.19724204333611675,-7.499925310269522e-4,SER,Southeast Reef,Santa Barbara Island,Inside,2013
0.29893101909212844,-0.3165331378629357,0.07509510104130739,SER,Southeast Reef,Santa Barbara Island,Inside,2014
0.28893321987447146,-0.290274989848391,0.07302943770603218,SER,Southeast Reef,Santa Barbara Island,Inside,2015
0.2642319712785779,-0.3078260952386888,0.10073951898712456,SER,Southeast Reef,Santa Barbara Island,Inside,2016
0.27836625049399405,-0.2859220533020423,0.08848909098254652,SER,Southeast Reef,Santa Barbara Island,Inside,2017
0.2920734982393447,-0.3133835260415771,0.0957721888877252,SER,Southeast Reef,Santa Barbara Island,Inside,2018
0.2999558319784642,-0.33681311905343003,0.10284370901116255,SER,Southeast Reef,Santa Barbara Island,Inside,2019
