NMDS1,NMDS2,SiteCode,IslandName,ReserveStatus,SurveyYear
-0.137218959210985,0.04263322280767374,AR,Anacapa Island,Outside,2019
-0.39925637282248866,-0.24659931994715312,CC,Anacapa Island,Inside,2019
-0.24772318444062164,-0.32994335815874914,LC,Anacapa Island,Inside,2019
-0.27497890805394426,0.037049340116310385,KH,Anacapa Island,Inside,2019
0.016208219163791046,0.3193110400232892,EFC,Anacapa Island,Outside,2019
-0.1778892856767417,0.08699702742753473,BSBR,Anacapa Island,Inside,2019
-0.30390003770500357,0.1266545707240876,LH,Anacapa Island,Outside,2019
0.5838272447272057,0.05031115087157247,WL,San Miguel Island,Outside,2019
0.5336508155233766,0.14219760081129054,HR,San Miguel Island,Inside,2019
0.5636312471795429,-0.1578099171511298,MM,San Miguel Island,Outside,2019
-0.32773419130631065,-0.2614510844671167,SESL,Santa Barbara Island,Inside,2019
-0.34351762485358134,0.15823341902930219,AP,Santa Barbara Island,Outside,2019
-0.3769029817286614,0.046668135623691584,CAT,Santa Barbara Island,Outside,2019
-0.053817765536880134,-0.0650754556271569,WA,Santa Barbara Island,Outside,2019
-0.467080637289369,-0.0388157403296797,GC,Santa Barbara Island,Inside,2019
-0.323514333476553,-0.07195509200809734,SER,Santa Barbara Island,Inside,2019
0.06259421967306444,-0.1210129052877183,GI,Santa Cruz Island,Inside,2019
0.08548928276927195,0.1609340054477429,FH,Santa Cruz Island,Outside,2019
-0.02005757808413888,0.5004500305663289,PB,Santa Cruz Island,Outside,2019
-0.189640852458236,-0.1370071356206914,SA,Santa Cruz Island,Inside,2019
-0.02385223587278584,0.3112958754000749,YB,Santa Cruz Island,Outside,2019
-0.01037151224676858,0.09030508057063287,DPM,Santa Cruz Island,Outside,2019
-0.23848962600117155,-0.15551323920823656,PP,Santa Cruz Island,Inside,2019
-0.29333124048507275,-0.105192744971747,CVP,Santa Cruz Island,Inside,2019
0.04022062062473863,0.14297279048304595,LS,Santa Cruz Island,Outside,2019
-0.1254756944375367,0.3350892306875587,PRF,Santa Cruz Island,Outside,2019
0.2908564123205598,0.009843875013688443,JLNO,Santa Rosa Island,Outside,2019
0.38834250277367705,-0.018768421829460587,JLSO,Santa Rosa Island,Outside,2019
0.43302660938755627,0.17703356733520417,RR,Santa Rosa Island,Outside,2019
0.378392546551687,-0.08808322342645819,CP,Santa Rosa Island,Outside,2019
0.4057796886714043,-0.15759526410975636,TC,Santa Rosa Island,Inside,2019
0.33962654901094713,-0.346189424055993,CSAW,Santa Rosa Island,Inside,2019
0.2131070633100279,-0.4369676367398851,SP,Santa Rosa Island,Inside,2019
-0.11490790464576806,0.1218861169305669,AR,Anacapa Island,Outside,2018
-0.3876405212091132,-0.1893176764532719,CC,Anacapa Island,Inside,2018
-0.2691244621537809,-0.259524986702267,LC,Anacapa Island,Inside,2018
-0.250298617847076,0.07007464315842983,KH,Anacapa Island,Inside,2018
-0.02469177302477014,0.44325495041870955,EFC,Anacapa Island,Outside,2018
-0.3540266940763553,0.14618690685697738,BSBR,Anacapa Island,Inside,2018
-0.25897271333756866,0.1251747462508395,LH,Anacapa Island,Outside,2018
0.5936590711706061,-0.2550459754565264,WL,San Miguel Island,Outside,2018
0.5709891151236242,0.08407786619410032,HR,San Miguel Island,Inside,2018
0.4834705640400109,-0.29248050899451294,MM,San Miguel Island,Outside,2018
-0.4403869438961914,-0.11168277873991157,SESL,Santa Barbara Island,Inside,2018
-0.2586493153390157,-0.08178327799946801,AP,Santa Barbara Island,Outside,2018
-0.33668840217506385,-0.10938121802192825,CAT,Santa Barbara Island,Outside,2018
-0.07779338891295712,-0.025503200033355145,WA,Santa Barbara Island,Outside,2018
-0.4535678966646013,-0.3943988261890056,GC,Santa Barbara Island,Inside,2018
-0.2632660342844089,-0.1370018525620064,SER,Santa Barbara Island,Inside,2018
0.05132234521096565,-0.06630777440778471,GI,Santa Cruz Island,Inside,2018
0.008041567009585984,0.23246930201804358,FH,Santa Cruz Island,Outside,2018
-0.2515922875139898,0.4460850285043014,PB,Santa Cruz Island,Outside,2018
-0.20332365327050295,-0.28822813436120936,SA,Santa Cruz Island,Inside,2018
0.1047507106219107,0.4184311774910436,YB,Santa Cruz Island,Outside,2018
0.007210521609354414,0.1625147844397667,DPM,Santa Cruz Island,Outside,2018
-0.1545016096956593,-0.17520912892411847,PP,Santa Cruz Island,Inside,2018
-0.27029104696847756,0.0024851547353122293,CVP,Santa Cruz Island,Inside,2018
-0.0676331901334433,0.24194120318256254,LS,Santa Cruz Island,Outside,2018
0.07703521447907538,0.48729278910664553,PRF,Santa Cruz Island,Outside,2018
0.29742907862544665,0.07224134171729403,JLNO,Santa Rosa Island,Outside,2018
0.36732890149069264,0.056200132256849826,JLSO,Santa Rosa Island,Outside,2018
0.5390543572583792,0.13150853990892397,RR,Santa Rosa Island,Outside,2018
0.4598336825173339,-0.05770355552495989,CP,Santa Rosa Island,Outside,2018
0.3802939527954325,-0.15274840076655904,TC,Santa Rosa Island,Inside,2018
0.30562311939969045,-0.3340319071264035,CSAW,Santa Rosa Island,Inside,2018
0.19131425379663447,-0.3114754809070785,SP,Santa Rosa Island,Inside,2018
-0.1637399260687784,0.10584540798764974,AR,Anacapa Island,Outside,2017
-0.275752888851838,-0.3357528306977975,CC,Anacapa Island,Inside,2017
-0.2628516232709934,-0.25713595987842597,LC,Anacapa Island,Inside,2017
-0.2716272747183157,0.023215812245387712,KH,Anacapa Island,Inside,2017
-0.05159324242103193,0.4151726276802529,EFC,Anacapa Island,Outside,2017
-0.3745442110293949,0.1505792782899417,BSBR,Anacapa Island,Inside,2017
-0.2583227167332437,0.2113341978753287,LH,Anacapa Island,Outside,2017
0.4541872927044779,-0.5038393565675601,WL,San Miguel Island,Outside,2017
0.6113605191382994,0.14125617939984136,HR,San Miguel Island,Inside,2017
0.41515233791953293,-0.2810537397734312,MM,San Miguel Island,Outside,2017
-0.3689128901897109,-0.2330575212996799,SESL,Santa Barbara Island,Inside,2017
-0.3525574540767166,-0.03386470882725255,AP,Santa Barbara Island,Outside,2017
-0.3798375689216583,-0.13873650395454698,CAT,Santa Barbara Island,Outside,2017
-0.041764398157174046,-0.0325476980601036,WA,Santa Barbara Island,Outside,2017
-0.5867154550208453,-0.12634335272747957,GC,Santa Barbara Island,Inside,2017
-0.23139712600058435,-0.1304969907094157,SER,Santa Barbara Island,Inside,2017
0.09983578342930162,-0.08058918836660214,GI,Santa Cruz Island,Inside,2017
0.1141650100678096,0.2671000460716341,FH,Santa Cruz Island,Outside,2017
-0.17201065387798073,0.4385321480807922,PB,Santa Cruz Island,Outside,2017
-0.17872542429200242,-0.29883615784094464,SA,Santa Cruz Island,Inside,2017
0.11403741388883806,0.48350290357883957,YB,Santa Cruz Island,Outside,2017
-0.06886483374445186,0.19560511987893933,DPM,Santa Cruz Island,Outside,2017
-0.15212409535135324,-0.07462028904772879,PP,Santa Cruz Island,Inside,2017
-0.13547869862626666,-0.1324654290601436,CVP,Santa Cruz Island,Inside,2017
-0.008213649543200264,0.2114459914307867,LS,Santa Cruz Island,Outside,2017
-0.014036984643803561,0.32382593020201084,PRF,Santa Cruz Island,Outside,2017
0.2673417744195277,0.2017267109128017,JLNO,Santa Rosa Island,Outside,2017
0.3983817856634594,0.07641635742504796,JLSO,Santa Rosa Island,Outside,2017
0.45244108429914226,0.2425987390683928,RR,Santa Rosa Island,Outside,2017
0.5095037604452421,-0.09130667059890957,CP,Santa Rosa Island,Outside,2017
0.3543091439289568,-0.12652535604555828,TC,Santa Rosa Island,Inside,2017
0.3187260376749262,-0.2875745808955315,CSAW,Santa Rosa Island,Inside,2017
0.23962917195983044,-0.32341111577653575,SP,Santa Rosa Island,Inside,2017
-0.09282364838092905,0.02109965731563436,AR,Anacapa Island,Outside,2016
-0.25793196160365467,-0.34561897622452836,CC,Anacapa Island,Inside,2016
-0.15545654512259813,-0.39463566988033405,LC,Anacapa Island,Inside,2016
-0.28327002889243125,-0.027739888855456727,KH,Anacapa Island,Inside,2016
-0.30249023527784824,0.23356347949579262,EFC,Anacapa Island,Outside,2016
-0.42658606463368515,0.11711335073092735,BSBR,Anacapa Island,Inside,2016
-0.35694621806487403,0.2125686764072886,LH,Anacapa Island,Outside,2016
0.6539566065182115,-0.20706206070387742,WL,San Miguel Island,Outside,2016
0.5928641971487346,0.2204815507843034,HR,San Miguel Island,Inside,2016
0.48228305669366495,-0.3507290547565945,MM,San Miguel Island,Outside,2016
-0.23670302058576823,-0.13807833175860296,SESL,Santa Barbara Island,Inside,2016
-0.3542761380535524,-0.12113920474349855,AP,Santa Barbara Island,Outside,2016
-0.419778633499426,-0.13650436204935001,CAT,Santa Barbara Island,Outside,2016
-0.1527967314310961,0.02770885697965698,WA,Santa Barbara Island,Outside,2016
-0.48660357363269446,-0.29217708023148736,GC,Santa Barbara Island,Inside,2016
-0.23215457716371707,-0.17362007968598836,SER,Santa Barbara Island,Inside,2016
0.09517400592161623,-0.014379286838136914,GI,Santa Cruz Island,Inside,2016
0.04622557783678913,0.19359968553939458,FH,Santa Cruz Island,Outside,2016
-0.1206808626832184,0.447030473737439,PB,Santa Cruz Island,Outside,2016
-0.11389277851061679,-0.20443481398506338,SA,Santa Cruz Island,Inside,2016
0.05602491349493303,0.5403381824651808,YB,Santa Cruz Island,Outside,2016
-0.05688008948987668,0.2919323288866652,DPM,Santa Cruz Island,Outside,2016
-0.10139787000006531,-0.04676635678048875,PP,Santa Cruz Island,Inside,2016
-0.14232176036073188,-0.08243650747739813,CVP,Santa Cruz Island,Inside,2016
-0.05590508859317562,0.15670828044890883,LS,Santa Cruz Island,Outside,2016
-0.2412286299120523,0.19161542742388699,PRF,Santa Cruz Island,Outside,2016
0.28478909322364715,0.18943725924074967,JLNO,Santa Rosa Island,Outside,2016
0.3448819644217397,0.0905853907551529,JLSO,Santa Rosa Island,Outside,2016
0.4474246575755935,0.26324530370174093,RR,Santa Rosa Island,Outside,2016
0.4460673904334682,-0.06979858860128976,CP,Santa Rosa Island,Outside,2016
0.39397431686613416,-0.07871226159291171,TC,Santa Rosa Island,Inside,2016
0.4035112532121209,-0.23308664102376644,CSAW,Santa Rosa Island,Inside,2016
0.34294742254535854,-0.2801087387239489,SP,Santa Rosa Island,Inside,2016
-0.18420638836527134,-0.03300888017368152,AR,Anacapa Island,Outside,2015
-0.023629882863635845,-0.38221659157609317,CC,Anacapa Island,Inside,2015
0.03917745324052889,-0.3064800665142358,LC,Anacapa Island,Inside,2015
-0.14525387413652388,0.0031390593557938194,KH,Anacapa Island,Inside,2015
-0.3914898659338456,0.10367240746909771,EFC,Anacapa Island,Outside,2015
-0.3632193648145329,-0.07972763590822404,BSBR,Anacapa Island,Inside,2015
-0.339752287400288,0.14462845483403405,LH,Anacapa Island,Outside,2015
0.6467517886067601,0.004057401163451178,WL,San Miguel Island,Outside,2015
0.46058123081280516,0.3493912674030298,HR,San Miguel Island,Inside,2015
0.557293691940745,-0.08302891122831851,MM,San Miguel Island,Outside,2015
-0.23970469165316624,-0.2819428428398144,SESL,Santa Barbara Island,Inside,2015
-0.5053583992203156,-0.020303839167170604,AP,Santa Barbara Island,Outside,2015
-0.47037280866798087,-0.1760451072651871,CAT,Santa Barbara Island,Outside,2015
-0.07293437781988896,0.07999656039996159,WA,Santa Barbara Island,Outside,2015
-0.20052941328385418,-0.3717847006831334,GC,Santa Barbara Island,Inside,2015
-0.03585369369377333,-0.17070683050405366,SER,Santa Barbara Island,Inside,2015
0.12203969595209328,0.02686695472869907,GI,Santa Cruz Island,Inside,2015
0.01621714671776568,0.17508932003629124,FH,Santa Cruz Island,Outside,2015
-0.35061450192942223,0.4492887535340908,PB,Santa Cruz Island,Outside,2015
-0.17081712489954579,-0.25034282137272235,SA,Santa Cruz Island,Inside,2015
-0.1395113292817848,0.4343023304513416,YB,Santa Cruz Island,Outside,2015
-0.09085748083099379,0.25549783056879777,DPM,Santa Cruz Island,Outside,2015
-0.11418001114219843,-0.09617871166364651,PP,Santa Cruz Island,Inside,2015
0.06694767380077127,-0.08674358454010507,CVP,Santa Cruz Island,Inside,2015
-0.08859219237735504,0.1908150847387706,LS,Santa Cruz Island,Outside,2015
-0.332760933621874,0.2346169283317524,PRF,Santa Cruz Island,Outside,2015
0.2252115885244233,-0.11298769841468591,JLNO,Santa Rosa Island,Outside,2015
0.27588998176740187,-0.059133739110823584,JLSO,Santa Rosa Island,Outside,2015
0.3778057282665694,0.3254973755583909,RR,Santa Rosa Island,Outside,2015
0.39209383501428485,-0.034933978538556315,CP,Santa Rosa Island,Outside,2015
0.36205153404178814,0.022879919581603268,TC,Santa Rosa Island,Inside,2015
0.386949978486526,-0.07388303793365782,CSAW,Santa Rosa Island,Inside,2015
0.33062729476378777,-0.18029067072099608,SP,Santa Rosa Island,Inside,2015
-0.2372458924141619,0.22604812117509646,AR,Anacapa Island,Outside,2014
0.06348550932935336,-0.3028241279737333,CC,Anacapa Island,Inside,2014
-0.006001274011526508,-0.2619472218939855,LC,Anacapa Island,Inside,2014
-0.22234268119950676,0.027371546146544305,KH,Anacapa Island,Inside,2014
-0.33227847278749123,0.2047042772788084,EFC,Anacapa Island,Outside,2014
-0.42789399671417516,-0.22199123092618886,BSBR,Anacapa Island,Inside,2014
-0.21677721862018995,0.10519335856602131,LH,Anacapa Island,Outside,2014
0.574317679785913,-0.06620883982932732,WL,San Miguel Island,Outside,2014
0.3750901122866185,0.2766756187153304,HR,San Miguel Island,Inside,2014
0.4331235692224647,-0.054284499228343094,MM,San Miguel Island,Outside,2014
-0.20677065956216595,-0.261825862993508,SESL,Santa Barbara Island,Inside,2014
-0.465715078897169,0.12295751724208244,AP,Santa Barbara Island,Outside,2014
-0.27324034936845903,-0.20651594158852138,CAT,Santa Barbara Island,Outside,2014
-0.3123970894711921,-0.031474604210182854,WA,Santa Barbara Island,Outside,2014
-0.1532648373794041,-0.4162360090356744,GC,Santa Barbara Island,Inside,2014
-0.02824654840764397,-0.1765155894372643,SER,Santa Barbara Island,Inside,2014
0.12802805079866794,0.13741819601423574,GI,Santa Cruz Island,Inside,2014
0.06991465918047894,0.10398064788560124,FH,Santa Cruz Island,Outside,2014
-0.22022197327438778,0.43848142739635987,PB,Santa Cruz Island,Outside,2014
-0.17209419910928442,-0.1380034780773756,SA,Santa Cruz Island,Inside,2014
0.18618144922443056,0.26246041610830395,YB,Santa Cruz Island,Outside,2014
-0.1047563634033817,0.16063791108216136,DPM,Santa Cruz Island,Outside,2014
-0.11810103777775019,-0.03897626802348778,PP,Santa Cruz Island,Inside,2014
0.02053864625844521,-0.09220041479818115,CVP,Santa Cruz Island,Inside,2014
-0.07078590298407435,0.22743190621422893,LS,Santa Cruz Island,Outside,2014
-0.3180166637893161,0.11199340689604655,PRF,Santa Cruz Island,Outside,2014
0.23250651602777858,-0.1607921009163332,JLNO,Santa Rosa Island,Outside,2014
0.30683941882666355,0.01798477693649769,JLSO,Santa Rosa Island,Outside,2014
0.28331566608672554,0.31039001645607184,RR,Santa Rosa Island,Outside,2014
0.35151171450083085,-0.0435789290718899,CP,Santa Rosa Island,Outside,2014
0.2576498285608649,9.342371130608558e-4,TC,Santa Rosa Island,Inside,2014
0.32244781174612636,-0.08624494930359904,CSAW,Santa Rosa Island,Inside,2014
0.2811996073359183,-0.1750433139188557,SP,Santa Rosa Island,Inside,2014
-0.18233884534156655,0.15568079504154123,AR,Anacapa Island,Outside,2013
0.07708311396744985,-0.36489326760126417,CC,Anacapa Island,Inside,2013
0.0366761780702683,-0.24624185140054985,LC,Anacapa Island,Inside,2013
-0.286136766516278,0.23524502523514004,KH,Anacapa Island,Inside,2013
-0.3330152091251629,0.08409363282983065,EFC,Anacapa Island,Outside,2013
-0.3948429661808803,-0.20179571853593023,BSBR,Anacapa Island,Inside,2013
-0.24817975757028315,0.14313293656812634,LH,Anacapa Island,Outside,2013
0.472140707273182,-0.035752081582872935,WL,San Miguel Island,Outside,2013
0.31142043432828265,0.26098661794771333,HR,San Miguel Island,Inside,2013
0.3940990084207142,-0.020080831255851826,MM,San Miguel Island,Outside,2013
-0.4656087821292699,-0.13071979901237912,SESL,Santa Barbara Island,Inside,2013
-0.4291614095324314,0.1253369270158511,AP,Santa Barbara Island,Outside,2013
-0.16235524922043904,-0.2113647507282011,CAT,Santa Barbara Island,Outside,2013
-0.2869226044843229,-0.01687105027021434,WA,Santa Barbara Island,Outside,2013
-0.2814786648988968,-0.4429479805817093,GC,Santa Barbara Island,Inside,2013
0.010917918105670252,-0.11553456733668178,SER,Santa Barbara Island,Inside,2013
0.1168208214115891,0.08048402048841825,GI,Santa Cruz Island,Inside,2013
0.1167483941064985,0.16702204359288728,FH,Santa Cruz Island,Outside,2013
-0.1364904123994256,0.37636802969950706,PB,Santa Cruz Island,Outside,2013
-0.1716297118230689,-0.011198027352977563,SA,Santa Cruz Island,Inside,2013
0.20130921649089847,-0.41081336186986434,YB,Santa Cruz Island,Outside,2013
-0.07875894201541357,0.16803449677404889,DPM,Santa Cruz Island,Outside,2013
-0.12227945427573196,0.06779686952202452,PP,Santa Cruz Island,Inside,2013
-0.029717647603356025,-0.0755432056088661,CVP,Santa Cruz Island,Inside,2013
-0.10364378881602562,0.16460208269947035,LS,Santa Cruz Island,Outside,2013
-0.14832813633814562,0.03889178959631904,PRF,Santa Cruz Island,Outside,2013
0.34278050214113254,-0.12559933079156757,JLNO,Santa Rosa Island,Outside,2013
0.28877688957507225,0.06544582301592568,JLSO,Santa Rosa Island,Outside,2013
0.2474157007906006,0.30090239577984185,RR,Santa Rosa Island,Outside,2013
0.35305648769185005,0.04848844482555351,CP,Santa Rosa Island,Outside,2013
0.23481493066942136,0.06867945020886003,TC,Santa Rosa Island,Inside,2013
0.28513893112671357,-0.059013936972546394,CSAW,Santa Rosa Island,Inside,2013
0.3716891141013548,-0.08282161993958263,SP,Santa Rosa Island,Inside,2013
-0.2267240515288356,-0.06970605412315485,AR,Anacapa Island,Outside,2012
0.20067612598057652,-0.3697320451909028,CC,Anacapa Island,Inside,2012
0.3509572455645177,-0.3860472204663147,LC,Anacapa Island,Inside,2012
-0.26304674718498455,-0.1354025263933705,KH,Anacapa Island,Inside,2012
-0.36949708344016957,0.12594359498134008,EFC,Anacapa Island,Outside,2012
-0.3763492595411699,-0.25742131103771315,BSBR,Anacapa Island,Inside,2012
-0.17205907267699624,-0.05937685708792276,LH,Anacapa Island,Outside,2012
0.48310973940103197,0.24503202587229758,WL,San Miguel Island,Outside,2012
0.25066701156923527,0.31395419197019153,HR,San Miguel Island,Inside,2012
0.39452908502234385,0.17680579752383535,MM,San Miguel Island,Outside,2012
-0.40199459393559595,0.33701025346139857,SESL,Santa Barbara Island,Inside,2012
-0.46962162553479436,0.04206249425060977,AP,Santa Barbara Island,Outside,2012
-0.4455943833077499,-0.03167542222118691,CAT,Santa Barbara Island,Outside,2012
-0.14354096209269904,0.11349843482960062,WA,Santa Barbara Island,Outside,2012
-0.4897519742347735,0.5441543052288269,GC,Santa Barbara Island,Inside,2012
0.031067186934061065,-0.1255317925686486,SER,Santa Barbara Island,Inside,2012
0.16477948432819897,0.038998745362713964,GI,Santa Cruz Island,Inside,2012
0.18733756739407723,-0.15215065501268424,FH,Santa Cruz Island,Outside,2012
-0.16257815633092954,-0.28540908027155937,PB,Santa Cruz Island,Outside,2012
-0.2579819287897274,-0.23262708066663013,SA,Santa Cruz Island,Inside,2012
-0.05549321215361244,0.2847125338100128,YB,Santa Cruz Island,Outside,2012
-0.08200680479226449,-0.13262972758537195,DPM,Santa Cruz Island,Outside,2012
-0.04354618138599702,-0.1771776680105174,PP,Santa Cruz Island,Inside,2012
0.0854933627804703,-0.2039718151297863,CVP,Santa Cruz Island,Inside,2012
-0.1507248807845178,-0.1450317501196715,LS,Santa Cruz Island,Outside,2012
-0.16259652785886525,-0.1969496641878994,PRF,Santa Cruz Island,Outside,2012
0.46702568610903816,-0.098622024626783,JLNO,Santa Rosa Island,Outside,2012
0.28960788057515496,7.175265452867032e-4,JLSO,Santa Rosa Island,Outside,2012
0.1633646485063317,0.4628371548786112,RR,Santa Rosa Island,Outside,2012
0.31704959030733015,0.15681957380685757,CP,Santa Rosa Island,Outside,2012
0.19740312681176023,0.11433982980144441,TC,Santa Rosa Island,Inside,2012
0.27827764083244755,0.06880841291451452,CSAW,Santa Rosa Island,Inside,2012
0.4117620634571069,0.03376781946257581,SP,Santa Rosa Island,Inside,2012
-0.23175646599971064,0.007456295440805966,AR,Anacapa Island,Outside,2011
0.3375261631926124,-0.39456812902070837,CC,Anacapa Island,Inside,2011
0.2173107251795027,-0.3467321192654215,LC,Anacapa Island,Inside,2011
-0.37704010432051566,-0.06365326024801898,KH,Anacapa Island,Inside,2011
-0.34123826184328726,0.02858199691963781,EFC,Anacapa Island,Outside,2011
-0.29168154749424857,-0.10588203164001354,BSBR,Anacapa Island,Inside,2011
-0.24925150006052046,-0.12697226498391506,LH,Anacapa Island,Outside,2011
0.5073929791120458,0.20438636079204475,WL,San Miguel Island,Outside,2011
0.19222932975847706,0.2609014409429608,HR,San Miguel Island,Inside,2011
0.5278246056313939,0.10890030016009013,MM,San Miguel Island,Outside,2011
-0.5281493026814386,0.08197920444426353,SESL,Santa Barbara Island,Inside,2011
-0.32973428091948975,-0.26791926046364467,AP,Santa Barbara Island,Outside,2011
-0.2500712521067095,-0.32101243420980935,CAT,Santa Barbara Island,Outside,2011
-0.10084477024475821,-0.15063404530042496,WA,Santa Barbara Island,Outside,2011
-0.5703427195079063,0.27666169844381383,GC,Santa Barbara Island,Inside,2011
0.0832973986693871,-0.34930502139191966,SER,Santa Barbara Island,Inside,2011
0.14310863016744452,0.04055993075533756,GI,Santa Cruz Island,Inside,2011
0.1468990195848718,-0.044414229899848646,FH,Santa Cruz Island,Outside,2011
-0.20202639621385346,0.21143288839428445,PB,Santa Cruz Island,Outside,2011
-0.21376381983838175,0.07297765995619826,SA,Santa Cruz Island,Inside,2011
-0.11601990943440947,0.3583314145045089,YB,Santa Cruz Island,Outside,2011
-0.051728296469643144,-0.04994958316722313,DPM,Santa Cruz Island,Outside,2011
-0.09319243347231844,-0.08210787242827611,PP,Santa Cruz Island,Inside,2011
0.09803732064422525,-0.14958209516747092,CVP,Santa Cruz Island,Inside,2011
-0.11865130018250783,0.021833202428548176,LS,Santa Cruz Island,Outside,2011
-0.22930959982665639,0.15117597225600587,PRF,Santa Cruz Island,Outside,2011
0.3911499328730711,-0.06752669488715715,JLNO,Santa Rosa Island,Outside,2011
0.32679189696670613,0.06973471400160088,JLSO,Santa Rosa Island,Outside,2011
0.11699205444872722,0.30157715399693197,RR,Santa Rosa Island,Outside,2011
0.33181941822770994,0.11271194156502728,CP,Santa Rosa Island,Outside,2011
0.149295938423869,0.16403458660921452,TC,Santa Rosa Island,Inside,2011
0.3438517217549732,0.017828976902818372,CSAW,Santa Rosa Island,Inside,2011
0.3812748259813384,0.0291933035597591,SP,Santa Rosa Island,Inside,2011
-0.2311419418393472,-0.0031812219229357046,AR,Anacapa Island,Outside,2010
0.12528538269309822,-0.30658407518387065,CC,Anacapa Island,Inside,2010
0.07491984655596383,-0.3317970090001881,LC,Anacapa Island,Inside,2010
-0.1630176455267326,-0.10919590512402771,KH,Anacapa Island,Inside,2010
-0.30838150793743313,0.05382375040740621,EFC,Anacapa Island,Outside,2010
-0.37891724342876065,-0.19019390448206833,BSBR,Anacapa Island,Inside,2010
-0.20730249404849,0.08937697249074607,LH,Anacapa Island,Outside,2010
0.5319781434711542,0.13350084678426768,WL,San Miguel Island,Outside,2010
0.3190544786669243,0.41771333960937335,HR,San Miguel Island,Inside,2010
0.485062004654075,0.07234648505693993,MM,San Miguel Island,Outside,2010
-0.44688317286884144,0.22276548673863547,SESL,Santa Barbara Island,Inside,2010
-0.29054360401627766,0.19761728889877592,AP,Santa Barbara Island,Outside,2010
-0.342350859008775,-0.02377281183370753,CAT,Santa Barbara Island,Outside,2010
-0.2350513063357305,0.30624320910151026,WA,Santa Barbara Island,Outside,2010
-0.4779806076711422,0.26759120333939135,GC,Santa Barbara Island,Inside,2010
-0.02663643062796726,-0.03433237686557859,SER,Santa Barbara Island,Inside,2010
0.23214822983890063,-0.08373932561193044,GI,Santa Cruz Island,Inside,2010
0.10242827456584795,-0.160161179745466,FH,Santa Cruz Island,Outside,2010
-0.04714946652916115,-0.19540388408599588,PB,Santa Cruz Island,Outside,2010
-0.24966728037946603,-0.23541440088182974,SA,Santa Cruz Island,Inside,2010
0.1418407674442982,0.15781688182731693,YB,Santa Cruz Island,Outside,2010
-0.11166513440009243,-0.10149186466852549,DPM,Santa Cruz Island,Outside,2010
-0.1463631099871572,-0.1749796019171212,PP,Santa Cruz Island,Inside,2010
-0.124664337316815,-0.18953275793405444,CVP,Santa Cruz Island,Inside,2010
-0.19823364003524035,-0.06003355500710143,LS,Santa Cruz Island,Outside,2010
-0.17820859075420933,0.13712420422544877,PRF,Santa Cruz Island,Outside,2010
0.4022814689066336,-0.11760902210928702,JLNO,Santa Rosa Island,Outside,2010
0.32687728404878963,0.020507172305163506,JLSO,Santa Rosa Island,Outside,2010
0.25610794424952366,0.2863347254624603,RR,Santa Rosa Island,Outside,2010
0.2850135218644179,0.062031949933417846,CP,Santa Rosa Island,Outside,2010
0.22317497068118905,9.502923438315882e-4,TC,Santa Rosa Island,Inside,2010
0.3103300712499786,-0.01832140840242029,CSAW,Santa Rosa Island,Inside,2010
0.34765598382084445,-0.08999950374857676,SP,Santa Rosa Island,Inside,2010
-0.32296012376377287,-0.1022604686978053,AR,Anacapa Island,Outside,2009
0.21679442847430117,-0.30752662999335106,CC,Anacapa Island,Inside,2009
0.1116686835910661,-0.2493422213740949,LC,Anacapa Island,Inside,2009
-0.1612240269707562,-0.08126314764224532,KH,Anacapa Island,Inside,2009
-0.3756188174925825,0.012383409640214277,EFC,Anacapa Island,Outside,2009
-0.34436527168056047,-0.18752710580227147,BSBR,Anacapa Island,Inside,2009
-0.20516723488489483,0.032093016979956264,LH,Anacapa Island,Outside,2009
0.5431486256512065,0.17116129414093018,WL,San Miguel Island,Outside,2009
0.22426111732661042,0.36198496195984886,HR,San Miguel Island,Inside,2009
0.47771561404666196,0.12777691712898015,MM,San Miguel Island,Outside,2009
-0.41300676818613424,0.22197567963361034,SESL,Santa Barbara Island,Inside,2009
-0.3833995839661356,0.13213024923905328,AP,Santa Barbara Island,Outside,2009
-0.27839080061342875,0.3100111965376365,CAT,Santa Barbara Island,Outside,2009
-0.2161365565714085,0.2359523992594067,WA,Santa Barbara Island,Outside,2009
-0.40901180286534816,0.46409919759786905,GC,Santa Barbara Island,Inside,2009
-0.00608992885036525,0.05776536536747599,SER,Santa Barbara Island,Inside,2009
0.20453907620022058,-0.02725287103392034,GI,Santa Cruz Island,Inside,2009
0.08498160029555021,-0.33039842528488794,FH,Santa Cruz Island,Outside,2009
-0.015672366307861892,-0.37896944519136294,PB,Santa Cruz Island,Outside,2009
-0.15086093184611893,-0.2903058576825253,SA,Santa Cruz Island,Inside,2009
0.018335597343174113,-0.02597018529986963,YB,Santa Cruz Island,Outside,2009
-0.17129721557843036,-0.19422111675643383,DPM,Santa Cruz Island,Outside,2009
-0.2457398298062687,-0.17551041055755412,PP,Santa Cruz Island,Inside,2009
-0.1891963311284887,-0.11457962735841079,CVP,Santa Cruz Island,Inside,2009
-0.2133645082901568,-0.11397331113844877,LS,Santa Cruz Island,Outside,2009
-0.29571001547799003,0.07341083924208686,PRF,Santa Cruz Island,Outside,2009
0.38586220631176016,-0.07003594717509834,JLNO,Santa Rosa Island,Outside,2009
0.3300696057976035,-0.03814771703153116,JLSO,Santa Rosa Island,Outside,2009
0.24399771952645705,0.24379856391288948,RR,Santa Rosa Island,Outside,2009
0.3912166345700711,0.1140686887330577,CP,Santa Rosa Island,Outside,2009
0.3353062722047357,0.04653871634533043,TC,Santa Rosa Island,Inside,2009
0.4006982252149609,0.06908364581773266,CSAW,Santa Rosa Island,Inside,2009
0.42861670772632343,0.013050346483732732,SP,Santa Rosa Island,Inside,2009
-0.19190779823895432,0.01518033435390577,AR,Anacapa Island,Outside,2008
0.2057223479578709,-0.4650807580947961,CC,Anacapa Island,Inside,2008
0.17199973050352924,-0.30643192242856426,LC,Anacapa Island,Inside,2008
-0.2148236105744965,-0.15519222655845025,KH,Anacapa Island,Inside,2008
-0.35631599109284073,0.019547153728034436,EFC,Anacapa Island,Outside,2008
-0.4092614437540203,-0.22493066562842637,BSBR,Anacapa Island,Inside,2008
-0.3562872216988807,-0.0707449195926254,LH,Anacapa Island,Outside,2008
0.630602488910637,0.11479677733593646,WL,San Miguel Island,Outside,2008
0.27328882532697424,0.38684234181666705,HR,San Miguel Island,Inside,2008
0.4327412527336384,0.09132992617097423,MM,San Miguel Island,Outside,2008
-0.32942202160905665,0.1817604735710199,SESL,Santa Barbara Island,Inside,2008
-0.41652448822916416,0.05952727955009573,AP,Santa Barbara Island,Outside,2008
-0.37387566261436667,0.12399208653188165,CAT,Santa Barbara Island,Outside,2008
-0.18721033360241582,0.15300389498064432,WA,Santa Barbara Island,Outside,2008
-0.7380473667804553,0.45260514873025326,GC,Santa Barbara Island,Inside,2008
-0.046060856134799585,-0.0731741205235168,SER,Santa Barbara Island,Inside,2008
0.21128851076794875,0.06569948208432555,GI,Santa Cruz Island,Inside,2008
0.12463824061491635,-0.05276573830299464,FH,Santa Cruz Island,Outside,2008
-0.18918530181352672,-0.3078008986909314,PB,Santa Cruz Island,Outside,2008
-0.07801696778749709,-0.3496573800986129,SA,Santa Cruz Island,Inside,2008
0.06684144315764176,0.20768312152254179,YB,Santa Cruz Island,Outside,2008
-0.20713084015286645,-0.10730989586347109,DPM,Santa Cruz Island,Outside,2008
-0.1488341653735278,-0.09926639549336977,PP,Santa Cruz Island,Inside,2008
-0.15611519784933237,-0.020859375399648928,CVP,Santa Cruz Island,Inside,2008
-0.11635626490577564,-0.011270944293578479,LS,Santa Cruz Island,Outside,2008
-0.3000893925655079,-0.005593154405260244,PRF,Santa Cruz Island,Outside,2008
0.4212802204897118,-0.06303467390603598,JLNO,Santa Rosa Island,Outside,2008
0.32555786032490125,0.10392292395473285,JLSO,Santa Rosa Island,Outside,2008
0.343211085082062,0.21174056981518594,RR,Santa Rosa Island,Outside,2008
0.35871478359198145,0.02490807151745717,CP,Santa Rosa Island,Outside,2008
0.3710154731657018,0.010012076201543083,TC,Santa Rosa Island,Inside,2008
0.40033988253857095,0.07033712401132877,CSAW,Santa Rosa Island,Inside,2008
0.47822277961139875,0.020224283403754633,SP,Santa Rosa Island,Inside,2008
-0.2266424986673293,-0.04888176459230601,AR,Anacapa Island,Outside,2007
0.12862380873557555,-0.3823087167843425,CC,Anacapa Island,Inside,2007
0.03023939401483126,-0.3220375002183294,LC,Anacapa Island,Inside,2007
-0.2984454720398147,-0.02466386222729513,KH,Anacapa Island,Inside,2007
-0.38228587064892616,-0.023878517230060372,EFC,Anacapa Island,Outside,2007
-0.42641232649405453,0.02675148078934996,BSBR,Anacapa Island,Inside,2007
-0.40200754235761593,-0.09582291942958102,LH,Anacapa Island,Outside,2007
0.5086977153387784,0.08252354555029125,WL,San Miguel Island,Outside,2007
0.38678504798774016,0.1420410123530721,HR,San Miguel Island,Inside,2007
0.4304221307814149,0.5796181775652438,MM,San Miguel Island,Outside,2007
-0.29819822068131857,0.3225451092656224,SESL,Santa Barbara Island,Inside,2007
-0.3222579992256563,0.15719706786342533,AP,Santa Barbara Island,Outside,2007
-0.37439265510625536,0.2607169362405266,CAT,Santa Barbara Island,Outside,2007
-0.15403868784797647,0.2020743132374545,WA,Santa Barbara Island,Outside,2007
-0.25347315351689254,0.47179473980802733,GC,Santa Barbara Island,Inside,2007
-0.12874978333461606,0.04871184853379183,SER,Santa Barbara Island,Inside,2007
0.31285616502145475,-0.018195133866868156,GI,Santa Cruz Island,Inside,2007
0.020874044998829337,-0.13903493811524306,FH,Santa Cruz Island,Outside,2007
-0.3196437083422137,-0.22849439984361813,PB,Santa Cruz Island,Outside,2007
-0.22871387217776223,-0.2178155129527882,SA,Santa Cruz Island,Inside,2007
0.10804610584579674,0.08792217610912904,YB,Santa Cruz Island,Outside,2007
-0.2006949172433641,-0.08093205666409613,DPM,Santa Cruz Island,Outside,2007
-0.25128270073682246,-0.1704165465996157,PP,Santa Cruz Island,Inside,2007
-0.19406635927330446,-0.1561755971858012,CVP,Santa Cruz Island,Inside,2007
-0.19655860401983283,-0.12291826567586733,LS,Santa Cruz Island,Outside,2007
-0.3041366285888968,0.030921149930494718,PRF,Santa Cruz Island,Outside,2007
0.41438483824029376,-0.13818162593551853,JLNO,Santa Rosa Island,Outside,2007
0.410132011739227,-0.06706616433375555,JLSO,Santa Rosa Island,Outside,2007
0.5368579255155407,-0.021864598571802882,RR,Santa Rosa Island,Outside,2007
0.3723810338831091,0.04244760199034513,CP,Santa Rosa Island,Outside,2007
0.33266315163268817,-0.06403165295129204,TC,Santa Rosa Island,Inside,2007
0.46453914792246914,-0.00615696146035823,CSAW,Santa Rosa Island,Inside,2007
0.5044984786449033,-0.1263884245982344,SP,Santa Rosa Island,Inside,2007
-0.1892082027634818,0.0216822689101725,AR,Anacapa Island,Outside,2006
0.08257190072342648,-0.4319551421501874,CC,Anacapa Island,Inside,2006
0.06256701143226392,-0.33849504725146673,LC,Anacapa Island,Inside,2006
-0.26166396253855273,-0.0884847831517103,KH,Anacapa Island,Inside,2006
-0.34778306206785625,0.027451991335773123,EFC,Anacapa Island,Outside,2006
-0.37270284067685905,-0.0949739237045811,BSBR,Anacapa Island,Inside,2006
-0.1592328599935987,0.05507732361641776,LH,Anacapa Island,Outside,2006
0.6274243459909775,0.01985231621011112,WL,San Miguel Island,Outside,2006
0.45284198393341185,0.18492094094397335,HR,San Miguel Island,Inside,2006
0.5417282424758519,0.08856742938579995,MM,San Miguel Island,Outside,2006
-0.4844199454849341,0.5628414391515036,SESL,Santa Barbara Island,Inside,2006
-0.3215018625742272,0.12017444375164513,AP,Santa Barbara Island,Outside,2006
-0.4304486661733448,8.055228836499176e-4,CAT,Santa Barbara Island,Outside,2006
-0.2665514741898107,0.1504850716217642,WA,Santa Barbara Island,Outside,2006
-0.3983336607065016,0.2616110790998351,GC,Santa Barbara Island,Inside,2006
-0.11307221070663503,-0.10918521779110087,SER,Santa Barbara Island,Inside,2006
0.17456297170978805,0.01467343686668546,GI,Santa Cruz Island,Inside,2006
0.08172786275062306,-0.2269970342282857,FH,Santa Cruz Island,Outside,2006
-0.352649566586148,-0.23547549398893478,PB,Santa Cruz Island,Outside,2006
-0.1734461693338681,-0.2657308158316546,SA,Santa Cruz Island,Inside,2006
-0.023440812587318078,0.1556651168982093,YB,Santa Cruz Island,Outside,2006
-0.05402360220503616,-0.04367560105986834,DPM,Santa Cruz Island,Outside,2006
-0.15442869104594856,-0.12229019940107175,PP,Santa Cruz Island,Inside,2006
-0.19980324515688136,-0.03491943313335514,CVP,Santa Cruz Island,Inside,2006
-0.1488684547284971,-0.030848750998279988,LS,Santa Cruz Island,Outside,2006
-0.33105556767529826,-0.0316278900331066,PRF,Santa Cruz Island,Outside,2006
0.3107848968661145,-0.06561630534644987,JLNO,Santa Rosa Island,Outside,2006
0.29732549374323036,0.014358149090980446,JLSO,Santa Rosa Island,Outside,2006
0.4149502203717969,0.24697690395383615,RR,Santa Rosa Island,Outside,2006
0.45119869682173014,0.10132071131067713,CP,Santa Rosa Island,Outside,2006
0.3707213917546886,0.07822010778513759,TC,Santa Rosa Island,Inside,2006
0.43854992020522765,0.030045586887370915,CSAW,Santa Rosa Island,Inside,2006
0.4756799184156668,-0.01445420163348973,SP,Santa Rosa Island,Inside,2006
-0.1229964343473635,0.06189696544041549,AR,Anacapa Island,Outside,2005
-0.035011089633993256,-0.2871680751862511,CC,Anacapa Island,Inside,2005
3.8432552112065615e-4,-0.29132925585363256,LC,Anacapa Island,Inside,2005
-0.14823703128555912,0.010547448899755178,KH,Anacapa Island,Inside,2005
-0.23200037503861654,0.004592647344928389,EFC,Anacapa Island,Outside,2005
-0.39295256698002445,-0.14625834066099344,BSBR,Anacapa Island,Inside,2005
-0.01091757948238779,-0.1358161385818542,LH,Anacapa Island,Outside,2005
0.5529202418437871,0.08530173579215446,WL,San Miguel Island,Outside,2005
0.3679490535875577,0.09700801932314818,HR,San Miguel Island,Inside,2005
0.41370642243074557,-0.721943111717938,MM,San Miguel Island,Outside,2005
-0.43886072490364314,-0.25058200024748983,SESL,Santa Barbara Island,Inside,2005
-0.5811417210711667,0.022863838963828483,AP,Santa Barbara Island,Outside,2005
-0.5743703144215024,-0.11587001493777253,CAT,Santa Barbara Island,Outside,2005
-0.21139267684890584,-0.07514174903519523,WA,Santa Barbara Island,Outside,2005
-0.33513473837183017,-0.05067740433087962,GC,Santa Barbara Island,Inside,2005
-0.11345577553181979,-0.09322261982690697,SER,Santa Barbara Island,Inside,2005
0.24538621076982506,0.051130132786870106,GI,Santa Cruz Island,Inside,2005
0.05807290669598196,0.2398655673611758,FH,Santa Cruz Island,Outside,2005
-0.38881428052081385,0.3011861318962096,PB,Santa Cruz Island,Outside,2005
-0.24285186704193404,0.1716725994692005,SA,Santa Cruz Island,Inside,2005
0.18609274617517477,0.3663538632518163,YB,Santa Cruz Island,Outside,2005
-0.07522659885702108,0.14719393421868399,DPM,Santa Cruz Island,Outside,2005
-0.16013537555752066,0.1130577421466677,PP,Santa Cruz Island,Inside,2005
-0.21596420067515174,0.10194875605473303,CVP,Santa Cruz Island,Inside,2005
-0.07309044974205224,0.09111480648102831,LS,Santa Cruz Island,Outside,2005
-0.27350617256623144,0.07297684134887715,PRF,Santa Cruz Island,Outside,2005
0.3886225997894174,-0.038870040230359476,JLNO,Santa Rosa Island,Outside,2005
0.3414869001947191,0.06358772464836358,JLSO,Santa Rosa Island,Outside,2005
0.4117711653498737,0.18882133662185224,RR,Santa Rosa Island,Outside,2005
0.45928845862915674,0.018768248931413843,CP,Santa Rosa Island,Outside,2005
0.3381291574535666,-0.026654486509650074,TC,Santa Rosa Island,Inside,2005
0.40831164378742113,0.049634596138291714,CSAW,Santa Rosa Island,Inside,2005
0.4539381406491906,-0.025989700000490914,SP,Santa Rosa Island,Inside,2005
