Common_Name,CommonName,ScientificName,Inside,Outside,Anacapa Island,San Miguel Island,Santa Barbara Island,Santa Cruz Island,Santa Rosa Island,MeanDecreaseAccuracy,MeanDecreaseGini,MeanDecreaseAccuracy_Isl,MeanDecreaseGini_Isl,Data_Type,Classification,Targeted,Type
SurveyYear,Survey Year,SurveyYear,28.79736932817375,16.51041737265778,-2.1080715487437613,-6.015975002958756,-5.74420801141706,-1.5622306760186477,2.3263825982405946,24.14946628428171,20.152619541690214,-5.988798990227642,8.316430742894896,Categorical,Meta data,Categorical,RF_All
ReserveStatus,Reserve Status,ReserveStatus,NA,NA,21.62590873085067,15.127628875560278,17.485002039516896,18.73792395934277,14.7196880531247,NA,NA,25.792819358219514,4.650470461914903,Categorical,Meta data,Categorical,RF_All
Reference,Reference,Reference,14.618074184316654,13.55334286033898,36.871262396898345,55.54851513650599,52.49186370686292,45.272384356187594,38.61056716067608,16.588287825787205,1.8278042276912596,59.03213888711785,33.729796988959514,Categorical,Meta data,Categorical,RF_All
brown_algae,brown algae,Phaeophyta,18.55735404800792,14.45541378180996,15.552720506142434,13.892382975084264,9.412367153559385,16.09520849436091,12.032013985109133,21.271138236188616,5.422362787778893,24.234748756477426,6.0114149736854605,Percent Cover,Algae,Non-targeted,RF_All
bladder_chain_kelp,bladder chain kelp,Cystoseira,19.17686138583704,14.172344038677835,16.88456249520399,11.758884468022835,9.975093733232654,19.82534927229193,7.203604566224332,21.62605227445325,4.223991356109326,24.77980872691866,4.745044393193376,Percent Cover,Algae,Non-targeted,RF_All
red_algae,red algae,Rhodophyta,12.155272293140523,14.24851643397206,15.949513588122349,16.993701372256016,20.303921504122357,28.993671954157115,15.940637254282327,17.957426583802963,3.980848770247694,34.938058576600376,10.133662000307586,Percent Cover,Algae,Non-targeted,RF_All
articulated_coralline_algae,articulated coralline algae,articulated coralline algae,24.209276608558998,17.197825767169515,25.783303001539775,26.747023728671934,17.810628521612028,29.494467146747322,19.96001952834886,26.644864761089618,5.790007106154953,37.25544448611755,13.151180901201794,Percent Cover,Algae,Non-targeted,RF_All
encrusting_coralline_algae,encrusting coralline algae,encrusting coralline algae,15.773865449002342,8.259226617138784,14.831417165255626,14.974942274365967,17.80386897924541,19.562274085137016,15.628217853421885,15.715414230519274,3.637335395208462,32.15673942856157,7.502035901544624,Percent Cover,Algae,Non-targeted,RF_All
sea_tongue,sea tongue,Gigartina,2.0831256874489066,11.867488107447219,11.111040509369134,8.722645151772252,17.07682491899678,19.411990626768194,16.263417609072945,12.039780502222381,1.5050355186171203,21.043862611364133,6.512792147140517,Percent Cover,Algae,Non-targeted,RF_All
orange_cup_coral,orange cup coral,Balanophyllia elegans,17.697456107866103,16.481937186886878,30.007083718719755,17.931637961060567,23.981807253731333,27.633026554344625,29.11223018772489,21.544794449965572,3.9281904436803057,35.79316302426682,15.602074051659585,Percent Cover,Invertebrate,Non-targeted,RF_All
La_Jolla_cup_coral,La Jolla cup coral,Astrangia lajollaensis,26.281348729349578,21.13845913600089,24.420929185850827,29.025187568070834,30.61397903187902,37.43993669931582,28.546041363490136,28.93366156963881,5.59212778582856,46.23200252548899,18.489123393389928,Percent Cover,Invertebrate,Non-targeted,RF_All
ornate_tube_worm,ornate tube worm,Diopatra ornata,17.523891580392732,10.890305006108667,12.42081927283775,16.049725345093588,31.41043753774795,20.35928874583091,21.458987043958107,19.397205174998643,3.1077097093882173,33.70919800934145,10.389995971212704,Percent Cover,Invertebrate,Non-targeted,RF_All
scaled_wormsnail,scaled wormsnail,Serpulorbis squamigerus,11.267961186622825,11.276653570197094,9.430391037738806,7.227673018408307,9.345950796351236,21.550439242368327,7.6872352356350415,15.526996981063505,2.618121868773895,25.097673445757472,4.37495469103141,Percent Cover,Invertebrate,Non-targeted,RF_All
tunicates,tunicates,Tunicata,15.630017738517326,15.202680137300865,11.527274121002407,21.236269406298252,20.56789042733272,25.55670259317776,14.950366433425838,20.848407402664723,4.823720851953355,34.03473214256931,8.788917006446376,Percent Cover,Invertebrate,Non-targeted,RF_All
Miscellaneous_Invertebrates_w_spiny_brittle_stars,Misc. Inv. including spiny brittle stars,Misc. Inv. including Ophiothrix spiculata,15.794961996357392,13.692027265252174,12.115127121253256,8.727127704716503,8.750390242404231,12.159072801388909,7.844897273426791,17.967926289869034,2.6188494469744628,19.510803170863717,3.048815861936054,Percent Cover,Invertebrate,Non-targeted,RF_All
acid_weed,acid weed,Desmarestia,3.722396173359393,9.071931848088495,12.637543319350343,11.12964991413809,6.739388425533681,19.182651918810894,-1.4178242256364886,9.624538467069113,1.0036257767527708,21.015910048678027,3.4810176083041537,Percent Cover,Algae,Non-targeted,RF_All
green_algae,green algae,Chlorophyta,9.176727569202095,10.94910828997867,2.9585689992117086,6.048370338157843,7.956698151505514,6.0318756398151345,18.065884275617105,13.424035318189707,2.7307314707493067,20.351315246106015,3.936816511802275,Percent Cover,Algae,Non-targeted,RF_All
agar_weed,agar weed,Gelidium,16.12370022125552,19.763259730487388,18.464357902955303,8.087208145668164,9.31711556776657,8.614748740468007,11.10746880192949,22.33900471189465,4.419023736233261,21.926935142702284,3.7835496017924144,Percent Cover,Algae,Non-targeted,RF_All
miscellaneous_plants,miscellaneous plants,Plantae,3.836298361297941,2.5604289494375325,4.183520741796703,8.125188692075518,3.8690305325803434,7.812252786199131,2.915301623100563,4.4924830968446905,1.7644162325173571,11.650865186511778,2.6458327218489153,Percent Cover,Algae,Non-targeted,RF_All
sponges,sponges,Porifera,11.35635845940526,15.447752772873828,8.991431011465478,15.181527004785147,8.140048045904168,20.322758423067203,13.804407358121615,17.99640130848261,3.3680221944902975,25.75891368742211,5.160937257420245,Percent Cover,Invertebrate,Non-targeted,RF_All
club_tipped_anemone,club-tipped anemone,Corynactis californicus,18.24014723960429,17.39359628938668,14.015200978394178,20.309282331883274,14.046318004825016,17.131425095934585,8.88936559596628,22.700454052864522,3.745755751884525,29.659475422855483,6.437037403745722,Percent Cover,Invertebrate,Non-targeted,RF_All
colonial_sand_tube_worm,colonial sand-tube worm,Phragmatopoma californica,7.7617916626456,1.9362684517263622,5.5108386793081285,5.850649955278886,8.109189240588949,17.38996070816443,13.521832040546016,7.076226613657616,1.3535167938796413,18.76562775669333,4.012121450347095,Percent Cover,Invertebrate,Non-targeted,RF_All
bryozoans,bryozoans,Bryozoa,13.456007104691224,13.445664416157772,10.486531981063925,14.484963461499277,11.944067201413667,17.59514498899404,11.12518533280048,17.660965015190786,3.8570831817317908,26.682462699978004,5.41105492544025,Percent Cover,Invertebrate,Non-targeted,RF_All
Southern_staghorn_bryozoan,Southern staghorn bryozoan,Diaperoecia californica,14.626373984611465,13.003197273562813,16.166803117920963,26.36896868211832,24.67719296381965,27.176336507577624,9.095644888322978,19.041090753635036,2.857284663423585,36.04578324397993,10.064462029617435,Percent Cover,Invertebrate,Non-targeted,RF_All
aggregated_red_sea_cucumber,aggregated red sea cucumber,Pachythyone rubra,3.346284380382952,3.8264393731006545,13.284208218430402,8.228316130239298,14.0697077224934,11.067282692251707,6.689601571971016,5.313349982408768,0.6751945897335001,17.53653302605181,2.309022567475475,Percent Cover,Invertebrate,Non-targeted,RF_All
spiny_brittle_star,spiny brittle star,Ophiothrix spiculata,24.63307605216767,16.11802909422004,27.33206692222831,10.144126514902995,20.373333893222505,28.94652818688552,12.921127052836836,24.56065060812795,4.2637238791789045,34.33868015970903,8.274551277475007,Percent Cover,Invertebrate,Non-targeted,RF_All
Miscellaneous_Invertebrates_wo_spiny_brittle_stars,Misc. Inv. excluding spiny brittle stars,Misc. Inv. excluding Ophiothrix spiculata,26.544622667436517,27.154872804161396,12.644232061300528,7.712658343217885,11.662741982896605,17.828684980335908,4.184204357936768,30.796521891764513,11.1263493410015,23.015179787813803,3.8374665975258946,Percent Cover,Invertebrate,Non-targeted,RF_All
island_kelpfish,island kelpfish,Alloclinus holderi,10.18482415453225,9.31804193239126,15.14561450181121,12.897763434715339,16.7900080323133,11.695740762752553,14.094137405699993,13.56956034156746,2.172426714550266,22.90146897695127,5.355432772745428,Count,Fish,Non-targeted,RF_All
California_brown_sea_hare,California brown sea hare,Aplysia californica,8.130734985568754,18.026594838040047,14.70795136594777,14.244564225118626,33.012760335926956,18.46432730661106,8.28926186075449,19.560561232258262,3.196707872436182,36.10304835912854,10.365723345995262,Count,Invertebrate,Non-targeted,RF_All
Coronado_urchin,Coronado urchin,Centrostephanus coronatus,9.461822546527497,12.127698924201242,36.214016921708115,15.794001851421786,11.372722482940178,21.536092309931224,14.096038410510028,14.119595252166434,2.1717858868055733,34.09301004975581,10.814848601928142,Count,Invertebrate,Non-targeted,RF_All
blackeye_goby,blackeye goby,Coryphopterus nicholsi,17.101479180513962,11.775748514143682,29.9470627133468,24.74521436253528,40.05722138366993,38.46525485916475,26.419040650593526,19.136243188198776,3.5354417568038854,46.15592544863977,19.925943516162466,Count,Invertebrate,Non-targeted,RF_All
gumboot_chiton,gumboot chiton,Cryptochiton stelleri,2.264656195902575,2.9189101775861386,1.0001667083449108,3.371687467720523,1.0001667083449108,0,-0.4381256121246608,3.4299427368282984,0.09687681469187417,2.2726643582338877,0.10826238658077615,Count,Invertebrate,Non-targeted,RF_All
chestnut_cowrie,chestnut cowrie,Cypraea spadicea,15.214246547711467,9.56899513496417,7.778419124423544,29.222260157426117,20.65203118361232,13.015923424678705,27.459533892387086,16.77584221550646,2.9208695269934877,37.31997240620183,10.875282063253852,Count,Invertebrate,Non-targeted,RF_All
Southern_sea_palm,Southern sea palm,Eisenia arborea,17.826058135280665,19.116901632115898,8.725521400711756,9.503103879130716,10.211437572200186,14.343144571309866,12.841783750425954,22.63885656332643,5.413885602493245,21.745436029570904,2.996642960340278,Count,Algae,Non-targeted,RF_All
threaded_abalone,threaded abalone,Haliotis assimilis,0,-1.9867521673978228,0,-1.480728979010157,0,1.4118101834618377,1.144095513303585,-1.991464741263848,0.03622398773360223,0.4272914619782565,0.09569704199975435,Count,Invertebrate,Targeted,RF_All
white_abalone,white abalone,Haliotis sorenseni,0,0,0,0,0,0,0,0,0,0,0,Count,Invertebrate,Targeted,RF_All
oar_weed,oar weed,Laminaria farlowii,22.720057274433845,25.318944982958186,21.409355969805947,11.880662699545624,16.130901664941405,15.235693419455899,9.723249396105277,28.203628305268698,9.625218879308067,25.678126805164258,5.129425834024412,Count,Algae,Non-targeted,RF_All
blue_banded_goby,blue-banded goby,Lythrypnus dalli,4.992244754136423,4.178495167245933,5.759152880508437,12.89992513716034,25.89894886050469,24.619457689997958,12.511106682217086,6.130776757987554,0.5935325308147731,28.194851843403505,6.623738664132118,Count,Fish,Non-targeted,RF_All
California_spiny_lobster,California spiny lobster,Panulirus interruptus,43.66771993503647,41.837498029743344,25.698911330634918,17.55541767127538,12.528792565155568,15.543093731910195,16.663766366580045,49.54256469784169,26.95927309245483,27.36027929872759,8.617435463373718,Count,Invertebrate,Targeted,RF_All
ochre_sea_star,ochre sea star,Pisaster ochraceus,2.6067864791286874,0.19800197755610993,3.1568918801989287,-1.9916576187899035,0.9079029908633027,1.0692593436570064,3.841579881066179,1.5529401584314415,0.24823242355810793,3.4891570345747143,0.34090996317898425,Count,Invertebrate,Non-targeted,RF_All
California_sea_palm,California sea palm,Pterygophora californica,4.939370243359797,7.172978115874072,7.882863918677682,7.955155968829088,11.951755246077772,8.478042194807315,10.665286023327745,9.157977840385904,0.9578622194744744,12.735993396430082,2.2402827795949563,Count,Algae,Non-targeted,RF_All
devil_weed,devil weed,Sargassum horneri,9.04333950577036,10.15257254431069,8.655453297831363,5.240295658148132,2.2243197164946573,9.373527103515995,6.444176576482019,11.65479932407021,1.7354766951059628,13.5061932723004,1.817138148411593,Count,Algae,Non-targeted,RF_All
stalked_tunicate,stalked tunicate,Styela montereyensis,4.841249108395477,14.496747239039374,22.353136353485755,14.487226030597737,26.40517199301603,29.186666576841294,32.53774038280639,13.665521998686446,1.806619225568066,33.99574464547362,19.340068229719336,Count,Invertebrate,Non-targeted,RF_All
California_hydrocoral,California hydrocoral,Stylaster californicus,23.257977235243096,20.397909131254117,5.2615065486367385,12.425389182129042,8.409159002709139,23.862048536944165,11.275940985567695,24.99490240788365,2.429567976408812,24.83229954682344,3.211818542519804,Count,Invertebrate,Non-targeted,RF_All
white_spotted_rose_anemone,white-spotted rose anemone,Urticina lofotensis,15.264774618765003,20.424391514301362,34.69148203447298,52.07286716920445,40.620141216775984,50.06377310372126,50.28533024106799,23.779677538265542,3.5581823451186994,59.837478316915686,46.997054435462964,Count,Invertebrate,Non-targeted,RF_All
wakame,wakame,Undaria pinnatifida,5.005600950115321,3.1662833844466247,5.428972314595071,0,0,1.0001667083449108,0,5.709150494367116,0.19895569322471754,5.532104239019401,0.17474069546715323,Count,Algae,Non-targeted,RF_All
blacksmith,blacksmith,Chromis punctipinnis,5.3609283349014625,10.874226888107179,18.860944686498524,12.999389178931965,12.87590423303645,7.645387898280392,10.25500822416358,12.302442852135911,2.1684591002153932,22.63928525078398,5.498588166591536,Count,Fish,Non-targeted,RF_All
black_surfperch,black surfperch,Embiotoca jacksoni,5.239568291456072,7.87900081683035,8.980355900431263,11.178295274059405,25.998529858986632,16.954928043251453,11.488487377040798,9.810350806979695,1.5457375559087667,28.26166668959113,6.520538945839658,Count,Fish,Targeted,RF_All
striped_surfperch,striped surfperch,Embiotoca lateralis,5.074675130117179,6.5322674626868755,17.164336815668793,17.055008214326218,23.459137086245626,24.452205901804085,19.8213308854365,8.651628503685421,0.916782097373471,26.35062391141225,12.352021695554118,Count,Fish,Targeted,RF_All
opaleye,opaleye,Girella nigricans,2.8800528545357134,5.499189294535818,8.963161566085775,10.646940909890288,1.4828658399935628,6.4706325032649925,4.797783306817012,6.195412367785355,0.9173043563782834,13.439889200252598,2.0095996653674355,Count,Fish,Targeted,RF_All
garibaldi,garibaldi,Hypsypops rubicundus,15.433676082603967,15.425194274360724,22.758411079860963,23.363744814026603,24.64245600888864,19.268061948726853,19.87599079761208,19.701038438346576,3.093696152640119,28.195343629814214,10.839017207692322,Count,Fish,Non-targeted,RF_All
senorita,senorita,Oxyjulis californica,2.716360825712807,5.0818536647024,1.114690973626449,6.681799703459859,5.04374051888783,8.905960458000477,2.1068112913615304,5.581914539331549,1.5017465806187231,11.39190497598143,2.232517957685867,Count,Fish,Non-targeted,RF_All
kelp_bass,kelp bass,Paralabrax clathratus,11.539541510317278,6.062434336676664,11.950271315895083,20.80307680007176,12.160190819666195,11.66681521050013,6.321965153456208,12.312718833021385,1.6996434911473544,22.362687171041543,5.266966162109209,Count,Fish,Targeted,RF_All
pile_perch,pile perch,Rhacochilus vacca,1.8729060068978662,5.1991418675537036,7.089388539840479,7.028537531600436,18.826765321287148,9.910439643919528,6.294469784616349,5.476142705723612,0.9831868987424659,19.376590156639093,3.296246667667219,Count,Fish,Targeted,RF_All
kelp_rockfish,kelp rockfish,Sebastes atrovirens,4.651121629774295,3.3616079604253026,5.8105021775704815,6.627293825635205,14.015616643504215,6.285324609699666,4.145604477539341,5.820287068012652,0.8177274327972037,14.250322243795463,2.1046969415064476,Count,Fish,Targeted,RF_All
blue_rockfish,blue rockfish,Sebastes mystinus,6.9262570405853054,1.9155299268066526,4.731345143329049,8.037015164282334,13.2018790598375,12.752333364675023,13.118700816267252,6.31198678928976,1.2402989121866588,16.553144895199107,3.3879981072914362,Count,Fish,Targeted,RF_All
olive_rockfish,olive rockfish,Sebastes serranoides,6.879699915160351,3.548935157759966,5.80661947836172,2.9941838595428516,7.540820180957666,6.073245558810675,2.5559350689351548,6.557821897251806,1.2071435337964704,11.307189285200549,1.3698605541383289,Count,Fish,Targeted,RF_All
California_sheephead_female,California sheephead female,Semicossyphus pulcher,7.5375593783296155,8.760965605623376,6.469738830379731,14.72782457507625,10.41540047357564,11.955505904898299,7.25520031159484,11.312891987380738,2.0367923815517117,22.331839128966344,3.8527227809902387,Count,Fish,Targeted,RF_All
California_sheephead_male,California sheephead male,Semicossyphus pulcher,4.3156918424851485,8.161282255754712,1.9256929191509777,1.211228986848205,2.675175157216674,5.0964506449222124,0.4481290195516841,9.152392669808536,1.4715452569436553,5.79877179695474,0.7890998264535721,Count,Fish,Targeted,RF_All
rock_wrasse_female,rock wrasse female,Halichoeres semicinctus,4.175658171107845,5.616601711664741,8.005797612871241,5.990922397001598,7.871405492579376,5.045231710849352,6.068462059748517,7.1016278834930615,0.9860903179455373,13.30813350727942,1.7658224148928623,Count,Fish,Non-targeted,RF_All
rock_wrasse_male,rock wrasse male,Halichoeres semicinctus,1.8315433027985721,6.923626748424736,2.991868060710522,6.145947191855258,5.719285547286883,4.693269997404913,5.902474409323929,6.76077479669094,0.8371109582898653,10.890505408014423,1.2772415373956547,Count,Fish,Non-targeted,RF_All
wavy_turban_snail,wavy turban snail,Megastraea undosa,21.218571860043898,16.66320251922975,18.39268546100346,29.316522278637162,20.08418520546176,28.197946315290398,11.726618565232359,25.306726629334225,5.538737881922339,34.50875820458296,11.875623352324086,Biomass,Invertebrate,Targeted,RF_All
warty_sea_cucumber,warty sea cucumber,Parastichopus parvimensis,39.24827155358645,36.790072791165834,30.977809189613083,17.48907459260473,18.35031429462863,18.63658507115543,20.679873713460932,45.883704111999926,13.392018002891055,35.32030760312128,10.782601441415666,Biomass,Invertebrate,Targeted,RF_All
bat_star,bat star,Patiria miniata,16.863789885889528,19.458179447135933,19.956591314665417,21.85378192433954,24.82167997330445,22.080193259121483,21.892219562094986,25.7067470008976,5.578634095098105,33.416221506929226,11.28514451480589,Biomass,Invertebrate,Non-targeted,RF_All
giant_spined_sea_star,giant-spined sea star,Pisaster giganteus,16.639818476054185,13.835209747916302,22.076361717999863,18.262847768830607,18.74931261175285,17.56069687896473,16.468644568921366,21.219769981404497,3.8643733872105877,34.19696039041484,8.473309077402785,Biomass,Invertebrate,Non-targeted,RF_All
red_sea_urchin,red sea urchin,Strongylocentrotus franciscanus,35.65201897156871,29.13719041456203,29.467466736155508,29.975470683791084,17.053386498142203,36.38252180587103,15.073706924769809,40.411339838534985,13.655767096914957,43.936482609006845,14.738002337924105,Biomass,Invertebrate,Targeted,RF_All
purple_sea_urchin,purple sea urchin,Strongylocentrotus purpuratus,16.31006045821975,17.926841038323115,19.03587390172682,20.695509178310395,15.11116899255528,28.01309504558813,10.409020144933116,23.341653029158504,4.990813418815114,38.156393243082015,9.1420278517635,Biomass,Invertebrate,Non-targeted,RF_All
rock_scallop,rock scallop,Crassedoma giganteum,34.32714341677982,29.398039405142576,32.60552935212859,14.866001954302636,32.64042691002537,23.92598433324872,17.553631894128355,39.254444335736245,12.217091174715764,42.09096779554769,13.61994407085371,Biomass,Invertebrate,Targeted,RF_All
pink_abalone,pink abalone,Haliotis corrugata,12.798588628458626,6.925928381110718,31.96757554671957,15.9382611786404,9.012152807182014,17.83911371729512,16.483702022990066,14.541793264800678,1.9669184839037601,32.52151102909291,9.376937205162305,Biomass,Invertebrate,Targeted,RF_All
green_abalone,green abalone,Haliotis fulgens,-3.3831176636853346,6.911827926644179,-3.8691989691267397,2.356942253078036,6.406711533048741,4.909096512999884,3.448737280605466,3.3309446689168554,0.37283148571593416,6.123009467374051,0.5169988917139089,Biomass,Invertebrate,Targeted,RF_All
red_abalone,red abalone,Haliotis rufescens,14.724426596324792,15.712163329787506,24.382803775356646,33.00582256616585,29.073202295387247,24.788576372670413,26.292429781236848,19.945759842839237,2.783563997671346,35.22770820716295,19.334738849656524,Biomass,Invertebrate,Targeted,RF_All
Kellets_whelk,Kellet's whelk,Kelletia kelletii,45.68160568831716,44.91131244301693,30.811150979846357,25.14029889906482,43.79791156579633,30.931417258985277,15.15773943883732,51.09679654480078,18.803799152838852,50.64732016726042,18.90887308559427,Biomass,Invertebrate,Targeted,RF_All
red_gorgonian,red gorgonian,Lophogorgia chilensis,22.992976308882223,14.612515555771278,29.36598116613258,41.494544512343914,30.338196084550958,46.64084389421501,25.542967733312384,24.03657673186126,4.2865879833781015,48.10420488748725,23.951533322094416,Biomass,Invertebrate,Non-targeted,RF_All
white_sea_urchin,white sea urchin,Lytechinus anamesus,36.723649375152064,27.68108424650917,13.408119649516104,15.49095029221604,11.795587027767636,14.082767843436425,9.951870032881752,38.79971120674694,13.144708656375643,25.482731584097923,4.698466105861085,Biomass,Invertebrate,Non-targeted,RF_All
giant_kelp,giant kelp,Macrocystis pyrifera,23.34958615678513,16.01381177255814,13.36308127503154,12.818460497689527,9.970108667664993,14.085180605785803,9.941478256010594,24.462614368814954,6.67655430046397,19.56233215990859,4.616964930963144,Biomass,Algae,Targeted,RF_All
giant_keyhole_limpet,giant keyhole limpet,Megathura crenulata,17.07148067093344,25.641094021123994,17.653862409923427,35.80742150967286,35.58040186708498,37.92535322281461,34.72489651896935,27.87759569704325,5.335845539253776,53.389621471045004,20.44096073134254,Biomass,Invertebrate,Non-targeted,RF_All
brown_gorgonian,brown gorgonian,Muricea fruticosa,10.089381149175265,9.888658840279522,38.09724610846511,16.591356917407555,17.828817714900893,26.920079666056456,17.02596531975333,13.680825488707919,1.91301323182068,39.05964591862574,13.200007103725982,Biomass,Invertebrate,Non-targeted,RF_All
sunflower_star,sunflower star,Pycnopodia helianthoides,10.974170692437996,14.36040921264177,20.542693800452934,20.00996840467349,17.2368817372164,15.366080412190756,17.289005931912726,17.3368246081191,2.6748896527261996,25.81900296400839,7.38462213463857,Biomass,Invertebrate,Non-targeted,RF_All
orange_puffball_sponge,orange puffball sponge,Tethya aurantia,22.59151497404536,27.393954447837647,30.569989740311343,21.14356660093762,33.752799748057164,31.609671123310203,35.571418197929844,32.50741977478858,6.4111303534286055,45.63126149231888,21.417288429308268,Biomass,Invertebrate,Non-targeted,RF_All
red_turban_snail,red turban snail,Lithopoma gibberosa,15.774046343286486,15.614732966081755,16.131704083049595,27.265337038598744,11.75088666298134,11.900317678379768,10.828095341012462,19.56521581140591,2.708547592898517,32.56254635825006,7.834974641394144,Biomass,Invertebrate,Targeted,RF_All
California_golden_gorgonian,California golden gorgonian,Muricea californica,23.198884863409887,14.728902679962946,42.86498683073524,20.50117575860441,32.0608136228943,37.579984616061175,20.216029256881168,24.61637995398322,3.905141829494935,46.81844983885458,17.744385602083526,Biomass,Invertebrate,Non-targeted,RF_All
queen_tegula,queen tegula,Tegula regina,5.975178289165341,14.458673731060115,14.752037285423294,10.661090849180589,20.034346814269966,13.458814225688895,15.531383539569708,15.146854237262028,2.670643242517552,27.247630762524683,5.487531056675367,Biomass,Invertebrate,Non-targeted,RF_All
total_benthic_biomass,total benthic biomass,total benthic biomass,24.902884384300318,25.8511860077648,21.887964298449447,18.203241519895677,13.855898095192229,25.29730360248477,10.49360587393754,32.42948361098893,8.925094065302225,35.13166883692326,8.39822858498656,Biomass,Invertebrate,Calculated Value,RF_All
total_biomass,total biomass,total biomass,27.027183144823063,31.358084103259927,23.354087987221817,15.63889194090232,16.7060797979823,21.063563551007874,11.837621986010106,35.596531391717754,15.666209139762318,33.4414491175512,8.008659839038875,Biomass,Mixed,Calculated Value,RF_All
richness_all,Richness,Richness,26.955380642700018,27.354500052787735,11.480468893208075,7.908239462843288,8.416710990228003,14.987850819163276,7.421328817000832,31.086242311275445,10.461193851080468,20.3110427224126,4.003927640446292,Index Value,Calculated Value,Calculated Value,RF_All
shannon_all,Shannon Index,Shannon Index,15.964247758507753,17.768094332992238,14.914629650123185,15.357747092717387,22.67999591891389,21.055092917166053,9.929350993080874,22.405137602137387,4.103954452663882,33.961037195515935,8.555092741657194,Index Value,Calculated Value,Calculated Value,RF_All
simpson,Simpson Index,Simpson Index,27.64828389343668,24.597490090372744,30.857311480026024,11.671461140402231,13.615986906812983,25.320338063934912,14.071955029061492,31.126036580453263,10.585064538714816,36.10333257609212,11.887839356267754,Index Value,Calculated Value,Calculated Value,RF_All
IslandName,Island Name,IslandName,32.928611484003476,31.26276673249937,NA,NA,NA,NA,NA,36.508114484551726,9.800771787596593,NA,NA,Categorical,Meta data,Categorical,RF_All
SurveyYear,Survey Year,SurveyYear,-2.3116990382608824,-6.508770515643201,-3.16029186103601,-2.8802451585913826,-0.6130912427576368,1.4576171170930836,1.2503537962341296,-6.423186515545364,4.066694619468474,-1.7270120006259124,2.8998951192228075,Categorical,Meta data,Categorical,RF_2005
ReserveStatus,Reserve Status,ReserveStatus,NA,NA,8.032972258651387,7.711850841924184,9.206684990071516,8.25832311226351,7.843321764627485,NA,NA,15.116763740559096,0.9018890634991454,Categorical,Meta data,Categorical,RF_2005
Reference,Reference,Reference,11.028193866896503,10.935641383896172,10.08941639400674,27.6652961150061,18.715044724753213,17.366886829099272,23.29298701169713,13.000710333483582,0.8073391170155046,30.466492931748594,6.0044878854891435,Categorical,Meta data,Categorical,RF_2005
brown_algae,brown algae,Phaeophyta,14.508736711627636,15.594136699839993,4.668657847920387,5.457041333337054,9.128806589306395,6.914037038017556,13.553932596820413,19.77723663568266,3.4184713215294664,17.62379493848762,2.488320038337529,Percent Cover,Algae,Non-targeted,RF_2005
bladder_chain_kelp,bladder chain kelp,Cystoseira,19.648422689499416,15.144146988493128,12.973260616880294,1.852425017594347,6.470598209736676,10.943300730521152,3.6416910895093197,21.921429954053547,3.315718497915761,16.313984334569625,1.602641097413999,Percent Cover,Algae,Non-targeted,RF_2005
red_algae,red algae,Rhodophyta,11.015851111492621,13.427002571002856,7.8849469249950905,5.6068894094407415,7.596383591588378,10.195880168369102,8.610138949931276,17.089578591516446,2.814409042684979,14.598892829734202,2.6659241696379166,Percent Cover,Algae,Non-targeted,RF_2005
articulated_coralline_algae,articulated coralline algae,articulated coralline algae,13.723095395601037,10.784981723039389,16.52434306516344,14.609883594590286,10.931424337267742,17.398363794024043,14.99229128878506,16.184935868789633,2.2234259965314473,25.19936754727113,4.706296939307671,Percent Cover,Algae,Non-targeted,RF_2005
encrusting_coralline_algae,encrusting coralline algae,encrusting coralline algae,10.586955734219094,3.3335799328193105,12.098786429319443,3.7899143903157757,12.180195707127233,7.132255210588906,10.968515699521658,10.671003603490325,1.8187649894035727,19.619883360709416,2.9322118560673007,Percent Cover,Algae,Non-targeted,RF_2005
sea_tongue,sea tongue,Gigartina,2.891517044644844,7.599590915459026,9.54730406050961,4.591068526754488,8.134960018194493,11.752329805577926,13.31498540293983,8.182207444479669,0.8819727560631379,15.76045562193532,2.4851355624721942,Percent Cover,Algae,Non-targeted,RF_2005
orange_cup_coral,orange cup coral,Balanophyllia elegans,8.121443062383607,7.8172742034171225,24.153685071077525,11.79178871799557,15.609936142315014,9.544107927384815,16.863949936920022,11.476375836155153,1.4031431677841277,25.352971056372585,6.0831483267631015,Percent Cover,Invertebrate,Non-targeted,RF_2005
La_Jolla_cup_coral,La Jolla cup coral,Astrangia lajollaensis,19.700674677750115,18.495077495570168,25.182605253429113,12.115444616588015,25.939819575303442,34.601056258276095,15.618462995436966,23.082325907525764,3.6655682850656826,36.5337979785519,12.534940631215754,Percent Cover,Invertebrate,Non-targeted,RF_2005
ornate_tube_worm,ornate tube worm,Diopatra ornata,13.34804784334055,8.228274293128173,9.174690757952632,5.5405784449507465,21.085773420323065,12.563216854184624,13.740898153115666,14.693527478169743,1.7818688797119377,24.99706921683259,3.8861624812688413,Percent Cover,Invertebrate,Non-targeted,RF_2005
scaled_wormsnail,scaled wormsnail,Serpulorbis squamigerus,7.502035798960817,10.361488641982623,8.6896097884619,0.1460657258555316,-0.09758611490645375,6.3898717125522575,2.507522379931784,11.868512689089023,1.5325364742543277,9.030546263340643,1.1152277005419482,Percent Cover,Invertebrate,Non-targeted,RF_2005
tunicates,tunicates,Tunicata,14.297646173579588,13.475572872187005,9.470365883401707,8.635150032087662,9.779306299502547,7.698982073898788,10.978636741048783,17.753306108050392,2.8465967820713547,19.183409764345438,2.5606550570672777,Percent Cover,Invertebrate,Non-targeted,RF_2005
Miscellaneous_Invertebrates_w_spiny_brittle_stars,Misc. Inv. including spiny brittle stars,Misc. Inv. including Ophiothrix spiculata,0,0,0,0,0,0,0,0,0,0,0,Percent Cover,Invertebrate,Non-targeted,RF_2005
acid_weed,acid weed,Desmarestia,3.1396108890141927,6.402262201206455,8.355103883438911,4.940672249475588,5.820192325532079,12.157196946988932,-0.14052443534820322,7.0978391368993705,0.6274777589746783,13.877132025699398,1.4446489016380408,Percent Cover,Algae,Non-targeted,RF_2005
green_algae,green algae,Chlorophyta,7.979296512857846,6.705249889363221,0.28378699272295604,1.3132479844041849,6.673870778738576,0.8590521146868814,13.909131908603888,9.804962076027465,1.68299102454631,13.264577975739128,1.818024068589375,Percent Cover,Algae,Non-targeted,RF_2005
agar_weed,agar weed,Gelidium,6.56227687810513,10.546512149834047,10.665828451836573,0.5369493540072839,1.6222334051685434,6.350455521981519,4.598339996940616,10.908567773032853,0.9891960131804605,11.831115429839638,0.8827954240296398,Percent Cover,Algae,Non-targeted,RF_2005
miscellaneous_plants,miscellaneous plants,Plantae,3.2571234648868783,3.5114283972568607,3.1623197180710587,5.065316273879526,1.2825885957394905,0.9821896185426774,5.869918244332731,5.155072365536289,1.2515430680416693,6.711766044023619,1.4346708832541033,Percent Cover,Algae,Non-targeted,RF_2005
sponges,sponges,Porifera,5.5141812092627225,14.745703104901109,4.818545922260267,9.128743725769345,6.328870068300082,11.523810100907193,13.064387167061012,14.989741835381334,2.054504871819523,17.368832171528414,2.360597558534731,Percent Cover,Invertebrate,Non-targeted,RF_2005
club_tipped_anemone,club-tipped anemone,Corynactis californicus,13.626240109506078,12.787895457193324,7.411160664934457,7.221880600656738,6.326475553512266,9.664387077407106,6.3773148480751125,17.062527496624107,2.3219822516991147,15.94538889043794,2.033203956634006,Percent Cover,Invertebrate,Non-targeted,RF_2005
colonial_sand_tube_worm,colonial sand-tube worm,Phragmatopoma californica,8.315578622479643,1.160248601785155,4.127219688756153,2.628522896124335,3.9892149752349253,15.546037643401748,13.476293186929798,7.644181958579392,0.8531638502603608,16.783121310421816,2.191958838756711,Percent Cover,Invertebrate,Non-targeted,RF_2005
bryozoans,bryozoans,Bryozoa,10.03644023058575,10.252751633553475,9.23108085494199,4.702955966439489,6.2879067429681506,7.861079703570074,6.060334651358718,13.63413829591768,2.179131956601094,15.098715442213159,2.0520481870795098,Percent Cover,Invertebrate,Non-targeted,RF_2005
Southern_staghorn_bryozoan,Southern staghorn bryozoan,Diaperoecia californica,10.181488435793561,11.127370767351037,12.41046526717874,14.117693361904738,13.581307510015682,15.97353095342681,5.9488559647955155,14.09055672171387,1.6783251575591063,22.973159862951718,3.4084189540595005,Percent Cover,Invertebrate,Non-targeted,RF_2005
aggregated_red_sea_cucumber,aggregated red sea cucumber,Pachythyone rubra,4.305010574625864,2.5467570225388054,11.065367935457678,5.2059862317715355,11.714350125541479,9.087099403427427,7.057965764008761,4.624445876001978,0.45207298393595846,14.784654644759387,1.3095047631015002,Percent Cover,Invertebrate,Non-targeted,RF_2005
spiny_brittle_star,spiny brittle star,Ophiothrix spiculata,18.618463421034118,8.013661675786794,23.034750516247335,7.171307662669662,15.826529094766355,25.09127072023048,13.207504349491655,18.869229985140723,2.167095234752166,28.377166717473283,5.317642552349549,Percent Cover,Invertebrate,Non-targeted,RF_2005
Miscellaneous_Invertebrates_wo_spiny_brittle_stars,Misc. Inv. excluding spiny brittle stars,Misc. Inv. excluding Ophiothrix spiculata,4.955785734996195,-0.781937797233351,4.970196050640649,-0.5624027617056789,6.007122016937352,4.789783994189086,4.0834807357624685,2.838629804642125,1.510548271904323,9.392231339855622,1.9527169152700936,Percent Cover,Invertebrate,Non-targeted,RF_2005
island_kelpfish,island kelpfish,Alloclinus holderi,8.454984992299796,5.922268326552337,12.487969059976633,8.024879758876484,2.5627172833718905,2.847221714130475,10.321040592708403,9.855866587862138,1.5534272619313985,13.975010671315903,2.1136116756906516,Count,Fish,Non-targeted,RF_2005
California_brown_sea_hare,California brown sea hare,Aplysia californica,8.028006712973738,15.996201658720285,6.669015043609173,5.691819485368751,16.680566812110058,7.932274901635594,5.611258234357298,17.000428548419624,2.348568633492979,18.796308861740208,2.9108714272346043,Count,Invertebrate,Non-targeted,RF_2005
Coronado_urchin,Coronado urchin,Centrostephanus coronatus,5.393551145345043,8.532741357095334,30.065055004153685,13.32654984456239,11.115712883789326,13.818084355404975,15.189575281885022,10.259613769331915,1.1381509509231036,28.42769950573259,6.928154520444103,Count,Invertebrate,Non-targeted,RF_2005
blackeye_goby,blackeye goby,Coryphopterus nicholsi,13.57064510647999,8.120279688293792,18.04538796965736,12.96158994376713,27.971320739597203,24.999844809256622,15.909733346032919,14.967574401638727,2.0717651123721503,30.96387253425895,7.79900993754979,Count,Invertebrate,Non-targeted,RF_2005
gumboot_chiton,gumboot chiton,Cryptochiton stelleri,-0.9382292787606401,2.7547072074800147,1.0001667083449106,2.718324380723838,1.2323070437271113,0,-2.446783953644118,1.7421199260893996,0.10131766828547342,0.32357261612736227,0.09060001812752853,Count,Invertebrate,Non-targeted,RF_2005
chestnut_cowrie,chestnut cowrie,Cypraea spadicea,11.196187543334466,7.972942645128432,7.231549271098775,15.685126413437226,6.985562035639479,3.5955482674294417,14.932339683114023,13.217766876661699,1.8313026679623254,19.287116215832675,2.8360620067007094,Count,Invertebrate,Non-targeted,RF_2005
Southern_sea_palm,Southern sea palm,Eisenia arborea,11.514293664251309,13.739792157409546,11.683544414395024,6.331091390734541,8.20239335716062,9.64105532609676,11.840936982270897,16.85628747610004,1.962689374064987,18.493358711064367,2.0990142825262548,Count,Algae,Non-targeted,RF_2005
threaded_abalone,threaded abalone,Haliotis assimilis,0.3597482138870917,2.097497590471067,0,-2.1748643954423192,1.0001667083449108,1.0001667083449108,0.6494207401895691,2.3831481240551966,0.0320623967434,-0.3526755616778932,0.047490282212198746,Count,Invertebrate,Targeted,RF_2005
white_abalone,white abalone,Haliotis sorenseni,0,0,0,0,0,0,0,0,0,0,0,Count,Invertebrate,Targeted,RF_2005
oar_weed,oar weed,Laminaria farlowii,17.40880799817689,21.55969046746802,23.988416154063447,10.170724528913391,11.46418639351355,15.411610750591944,11.192063619664777,23.231147601613305,4.076518121463839,26.903639967123382,4.05723413274391,Count,Algae,Non-targeted,RF_2005
blue_banded_goby,blue-banded goby,Lythrypnus dalli,3.6889335349415817,3.840005147654806,5.494175858148204,7.1433956946491515,18.29570588091272,18.21058944202922,9.745313692366137,5.361775721313319,0.40698400649397437,20.85611604404648,2.929842514071998,Count,Fish,Non-targeted,RF_2005
California_spiny_lobster,California spiny lobster,Panulirus interruptus,24.25805399139992,29.405596180121545,17.754089403360513,10.435870452502412,8.157627673395856,7.326903127821938,10.480189415440034,31.226220951791703,7.883086809507291,20.855631937568536,2.876248453321389,Count,Invertebrate,Targeted,RF_2005
ochre_sea_star,ochre sea star,Pisaster ochraceus,0.8876643579823732,-0.11574418421413284,2.448229391525051,-2.1896229481188536,-1.7073312919595744,-0.31068200329603624,2.644267900466384,0.4515436224340674,0.15965854546930883,0.8297309058257074,0.21526332781726656,Count,Invertebrate,Non-targeted,RF_2005
California_sea_palm,California sea palm,Pterygophora californica,4.079240939164776,6.39702931580803,9.419568925121084,8.788438810199581,12.391256548099893,12.779967712905647,14.507094766245237,7.664773533431193,0.689386619798512,17.0179437171426,2.9086122829699406,Count,Algae,Non-targeted,RF_2005
devil_weed,devil weed,Sargassum horneri,4.1304594701082795,7.004350133428839,6.515633770059729,5.123329008421126,2.299813018435267,3.6557769401163203,7.848601050058312,7.935002995720616,0.6869624787978259,10.064501046553124,1.09794051003556,Count,Algae,Non-targeted,RF_2005
stalked_tunicate,stalked tunicate,Styela montereyensis,0.7192637826501311,10.862968540731744,14.778563213596469,3.4589842730284066,14.915258895135008,15.548948284892036,20.473657462005193,10.21388946170912,0.9730504997105428,20.706760943663873,4.98432591533335,Count,Invertebrate,Non-targeted,RF_2005
California_hydrocoral,California hydrocoral,Stylaster californicus,13.72376571916969,13.126656383275945,2.985819063470476,2.9690645412654413,2.8776776306291487,11.24942359105856,7.738899117645492,15.170348623694936,0.8848531438418052,11.951516720804543,0.5966334456253731,Count,Invertebrate,Non-targeted,RF_2005
white_spotted_rose_anemone,white-spotted rose anemone,Urticina lofotensis,11.780375102060487,18.30045619393323,22.965439494610447,30.89369109695696,24.422394315697648,29.97230747158313,32.284769806328285,20.204089424187117,2.311787256735033,35.59272029029456,16.099680476110198,Count,Invertebrate,Non-targeted,RF_2005
wakame,wakame,Undaria pinnatifida,3.811047539433604,2.743773971575977,3.6295076862406246,0,0,1.4054091891304523,0,3.8916456169577636,0.09654919449073204,3.630960501460652,0.08612756310423002,Count,Algae,Non-targeted,RF_2005
wavy_turban_snail,wavy turban snail,Megastraea undosa,9.444523706099924,15.61492248511393,8.681935545369143,15.16327839051418,12.863631703573825,10.350167467378386,6.769864026967171,17.904888963925224,2.66965602453269,18.363998569589967,3.8087472942616807,Biomass,Invertebrate,Targeted,RF_2005
warty_sea_cucumber,warty sea cucumber,Parastichopus parvimensis,35.14874176146166,34.87560766058944,22.273105828007047,10.775834147812043,5.487789478403858,10.87616532211732,14.14905781987311,39.52860456854334,11.45244901375467,22.426768566578254,4.49336086554529,Biomass,Invertebrate,Targeted,RF_2005
bat_star,bat star,Patiria miniata,15.704315560369446,19.48357128690323,13.722879532188179,12.958242411524198,14.568849619902105,12.060328597389294,12.672076294743697,22.613052969206862,4.587121557633421,20.43499584571479,4.152709286437689,Biomass,Invertebrate,Non-targeted,RF_2005
giant_spined_sea_star,giant-spined sea star,Pisaster giganteus,7.961650266937861,8.507548452849095,11.05998312595261,4.260936259424169,9.583155474161478,10.004447568797998,4.9412194013401285,11.7757322171144,1.9453435057741424,17.297642192207764,2.595588424391736,Biomass,Invertebrate,Non-targeted,RF_2005
red_sea_urchin,red sea urchin,Strongylocentrotus franciscanus,22.857280232580834,18.160457682509136,12.14043726585874,9.867557579590244,5.8749486014706545,12.248325511397704,4.597555084407084,25.48189437580375,5.265354926579531,18.100831785473822,2.731205395805969,Biomass,Invertebrate,Targeted,RF_2005
purple_sea_urchin,purple sea urchin,Strongylocentrotus purpuratus,11.865846992325967,14.062898952163444,10.27162487240877,7.838924816850247,6.42749465169525,9.053385196341049,3.179090049997681,16.756135214970787,2.7435826690072567,16.025940833134644,2.7110242894467915,Biomass,Invertebrate,Non-targeted,RF_2005
rock_scallop,rock scallop,Crassedoma giganteum,15.59358765950666,13.705343151264703,9.800089685032404,4.692912372563849,14.520636365123293,10.366427350228717,6.011829038336971,19.13453243712433,3.506912376262244,19.583055369187058,3.1588735703864748,Biomass,Invertebrate,Targeted,RF_2005
pink_abalone,pink abalone,Haliotis corrugata,5.39645931145789,11.265810445041765,17.919450471898216,5.639827741220482,4.233426129249064,6.953372822303666,8.484838251806393,11.369970130302951,1.142654817461072,17.972210888422946,2.096238300141575,Biomass,Invertebrate,Targeted,RF_2005
green_abalone,green abalone,Haliotis fulgens,-0.9572300871982365,3.3829132447616344,-2.4317346758506964,0,0.9928976834386875,2.063797768056627,2.0743060813102288,1.9183953941072749,0.16664836113975168,0.9043215145657346,0.19912981599117313,Biomass,Invertebrate,Targeted,RF_2005
red_abalone,red abalone,Haliotis rufescens,7.232269367055752,13.68304311023275,16.51800306939915,25.37224860119727,18.532861456827384,12.520151424708995,17.871173128348758,15.686276713653578,1.5312060449145966,25.124895983801053,7.719525109117751,Biomass,Invertebrate,Targeted,RF_2005
Kellets_whelk,Kellet's whelk,Kelletia kelletii,35.329722116915306,35.703444095782366,20.335555965694965,17.359636877053322,32.160073504567436,19.136180138431357,10.73305973640091,39.890558748445564,12.73559356529499,35.99390930083574,8.395846034506786,Biomass,Invertebrate,Targeted,RF_2005
red_gorgonian,red gorgonian,Lophogorgia chilensis,15.54156680520453,8.22035442018074,19.570992122957577,22.398764701260554,20.79241846860195,35.45306602993846,21.349789628150535,15.389248235075891,2.1809798437478194,36.964154977414005,11.57061631661232,Biomass,Invertebrate,Non-targeted,RF_2005
white_sea_urchin,white sea urchin,Lytechinus anamesus,22.083912514666302,23.739013835253065,9.55819461610076,8.42387729567384,12.37775153776928,12.035894485140297,8.117805656922476,28.146134709797565,6.543545084766375,18.81389724912778,2.9003272159049254,Biomass,Invertebrate,Non-targeted,RF_2005
giant_kelp,giant kelp,Macrocystis pyrifera,17.022900445560534,14.782500007084847,9.023003987797178,3.855341893249116,6.500798047992075,7.161244569845198,7.698288783308317,19.800884318723615,3.5587781158922627,14.758441239648144,1.7880616597796097,Biomass,Algae,Targeted,RF_2005
giant_keyhole_limpet,giant keyhole limpet,Megathura crenulata,16.543703255942813,20.45265814159476,4.231083894070259,9.575262889960642,20.962163953186188,13.557494643805391,16.71419596276211,23.43203863504075,4.462965914141419,26.29570109484469,4.285770058449491,Biomass,Invertebrate,Non-targeted,RF_2005
brown_gorgonian,brown gorgonian,Muricea fruticosa,8.419428148394811,3.9408080232912495,29.496752930179163,10.991883588224239,2.7475635445525746,17.68416393699449,12.207185413137385,8.283485361341004,1.0125081560023212,28.86595339477774,6.3083237373472265,Biomass,Invertebrate,Non-targeted,RF_2005
sunflower_star,sunflower star,Pycnopodia helianthoides,8.304180320761654,11.507627418263567,12.42354894193327,3.1901505661271767,6.843332814384861,6.115776126226395,8.152933861411743,13.625935574891953,1.6263874837176253,14.193475180579448,1.5911997760690995,Biomass,Invertebrate,Non-targeted,RF_2005
orange_puffball_sponge,orange puffball sponge,Tethya aurantia,9.52126650099967,20.956516208398657,20.866478655131832,11.762904246886512,17.748489870411575,16.754312955288473,24.960903413278974,22.011154045632868,3.240394121531893,29.410024715053396,8.395017374181496,Biomass,Invertebrate,Non-targeted,RF_2005
red_turban_snail,red turban snail,Lithopoma gibberosa,18.727513924007265,12.958244685785838,16.99317785374649,26.490822711721506,5.1856070725345615,12.386106286769417,15.482078965779023,19.38496867255778,2.6891363060701323,29.403573326588052,5.966761029339809,Biomass,Invertebrate,Targeted,RF_2005
California_golden_gorgonian,California golden gorgonian,Muricea californica,18.91774663551829,11.27829994072252,29.71889041581834,14.280654485676678,20.152821322121063,21.694876870481593,15.55772811199977,21.118997192306633,2.2629894367610843,30.07717565524368,7.711053256748658,Biomass,Invertebrate,Non-targeted,RF_2005
queen_tegula,queen tegula,Tegula regina,4.337476914336454,10.69812867167344,12.399415575976931,10.47410748624306,19.02215610539062,9.664229171629138,17.434626815794747,11.129040728468642,1.5138279136190271,22.504944880862006,5.732806102485012,Biomass,Invertebrate,Non-targeted,RF_2005
total_benthic_biomass,total benthic biomass,total benthic biomass,20.782626109248294,18.59529623734758,7.458357868799751,10.919686689274808,8.162876654841396,11.472097183423113,0.6394053250145625,24.194972536981684,4.247658362957118,16.926188023600776,2.519484813621045,Biomass,Invertebrate,Calculated Value,RF_2005
total_biomass,total biomass,total biomass,12.323993379487856,4.315313184749861,7.513393597023514,5.167549620933327,12.441276826588265,4.625965572807658,5.476780369430988,12.030324411171325,2.385781032562133,15.410159733701326,2.5079788848504485,Biomass,Mixed,Calculated Value,RF_2005
simpson,Simpson Index,Simpson Index,16.067868972924593,18.369108962727697,20.947945477833912,6.735495498165554,7.132111112134776,14.672083351963204,8.355040112486574,22.64893323050278,4.074317317394435,25.162610255279862,4.302003220684326,Index Value,Calculated Value,Calculated Value,RF_2005
richness_2005,Richness,Richness,2.20568223026028,5.49330804243711,7.468785815510201,4.6281900966539755,4.468444997963072,1.7322981322197488,2.176060032251827,5.766335819659794,1.288082325710284,9.12837700997488,1.7132425974042034,Index Value,Calculated Value,Calculated Value,RF_2005
shannon_2005,Shannon Index,Shannon Index,6.584940258993356,14.88074465744248,6.222421013121856,9.427667146691283,11.86560428765713,10.280294041695312,7.989174967532218,15.194628035363364,2.3357235466348154,19.897379010267027,2.9956334722112183,Index Value,Calculated Value,Calculated Value,RF_2005
copper_rockfish,copper rockfish,Sebastes caurinus,7.916926847422743,5.551768730154606,6.340246272893428,14.516062286772847,6.397721876379518,4.661552511781738,5.727878787402985,8.983722169936016,0.8340676551196514,15.745763819535552,1.9560633882396636,Count,Fish,Targeted,RF_2005
kelp_surfperch,kelp surfperch,Brachyistius frenatus,10.096149839982607,13.169922802804411,11.357207364432783,3.8286040051833874,5.3319622632911425,3.305440559093789,3.1812671812254436,15.131685183554712,2.264392117267693,11.148244479592147,1.27394464549426,Count,Fish,Non-targeted,RF_2005
painted_greenling,painted greenling,Oxylebius pictus,12.028905972579496,11.320619130630114,6.766405369838027,1.9355945130435392,9.045408501612451,7.82950260758281,8.975909502937789,16.11084406780662,2.330187967018501,14.434388766323261,2.4051039224059525,Count,Fish,Non-targeted,RF_2005
rainbow_surfperch,rainbow surfperch,Hypsurus caryi,-0.5585805285249139,2.8381214521460123,5.918470000583219,-2.2750334368622402,5.89241264033509,1.1446553186838464,4.603100916379446,1.634322050067136,0.4521414908812576,6.655060361162062,0.5751494047942945,Count,Fish,Non-targeted,RF_2005
Rockfish_YOY,Rockfish YOY,Sebastes spp. YOY,8.57665107684722,6.417987184452395,2.107082806998271,2.9813154082058855,1.7415718650681173,1.7625518324712672,5.832667279735524,10.354565997580748,1.530837685883388,6.432519817268366,1.0767624385312355,Count,Fish,Non-targeted,RF_2005
sculpin_spp.,sculpin spp.,sculpin spp.,10.324747568263504,4.544811084168232,8.74744036838177,11.38743417993876,3.2940846247360245,7.944656452602128,2.286571705697112,10.687927556050145,1.265027587815656,14.969572656471932,1.7057506580728565,Count,Fish,Non-targeted,RF_2005
speckled_sanddab,speckled sanddab,Citharichthys stigmaeus,3.8633563069435914,4.417781783564935,3.5651335579521173,4.764883186295988,3.389162769775251,4.932155553611933,-1.2778972115317166,5.679594296192761,0.4056304936166567,6.214108550350547,0.42086271690009924,Count,Fish,Targeted,RF_2005
surfperch_spp.,surfperch spp.,surfperch spp.,0.023892716313079747,2.8850703612037973,1.9496287587225338,2.0990226081420587,2.04132377039796,2.431366650820165,1.0176620807782828,2.8835864555668205,0.22800463906933394,3.9038265086299644,0.24094382502777711,Count,Fish,Non-targeted,RF_2005
tubesnout,tubesnout,Aulorhynchus flavidus,0.003105166395893741,5.213631835810606,7.524136148588345,5.803472552905908,-1.9336429600968814,7.999246482274143,-3.2717167375542395,4.354188321046141,0.5780811237627088,8.116292563086176,0.720495938285117,Count,Fish,Non-targeted,RF_2005
brown_rockfish,brown rockfish,Sebastes auriculatus,0.581964926419018,1.0806209604531822,2.3863249895549474,2.705297613280522,7.336175437941639,4.989688940571901,-0.6979601910434317,1.241226282123124,0.21389499084817248,7.304594587174177,0.4432396342909036,Count,Fish,Targeted,RF_2005
top_smelt,top smelt,Atherinops affinis,3.7641015669421187,2.589334061183481,0.9459815172931781,2.7708657339836456,-1.9204953885124478,2.4321581672365054,2.399999633616787,4.549490400009156,0.6554212187309594,3.18860790138371,0.4497483655762487,Count,Fish,Non-targeted,RF_2005
vermillion_rockfish,vermillion rockfish,Sebastes miniatus,7.218908978281884,9.265076211213177,6.094217024373135,4.244669588408724,3.627739834671531,6.372872049830883,0.654181272993698,10.841414390940189,1.0028820055179783,8.67989494911678,0.8726062014148921,Count,Fish,Targeted,RF_2005
coralline_sculpin,coralline sculpin,Artedius corallinus,3.143525740873276,-0.9793317692817997,6.008556913079728,-0.7478090301712699,4.490283256376585,5.762758801155857,0.8546000184491596,1.7391001503403476,0.4283145744329154,8.371208825274351,0.6378497330967122,Count,Fish,Non-targeted,RF_2005
gopher_rockfish,gopher rockfish,Sebastes carnatus,3.6017581420951768,0.8130080952249111,13.122096131732302,0.2806918969600033,14.531525934958475,15.89511280258337,1.3194704043010441,3.2385782529936677,0.7011086125806483,18.78218283367252,3.0731584047419993,Count,Fish,Targeted,RF_2005
kelpfish_spp.,kelpfish spp.,kelpfish spp.,0.4784590885373026,5.042263647955803,0.8938321141715468,4.534433408324483,1.5530529982115755,8.861438998350025,0.0882140774049596,4.358426231745808,0.4680580637867275,8.302543001380327,0.7329885634649372,Count,Fish,Non-targeted,RF_2005
giant_kelpfish,giant kelpfish,Heterostichus rostratus,5.723849824750121,8.376250687593238,4.183330914267203,3.6781513116340476,0.6650341614022203,4.8620281849960625,2.224910160200307,9.348936862513986,1.2911835897719492,6.77754345256544,0.8756383803850801,Count,Fish,Non-targeted,RF_2005
kelp_greenling,kelp greenling,Hexagrammos decagrammus,-1.228651593122606,5.506603911274373,1.9930454598999774,3.647370541557802,2.357863567296632,2.8582867649913233,-1.6521360035349935,4.287104252832418,0.17650149433619314,3.4883971489010874,0.13757127002178227,Count,Fish,Targeted,RF_2005
soupfin_shark,soupfin shark,Galeorhinus galeus,-2.444570026218817,-1.7321082621066048,0,0.2934594776611688,0,0,-1.409160467518278,-3.0027205325200925,0.026719078623131776,-0.9785980048855043,0.00869636302708683,Count,Fish,Non-targeted,RF_2005
cusk_eel_spp.,cusk eel spp.,cusk eel spp.,0,0,0,0,0,0,0,0,0.007107062792570765,0,0.006125483523734163,Count,Fish,Non-targeted,RF_2005
larval_fish_spp.,larval fish spp.,larval fish spp.,-0.2006360618221538,-1.5287662932042412,1.3407725276888598,2.75985383744108,-0.45437460134729873,2.2060586361798924,0.8491121605926639,-1.3170855686110532,0.15121275794169056,3.0291244741629204,0.21459178044254712,Count,Fish,Non-targeted,RF_2005
swell_shark,swell shark,Cephaloscyllium ventriosum,0.26469425317441336,-0.4252715184732231,-1.0650683060711896,0.9622307468490682,1.975459170544862,3.9857782354556472,0.9998432936621394,-0.057548191507407594,0.14006985170017208,3.8780853555712325,0.26884127202390207,Count,Fish,Non-targeted,RF_2005
bat_ray,bat ray,Myliobatis californica,0.8362263135811294,1.0872073804933406,0.8245767714967439,0.5473100234851842,1.6845083586263991,-0.9031421794356024,1.0497158523453816,1.4031231978154892,0.34777932986830473,1.1543152771748386,0.37891664379827256,Count,Fish,Non-targeted,RF_2005
fringehead_spp.,fringehead spp.,Neoclinus,1.6726954678807544,0.13963004493461456,11.964577963972914,-0.8649269803842504,5.489230121720543,7.0419702514418425,0.8513565338392362,1.4087558272115976,0.21427170919905308,12.07232868651691,0.9070642018849557,Count,Fish,Non-targeted,RF_2005
jack_mackerel,jack mackerel,Trachurus symmetricus,-1.0504128654653018,1.7654718836750518,-0.43200370169030766,0.33422504231679273,2.0928995309493312,1.0498570262238576,-0.34727854201299435,0.765081099620805,0.20410354878995823,1.2990273225774762,0.16881196730068504,Count,Fish,Non-targeted,RF_2005
c_o_turbot,c-o turbot,Pleuronichthys coenosus,3.975289273373105,2.7844557094701137,0.7942265300052085,2.0778053900586335,0.5907439639716326,-0.4961185929806213,0.4876976083864378,5.1380161781916485,0.3444066470744707,1.252013654309005,0.2697558284901567,Count,Fish,Targeted,RF_2005
Pacific_angel_shark,Pacific angel shark,Squatina californica,2.2551110585466754,1.8450445007973297,3.895627375716622,-1.3944935604991455,4.996823969655757,3.202765883885015,1.825506011388529,2.806433138091166,0.20288382148397613,6.155852179020887,0.24736728113437906,Count,Fish,Targeted,RF_2005
black_rockfish,black rockfish,Sebastes melanops,0.9063114735990875,2.0236070385979565,4.94616680993745,-1.9783189656729518,5.116179658849236,5.106572197675334,5.490064783065919,2.0281948597242465,0.2750034107503906,6.782821991528263,0.48144399337894006,Count,Fish,Targeted,RF_2005
grass_rockfish,grass rockfish,Sebastes rastrelliger,-1.7866164200998302,8.7278375096694,14.677444781133252,2.7464080546644434,20.50478340854806,7.18284417364694,6.721125682074094,6.758319500922309,0.5392815977644521,21.250841664933482,2.74325940253939,Count,Fish,Targeted,RF_2005
stripedfin_ronquil,stripedfin ronquil,Rathbunella hypoplecta,-0.62904329594648,-1.0111888406534835,0,0,0,1.0001667083449106,-1.000166708344911,-1.1636147201753082,0.038836569663265645,0.07474242221242594,0.025683708172437338,Count,Fish,Non-targeted,RF_2005
ronquil_spp.,ronquil spp.,ronquil spp.,1.1405565059809923,0.3539231378349114,2.1264887601967524,-2.455444992250024,2.4418225251443153,0.1699082039163977,4.361375272747351,1.03517896145333,0.13834768107212758,3.064539110458141,0.2678052109512274,Count,Fish,Non-targeted,RF_2005
gunnel_spp.,gunnel spp.,gunnel spp.,0,0,0,0,0,0,0,0,0.0030974308300395245,0,0.010645916058619176,Count,Fish,Non-targeted,RF_2005
clingfish_spp.,clingfish spp.,clingfish spp.,-0.008367981193808207,0.7808168170674341,0,0,0,0,0,0.6496804241803898,0.04488331512695559,0,0.007304838764381778,Count,Fish,Non-targeted,RF_2005
crevice_kelpfish,crevice kelpfish,Gibbonsia montereyensis,1.1027457772917537,-0.8279334539461992,1.0001667083449106,-0.1462182395299519,0,1.0001667083449106,0.33251847878805274,0.27560244674472123,0.06105349765905946,0.8396037192126907,0.02621660754529239,Count,Fish,Non-targeted,RF_2005
shiner_surfperch,shiner surfperch,Cymatogaster aggregata,1.0735378266179236,3.52460950271464,-0.16035471173272112,1.3871951756764949,3.0084539857006947,2.4853339799385528,0.8221385301612514,3.13243564218408,0.1466289175014917,3.0252671074958575,0.19850988861237662,Count,Fish,Non-targeted,RF_2005
zebra_perch,zebra perch,Hermosilla azurea,0.08932857056679083,1.6156854091852995,0,0,1.0001667083449108,0,0,1.4040217152774324,0.03725565974289394,1.0001667083449108,0.030477395129188303,Count,Fish,Non-targeted,RF_2005
spotted_kelpfish,spotted kelpfish,Gibbonsia elegans,-1.4133816166672764,-0.8738790583178765,1.0001667083449106,0,0,1.0001667083449108,1.0001667083449108,-1.3706611862466178,0.01634147194444346,1.7329115562967132,0.01606072210416322,Count,Fish,Non-targeted,RF_2005
bocaccio,bocaccio,Sebastes paucispinis,0,0,0,0,0,0,0,0,0.00890257457753166,0,0.010383239183586529,Count,Fish,Targeted,RF_2005
prickleback_spp.,prickleback spp.,prickleback spp.,0,0,0,0,0,0,0,0,0.0033843088815632355,0,0.005543788959578431,Count,Fish,Non-targeted,RF_2005
yellowtail,yellowtail,Seriola lalandi,-0.29070314471282727,-2.9047024033843587,0.4515671737165631,0,1.0001667083449106,-1.8869627233547361,0,-2.2517911383537736,0.12599210034686345,-1.2432684781875438,0.07130258103556172,Count,Fish,Targeted,RF_2005
sanddab_spp.,sanddab spp.,sanddab spp.,1.0001667083449108,0.0274552856115239,0,0,0,0,0,0.6140971659691342,0.01325393990387966,0,0.003839048669265738,Count,Fish,Targeted,RF_2005
Pacific_barracuda,Pacific barracuda,Sphryaena argentea,0.06649300264743019,1.5549793162273815,0.16872519689656348,1.0001667083449106,-0.47230636592048636,0.8083810138617229,-1.0001667083449108,1.2232676405518614,0.09507519809536193,0.21017349808007693,0.06724257847269945,Count,Fish,Targeted,RF_2005
horn_shark,horn shark,Heterodontus francisci,3.232217401814283,1.508673515855566,1.1782928514961293,3.905040634639326,6.094168600378353,8.952353603970094,7.109803926684982,3.180262203361491,0.3486555267821963,11.146458070149649,0.7949242847222743,Count,Fish,Non-targeted,RF_2005
California_moray_eel,California moray eel,Gymnothorax mordax,1.7611211563134404,4.055324429327515,0.25545599525021273,5.316667753953881,4.37142668826008,1.24855513434007,7.92832203640862,3.630253363476849,0.3408932568938367,8.360604568366941,0.6505760773088459,Count,Fish,Non-targeted,RF_2005
zebra_goby,zebra goby,Lythrypnus zebra,6.338180042044298,1.9443226011454062,11.260648885241258,9.712951549870438,13.440587166203617,2.175011415311816,12.939771636783682,5.980688382108245,0.666581893663897,17.263345418343654,2.5557543498214144,Count,Fish,Non-targeted,RF_2005
Pacific_bonito,Pacific bonito,Sarda chiliensis,0,-1.324384690509711,0,0,0,0,0,-1.328583404187639,0.018489330195317753,0,0.01344672966849609,Count,Fish,Targeted,RF_2005
yellowfin_fringehead,yellowfin fringehead,Neoclinus stephensae,-1.7311247181041622,-0.8316435834072883,0,1.407170792210994,0,-1.0001667083449106,0,-1.4022158587186544,0.056584035429755604,0.5188606279918435,0.013184575419428107,Count,Fish,Non-targeted,RF_2005
baitfish_spp.,baitfish spp.,baitfish spp.,0.18314810801644726,1.038297313129538,-0.7628372374947328,0,-1.0001667083449108,-0.025461895279180736,0,0.9794293739405644,0.04920243829184181,-0.5775568229957729,0.061768362506008506,Count,Fish,Targeted,RF_2005
Pacific_mackerel,Pacific mackerel,Scomber japonicus,-0.49681447945283275,-1.4145142135630142,-1.0001667083449106,0,1.0001667083449108,-1.0001667083449108,0,-1.2869688338272829,0.029046972014549526,-1.0001667083449106,0.04103897977852831,Count,Fish,Targeted,RF_2005
onespot_fringehead,onespot fringehead,Neoclinus uninotatus,1.637854508477583,-3.9744762257471815,0,0,0,1.0001667083449108,0,-2.3288534912912016,0.08556441593552015,1.0001667083449108,0.01558510518534554,Count,Fish,Non-targeted,RF_2005
finescale_triggerfish,finescale triggerfish,Balistes polylepis,0,0,0,0,0,0,0,0,0.002929635263641663,0,9.356862745098032e-4,Count,Fish,Non-targeted,RF_2005
barred_sand_bass,barred sand bass,Paralabrax nebulifer,0.10447052956408286,-1.8863437650206427,0,0,0,1.404723195478066,0,-1.4724953748939242,0.02105140574469279,1.4146033721034708,0.04341197318304006,Count,Fish,Targeted,RF_2005
black_croaker,black croaker,Cheilotrema saturnum,0,0,0,0,0,0,0,0,0.003214948233743071,0,0.005889580082621431,Count,Fish,Targeted,RF_2005
sargo,sargo,Anisotremus davidsonii,1.0510656788907224,-0.07683301813908186,3.3074938771579947,1.4141077487453193,2.4448778651198273,5.092702801401235,0,0.5391751990715011,0.03136825441269384,5.522671450536181,0.12803053869526085,Count,Fish,Non-targeted,RF_2005
orangethroat_pikeblenny,orangethroat pikeblenny,Chaenopsis alepidota,0,0,0,0,0,0,0,0,0.001535533195734433,0,0.007319354050838521,Count,Fish,Non-targeted,RF_2005
thornback_ray,thornback ray,Raja clavata,0,0,0,0,0,0,0,0,0.012190571775847363,0,0.011799019633373393,Count,Fish,Targeted,RF_2005
halfbanded_rockfish,halfbanded rockfish,Sebastes semicinctus,0,0,0,0,0,0,0,0,0,0,0.007104364333965287,Count,Fish,Targeted,RF_2005
white_seabass,white seabass,Atractoscion nobilis,0,0,0,0,0,0,0,0,0,0,0.004252067161561842,Count,Fish,Targeted,RF_2005
plain_cardinalfish,plain cardinalfish,Apogon atricaudus,0,0,0,0,0,0,0,0,0,0,0.006576389640404498,Count,Fish,Non-targeted,RF_2005
leopard_shark,leopard shark,Triakis semifasciata,0,0,0,0,0,0,0,0,0.023937548035598666,0,0.017269416544855892,Count,Fish,Targeted,RF_2005
giant_black_sea_bass,giant black sea bass,Stereolepis gigas,1.757309257809368,-0.6091602209786657,3.2731625309057653,1.0001667083449106,0.4161194999358189,5.952278625097775,1.0001667083449108,0.6797706939721474,0.17629686423306543,5.7747363463427375,0.2758163298815223,Count,Fish,Non-targeted,RF_2005
California_halibut,California halibut,Paralichthys californicus,-0.29223072411405343,0.3883760160998471,1.7313948630206766,0,2.105603896802952,3.183542512822129,1.0001667083449106,0.1493876343364771,0.0755646378955355,3.945965355528864,0.10475099961650085,Count,Fish,Targeted,RF_2005
swallowtail_damselfish,swallowtail damselfish,Azurina hirundo,1.0001667083449108,0,-1.0001667083449108,0,0,0,0,1.0001667083449108,0.01852155066291131,-1.0001667083449106,0.01947195626020194,Count,Fish,Non-targeted,RF_2005
wolf_eel,wolf eel,Anarrhichthys ocellatus,4.333131161106128,5.472972383112312,0,-0.16623626027354976,0,1.0001667083449106,1.0555412913767939,6.19084761401291,0.176316415032367,0.73714206704307494,0.023262538103503677,Count,Fish,Non-targeted,RF_2005
monkeyface_prickleback,monkeyface prickleback,Cebidichthys violaceus,0,0,0,0,0,0,0,0,0.0013787765175729732,0,0.014649678420360274,Count,Fish,Non-targeted,RF_2005
broadnose_sevengill_shark,broadnose sevengill shark,Notorynchus cepedianus,0,0,0,0,0,0,0,0,0.0030051149722959054,0,0.001480952380952381,Count,Fish,Targeted,RF_2005
sarcastic_fringehead,sarcastic fringehead,Neoclinus blanchardi,0,0,0,0,0,0,0,0,0.008325123669114625,0,0.006143730577477079,Count,Fish,Non-targeted,RF_2005
plainfin_midshipman,plainfin midshipman,Porichthys notatus,0,0,0,0,0,0,0,0,0.0034819732944617304,0,0.007892998621717768,Count,Fish,Non-targeted,RF_2005
walleye_surfperch,walleye surfperch,Hyperprosopon argenteum,0,0,0,0,0,0,0,0,5.079365079365085e-4,0,0.009507488983758349,Count,Fish,Non-targeted,RF_2005
ocean_sunfish,ocean sunfish,Mola mola,0,0,0,0,0,0,0,0,0.012346102295440834,0,0.0032619419266859827,Count,Fish,Non-targeted,RF_2005
ocean_whitefish,ocean whitefish,Caulolatilus princeps,7.064247936660157,4.720605204625144,9.72493021254543,7.521426154944089,11.176700670968206,4.426488461570625,9.878291294971548,8.166303607333441,1.1250444320907134,16.550234461159217,2.1877420556523375,Biomass,Fish,Targeted,RF_2005
blacksmith,blacksmith,Chromis punctipinnis,7.11485167755116,15.38945996509187,15.611460263891972,15.91457139055811,7.507280018263715,5.664957341091014,3.0725658862955574,16.561968781664547,2.4044847695401583,20.538989536575606,3.970484861800026,Biomass,Fish,Non-targeted,RF_2005
black_surfperch,black surfperch,Embiotoca jacksoni,11.479170305435938,9.933379013656726,3.5667873278204,7.780169387554552,22.550583440134208,18.721751263082844,11.286706565650672,14.721462446846388,2.1180566090060875,26.178042243679982,5.332253139647758,Biomass,Fish,Non-targeted,RF_2005
striped_surfperch,striped surfperch,Embiotoca lateralis,2.8242162145729006,11.515743681568516,17.440731527632487,18.76880947086292,21.62257898464296,16.449904495548417,24.33257867301469,11.002676868611525,1.2811593496549973,27.81760149494094,8.810430144592738,Biomass,Fish,Non-targeted,RF_2005
opaleye,opaleye,Girella nigricans,18.659974805809245,18.660552393924846,18.37723905354554,17.68249604521976,4.866005023022862,4.039436860131512,-0.8965331382266122,22.545668722595043,4.463747874347204,22.405917150146237,3.9157591493873274,Biomass,Fish,Non-targeted,RF_2005
rock_wrasse,rock wrasse,Halichoeres semicinctus,12.612073567570402,8.1236763634301,16.514445593057797,15.53960533120959,15.323241702618823,17.89551286710303,13.384946430678214,14.583636446163553,1.772867982518,23.58830392810442,5.638365004935599,Biomass,Fish,Non-targeted,RF_2005
garibaldi,garibaldi,Hypsypops rubicundus,19.51237546617677,22.10944392721667,24.14349406686202,20.626535473788042,14.68548708216455,19.973436602422144,21.825419783654894,25.632027667458626,3.964379267948918,28.042275297468613,8.7473267701389,Biomass,Fish,Non-targeted,RF_2005
halfmoon,halfmoon,Medialuna californiensis,6.695959120185033,4.132225278570013,12.006725016057997,8.744787304042182,4.5577428309013595,7.651356046386478,8.267776592898217,7.668467836471452,1.123118860267191,14.22031629466435,2.5938774214017584,Biomass,Fish,Non-targeted,RF_2005
lingcod,lingcod,Ophiodon elongatus,15.647005783853386,8.230973280298345,6.059662025915266,12.781521516798438,10.444563773470456,5.348079109357723,-2.361977451519063,16.865918678031377,2.032455413138029,13.228303943986026,1.6098567857450177,Biomass,Fish,Targeted,RF_2005
senorita,senorita,Oxyjulis californica,5.073514132246354,1.047709907222264,4.8908058375395,3.866602287739388,6.316774576549626,7.0880405732926945,0.9434824836747352,4.366758433603827,1.4769674692446213,10.531963047641291,2.0674700396721706,Biomass,Fish,Non-targeted,RF_2005
kelp_bass,kelp bass,Paralabrax clathratus,15.574185410844464,16.7334224954387,22.178384214506917,24.49757866106512,18.155071668871113,22.757725391516832,5.0394864047839425,21.497100309941036,3.5196539123671644,31.58567669373325,7.603234449963296,Biomass,Fish,Targeted,RF_2005
rubberlip_surfperch,rubberlip surfperch,Rhacochilus toxotes,5.395187523051248,6.961494286124547,15.544366500261653,13.752701887452801,20.44734849947537,20.731980886911842,15.677615077627912,8.702192732405361,1.043561444898057,26.787054384613544,6.424039200611199,Biomass,Fish,Non-targeted,RF_2005
pile_perch,pile perch,Rhacochilus vacca,7.290447287630093,10.404950479927505,6.075883180677363,1.6058644157292812,19.628140194594643,13.71682480217104,16.79886468251171,12.277481637322222,1.9380404115745071,24.143610471975244,5.054068110089404,Biomass,Fish,Non-targeted,RF_2005
California_scorpionfish,California scorpionfish,Scorpaena guttata,2.156979287784134,1.389847770115798,1.0267560790477805,4.720826473654756,2.646382844352599,-1.0760000268910517,6.558979471166432,2.4032852686053126,0.6562138192923437,5.80887620778261,0.8657763181332221,Biomass,Fish,Targeted,RF_2005
cabezon,cabezon,Scorpaenichthys marmoratus,14.02642194102174,9.423332351554292,5.370414569381713,10.308128645113394,-0.4840503814594077,4.584374837891388,-1.3644027319024452,15.807992483684396,2.1325690143188725,10.03255855319194,1.2115815738630171,Biomass,Fish,Targeted,RF_2005
kelp_rockfish,kelp rockfish,Sebastes atrovirens,9.249299368202504,10.870626669621318,15.01368218931027,9.022995668128457,23.33235979800068,8.959280559688693,21.795827462364596,14.197021574339033,1.8663347803026924,27.34231629316437,7.314946705840958,Biomass,Fish,Targeted,RF_2005
black_and_yellow_rockfish,black and yellow rockfish,Sebastes chrysomelas,12.815374470019409,12.362265284922385,14.281022722629093,20.06330219851026,14.571969744361612,10.357110213836402,16.85536524310846,16.68804055555281,2.213796729995373,24.886353923473568,5.442854108120239,Biomass,Fish,Targeted,RF_2005
blue_rockfish,blue rockfish,Sebastes mystinus,10.996862208234393,7.549064424346709,6.788780076684428,16.18003351009541,21.0476548201974,12.574760462362981,20.71201559731839,13.168594042413783,1.7435343927889675,25.178206005609084,6.342258902818357,Biomass,Fish,Targeted,RF_2005
olive_rockfish,olive rockfish,Sebastes serranoides,14.20115271440341,7.9606012259634005,18.9532766959131,-3.329365805668514,20.06162245530828,11.114780954337563,21.798416820676316,15.359258164726537,2.2429565954409716,27.638530134478923,6.03796748343713,Biomass,Fish,Targeted,RF_2005
treefish,treefish,Sebastes serriceps,11.359693188080605,10.741187522550469,5.718996226938767,4.877657168746415,15.57013796759193,8.24607335803781,4.386973736258297,14.739547624263196,2.084677676592177,16.66298169267477,2.7546688597113542,Biomass,Fish,Targeted,RF_2005
California_sheephead_female,California sheephead female,Semicossyphus pulcher,6.738507138514628,4.906692914578546,4.426905526674308,4.959976381851309,5.001953117368413,4.029391955053813,9.879239024698196,8.135342147133462,2.1173918726025853,12.738773518829989,2.352666020334061,Biomass,Fish,Targeted,RF_2005
California_sheephead_male,California sheephead male,Semicossyphus pulcher,23.283296435528268,25.62944136756625,8.83210419300719,10.278485471190761,5.240851524941544,13.632197204260612,16.328800046451313,29.0458032771343,7.737278638875899,21.21881573709867,3.4629131480356823,Biomass,Fish,Targeted,RF_2005
total_fish_biomass,total fish biomass,total fish biomass,12.333815000046831,5.604824250096075,7.48802890268733,3.7371150585748114,13.31725720024378,3.91168183890384,7.423538429686716,12.664964540762023,2.51600190163819,16.218816910463723,2.9506209541641826,Biomass,Fish,Calculated Value,RF_2005
IslandName,Island Name,IslandName,16.087004794042127,19.052652436465845,NA,NA,NA,NA,NA,22.06084764837736,2.379849515208388,NA,NA,Categorical,Meta data,Categorical,RF_2005
