SiteCode,SiteName,IslandCode,IslandName,SurveyYear,ReserveStatus,articulated coralline algae,Astrangia lajollaensis,Balanophyllia elegans,Bare Substrate,Bryozoa,Chlorophyta,Cobble,Corynactis californicus,Cystoseira,Desmarestia,Diaperoecia californica,Diopatra ornata,Eisenia arborea,encrusting coralline algae,Gelidium,Gigartina,Laminaria farlowii,Macrocystis pyrifera,Miscellaneous Invertebrates excluding Ophiothrix spiculata,Ophiothrix spiculata,Pachythyone rubra,Phaeophyta,Phragmatopoma californica,Plantae,Porifera,Pterygophora californica,Rhodophyta,Rock,Sand,Sargassum horneri,Serpulorbis squamigerus,Tunicata
AP,Arch Point,SB,Santa Barbara Island,2005,Outside,0.6667,0,0,27.6667,1,0,17.8333,3.3333,0,0,0.1667,0,0,48.3333,0,0,0,0,8.5,0,0,0.3333,0,1,0,0,14.6667,79,3.1667,0,0,0.3333
AP,Arch Point,SB,Santa Barbara Island,2006,Outside,0.6667,0.1667,0,20.8333,1,0.1667,18.5,1.6667,0,0,0.1667,0,0,58.1667,0,0,0,0,6.8333,0,0,0,0.1667,0.6667,0.1667,0,13.3333,81,0.5,0,0,0.1667
AP,Arch Point,SB,Santa Barbara Island,2007,Outside,0.5,1.1667,0,13.1667,0.6667,0.8333,6.3333,2.3333,0,0,0,0.3333,0,76.6667,0,0,0,0,14.5,0,0,0.1667,0,7.6667,0,0,24.1667,92.8333,0.8333,0,0.1667,0
AP,Arch Point,SB,Santa Barbara Island,2008,Outside,0,0.3333,0,20.5,0.1667,0,11.3333,6.6667,0,0,0,0,0,45,0,0,0,0,7.3333,0,0,0,0,5.8333,0.1667,0,26.1667,85.6667,3,0,0.3333,0.1667
AP,Arch Point,SB,Santa Barbara Island,2009,Outside,0.6667,0.6667,0,25.6667,2.1667,1.1667,5.1667,7.8333,0,0,0,0,0,49.6667,0,0,0,0,7.3333,0,0,0.1667,0,0,0.1667,0,29,94.3333,0.5,0,0,2.6667
AP,Arch Point,SB,Santa Barbara Island,2010,Outside,0.6667,0.8333,0,26.8333,2,0.8333,9,6.5,0,0,0,0,0.6667,47.1667,0,0,0,0.8333,14.3333,0,0,3.6667,0,3.3333,0,0,16,90.3333,0.6667,0,0,0.6667
AP,Arch Point,SB,Santa Barbara Island,2011,Outside,0,0.1667,0,34.1667,1.5,0.3333,9.5,14,0,0,0,0,0,43.1667,0,0,0,0,10,0,0,0.1667,0,0,0,0,10.6667,87.8333,2.6667,0,0,0
AP,Arch Point,SB,Santa Barbara Island,2012,Outside,0,0,0,25.6667,0.5,0.1667,8.1667,8.6667,0,0,0,0,0,52.5,0,0,0,0,10.8333,0,0,0,0,0,0,0,3.1667,91.6667,0.1667,0,0,0
AP,Arch Point,SB,Santa Barbara Island,2013,Outside,0.8333,0.3333,0,35.5,0.6667,0.8333,9,6.5,0,0,0.5,0,0,40.6667,0,0,0,0,14.6667,0.3333,0,0,0,1.1667,0,0,6,84.8333,6.1667,0,0.1667,1.1667
AP,Arch Point,SB,Santa Barbara Island,2014,Outside,0.3333,0.1667,0,23.6667,0.1667,0.8333,4,7.3333,0,0,0,0,0,47.1667,0,0,0,0,10.8333,0.1667,0,0.3333,0,6.5,0,0,19,91,5,0,0.3333,0.3333
AP,Arch Point,SB,Santa Barbara Island,2015,Outside,4.6667,0,0,38.6667,0.6667,4,11.5,1.3333,0,0,0,0,0.1667,34.5,0,0,0,0,1.8333,0,0,24.6667,0,0,0.3333,0,11,71.5,17,32.1667,0,0.3333
AP,Arch Point,SB,Santa Barbara Island,2016,Outside,25,0,0,12,27.5,6.5,21,0.5,0,0,0.3333,0,0,26.1667,0,0.1667,0,52.8333,8,0,0,37.5,0,0.1667,0,0,15.8333,76.8333,2.1667,9.1667,0.3333,1
AP,Arch Point,SB,Santa Barbara Island,2017,Outside,29.6667,0.5,0,12.8333,24.3333,2.1667,12.5,0,0,0,0.3333,0.3333,0,24,0,0,0,18.8333,2.3333,0,0,41.8333,4,0.5,0.1667,0,18,87.5,0,1.8333,0,0.3333
AP,Arch Point,SB,Santa Barbara Island,2018,Outside,38.3333,0,0,9.3333,23.8333,0.1667,22.1667,0,0,0,0,0.5,0,42,0,0,0,5.8333,16.6667,0,0,26.8333,3.6667,0.5,0,0,20,75.5,2.3333,0.1667,0,2.6667
AP,Arch Point,SB,Santa Barbara Island,2019,Outside,33.1667,0,0,20.1667,6,0,16.8333,0,0.1667,0,0,0,0,31,0,0,0,0,5,0,0,38.6667,0.3333,1.5,0,0,5.1667,82.1667,1,0.3333,0,1.6667
AR,Admiral's Reef,AN,Anacapa Island,2005,Outside,0.5,0.6667,0,12.6667,1,3.8333,5.1667,1.5,1.6667,0.3333,0.3333,0,1.1667,42.5,0,0.1667,0,4,24.5,30.1667,0,0.8333,0,6.6667,0.3333,0,34.6667,87.1667,7.6667,0,0,0.5
AR,Admiral's Reef,AN,Anacapa Island,2006,Outside,0,0,0,6.5,5.6667,2.8333,0.6667,5,0.3333,0,0.8333,0,0.1667,46.8333,0,0.1667,0,1,11.8333,40.6667,0,0.5,0,35.3333,0.3333,0,29.3333,93.8333,5.5,0,0,0
AR,Admiral's Reef,AN,Anacapa Island,2007,Outside,0.3333,1,0,17.8333,2,0.5,8.3333,1.3333,0,0,0.8333,0,0,54.3333,0,0,0,0,19,45.5,0,0,0,3.6667,0.5,0,13.1667,81,10.6667,0,0,0.8333
AR,Admiral's Reef,AN,Anacapa Island,2008,Outside,0.5,0.5,0,21.3333,4.6667,0.3333,2.3333,2.8333,0,0,0,0,0,51.8333,0,0,0,0,21.8333,47,0,0,0,3.6667,1.5,0,9.5,89.6667,8.1667,0,0,2.3333
AR,Admiral's Reef,AN,Anacapa Island,2009,Outside,0,0.5,0,15.3333,0.6667,0.5,9.6667,0.5,0,0,0.8333,0,0,62.1667,0,0,0,0,18,44.6667,0,0,0,7.5,1,0,8.5,79.8333,10.5,0,0.1667,1
AR,Admiral's Reef,AN,Anacapa Island,2010,Outside,0.5,0.5,0,9.3333,1,0,13.3333,2.6667,0,0,0.1667,0,0,73,0,0,0,0.1667,22.5,43.6667,0,0,0,8.1667,1.1667,0,9.1667,82.3333,4.3333,0,0,0.6667
AR,Admiral's Reef,AN,Anacapa Island,2011,Outside,0.3333,1.5,0,19.5,0.3333,0,1.5,7,0,0,0,0,0.1667,60.8333,0,0,0,1.1667,21.8333,49.8333,0,0,0,14.3333,0.6667,0,8,90.6667,7.8333,0,0,0.8333
AR,Admiral's Reef,AN,Anacapa Island,2012,Outside,0.5,0.3333,0,27,0,0,2.6667,4.5,0,0,0,0,0,60.1667,0,0,0,0,11.3333,72,0,0.1667,0,1.5,0.5,0,3.8333,86.5,10.8333,0,0.3333,0.3333
AR,Admiral's Reef,AN,Anacapa Island,2013,Outside,0.1667,0,0,9,1.5,0.6667,2,3.3333,0,0,0,0,0,80.8333,0,0,0,0,7.1667,71.3333,0,0,0,2.1667,0.3333,0,4.3333,94.6667,3.3333,0,0,0.1667
AR,Admiral's Reef,AN,Anacapa Island,2014,Outside,0.1667,0.1667,0,18.3333,1.5,2.1667,1.6667,1.6667,0,0,0,0,0,69.6667,0,0,0,1.3333,5.6667,69.8333,0,1.5,0,3.6667,0.5,0,10.1667,83.8333,14.5,0.1667,0,0
AR,Admiral's Reef,AN,Anacapa Island,2015,Outside,0.1667,0.5,0,11.8333,11.1667,4,3,0.3333,0,0,0,0,0,69.3333,0,0,0,17.8333,6.3333,59.5,0,0.8333,0,11.8333,0,0,13.1667,92,5,5.3333,0,1
AR,Admiral's Reef,AN,Anacapa Island,2016,Outside,0.1667,0.1667,0,12.6667,11.3333,0.8333,4,0.1667,0,0,0,0,0,46.1667,0,0,0,2.3333,1.8333,32.3333,0,0.6667,0,3.5,0,0,16,88.8333,7.1667,10,0.1667,11.6667
AR,Admiral's Reef,AN,Anacapa Island,2017,Outside,0.5,0.1667,0,15,19.3333,0.5,3.8333,0,0,0,0.6667,0,0,49.3333,0,0,0,12.1667,4.8333,23.6667,0,3,0,1.1667,0.1667,0,10.1667,88.5,7.6667,5.8333,0,1
AR,Admiral's Reef,AN,Anacapa Island,2018,Outside,0.5,0.5,0,17.1667,13.1667,0.6667,3,0,0.1667,0,0.1667,0.5,0,50.5,0,0,0,4.3333,3.8333,26.8333,0,3.1667,0,0.1667,0.1667,0,14.5,88.8333,8.1667,4.3333,0,0.5
AR,Admiral's Reef,AN,Anacapa Island,2019,Outside,1.5,0.1667,0,17.1667,15.1667,3.6667,6.5,0,0.3333,0,0,1,0,41.5,0,0,0,27.3333,19.1667,23.8333,0,10.1667,0,3,0,0,18,86.1667,7.3333,7.6667,0.5,10.1667
BSBR,Black Sea Bass Reef,AN,Anacapa Island,2005,Inside,0.5,0,0,10,2,0.5,8.1667,1,0,0,0.1667,0,0,71.1667,0,0,0,0,5,84.3333,0,0,0,9.8333,0.5,0,9.8333,88.1667,3.6667,0,0,0.3333
BSBR,Black Sea Bass Reef,AN,Anacapa Island,2006,Inside,0.1667,0,0,6.6667,3.1667,0.8333,13.8333,3.1667,0,0,0.1667,0,0,76.1667,0,0,0,0,3.5,80,0,0,0,11.3333,2,0,7.8333,82.6667,3.5,0,0,0.1667
BSBR,Black Sea Bass Reef,AN,Anacapa Island,2007,Inside,0.3333,0,0,5,3.6667,4.8333,6.3333,2.3333,0,0,0,0,0,82,0,0.3333,0,1,4.5,76,0,1.3333,0,6.1667,0.5,0,22.6667,89.8333,3.8333,0,0,0.1667
BSBR,Black Sea Bass Reef,AN,Anacapa Island,2008,Inside,0,0.1667,0,10.1667,3.8333,0.3333,11.5,1,0,0,0.3333,0,0,58,0,0,0,6.6667,5.6667,53.6667,0,1.6667,0,1,0.1667,0,17.3333,83.1667,5.3333,0,0,1.6667
BSBR,Black Sea Bass Reef,AN,Anacapa Island,2009,Inside,0.3333,0,0,8.3333,5.5,0,13.3333,2.1667,0.1667,0,1.6667,0,0,77.5,0,0.5,0,4.3333,4.1667,61.3333,0,2.6667,0,3.8333,1.3333,0,19.1667,83.6667,3,0,0,0
BSBR,Black Sea Bass Reef,AN,Anacapa Island,2010,Inside,0,0.1667,0,26,6.6667,0,9.3333,1.8333,0,0,0,0.1667,0,60.8333,0,0,0,1.1667,4.6667,75.1667,0,1,0,3.3333,0.8333,0,6.8333,79.3333,11.3333,0,0,3.8333
BSBR,Black Sea Bass Reef,AN,Anacapa Island,2011,Inside,0.8333,0,0,16.5,3.6667,0.1667,6.8333,7.1667,0,0,0.1667,0,0,66.5,0,0,0,0,3.1667,83.6667,0,0,0,3.8333,2.5,0,2.8333,92,1.1667,0,0,2.1667
BSBR,Black Sea Bass Reef,AN,Anacapa Island,2012,Inside,0,0,0,9.1667,2.8333,0.1667,12.3333,6.3333,0,0,0.1667,0,0,72.1667,0,0,0,0.5,0.1667,86.1667,0,0.3333,0,2.8333,0.8333,0,7,82.8333,4.8333,0,0,0.1667
BSBR,Black Sea Bass Reef,AN,Anacapa Island,2013,Inside,0,0,0,10.6667,2,2.6667,14.6667,2.1667,0,0.1667,0.1667,0,0,61.8333,0,0,1,1,0.1667,78.6667,0,1.3333,0,3,0.6667,0,21.3333,83.5,1.8333,3.6667,0,0.5
BSBR,Black Sea Bass Reef,AN,Anacapa Island,2014,Inside,0.6667,0,0,8,5.8333,18.6667,8.5,1,0,0,0,0,0.1667,62.1667,0,0,0,6,3.5,81.5,0,0,0,3.5,2.5,0,15,86.5,5,7.1667,0.1667,3
BSBR,Black Sea Bass Reef,AN,Anacapa Island,2015,Inside,0,0.1667,0,13.5,0.5,2.3333,14,0.3333,0.1667,0,0.1667,0,0,48.5,0,0,0,11,1.1667,39.3333,0,6,0,10,0.6667,0,10.5,84.5,1.5,24.1667,0,0.3333
BSBR,Black Sea Bass Reef,AN,Anacapa Island,2016,Inside,0,0,0,7.1667,4.8333,2.6667,7.3333,1.6667,0,0,0.1667,0,0,70.1667,0,0,0,1,9.5,2.1667,0,14.5,0,6,0.8333,0,37.5,92.5,0.1667,39.8333,0,1.8333
BSBR,Black Sea Bass Reef,AN,Anacapa Island,2017,Inside,0,0,0,3.6667,7.6667,0.6667,16.1667,1.8333,0,0,0,0,0,57,0,0,0,16.6667,3.8333,0.5,0,5.5,0,0,4.1667,0,34.6667,81,2.8333,12.6667,0.1667,1.1667
BSBR,Black Sea Bass Reef,AN,Anacapa Island,2018,Inside,0.3333,0,0,9.5,6,1.6667,10.5,0.5,0,0,0.1667,0,0.6667,68.6667,0,0,4.5,4.6667,10.6667,0.3333,0,14.3333,0,5.3333,0.3333,0,33.8333,89.3333,0.1667,6.5,0.1667,1.5
BSBR,Black Sea Bass Reef,AN,Anacapa Island,2019,Inside,0.3333,1,0,0.3333,11.1667,4,9.8333,2.3333,0,0,0,1,0.1667,64.5,0,0,8.8333,8.6667,21.5,0,0.1667,6.5,0,0.8333,0.3333,0,31.5,89.6667,0.5,24.8333,0,7.1667
CAT,Cat Canyon,SB,Santa Barbara Island,2005,Outside,0.3333,1.3333,0,30,0,0.1667,5.1667,0.3333,0,0,0.1667,0,0,61,0,0,0,0,5.8333,0,0,0,0,0.3333,0,0,3.5,85.8333,9,0,0,0
CAT,Cat Canyon,SB,Santa Barbara Island,2006,Outside,1.8333,3.1667,1.5,21.6667,0,0,3.6667,0,0,0,0,0,0,71.8333,0,0,0,0,13.1667,0,0,0,0,12,0,0,7.5,86.6667,9.6667,0,0,0
CAT,Cat Canyon,SB,Santa Barbara Island,2007,Outside,0,0.8333,0.1667,21,0.8333,0.5,6.5,0.1667,0,0,0,0.3333,0,67.1667,0,0,0,0,6.6667,0,0,0,0,4.6667,0.1667,0,1.8333,91.1667,2.3333,0,0.1667,0.6667
CAT,Cat Canyon,SB,Santa Barbara Island,2008,Outside,0.5,1.1667,1,24.3333,1.6667,0,6,0.6667,0,0,0,0,0,66.5,0,0,0,0,1.1667,0,0,0,0,0.6667,0,0,3.5,89.5,4.5,0,0.1667,0.5
CAT,Cat Canyon,SB,Santa Barbara Island,2009,Outside,0.8333,1.1667,0.1667,32.6667,2,0,4,1.1667,0,0,0,0.1667,0,52.1667,0,0,0,0,9.3333,0,0,0,0,0.5,0.1667,0,3,89.8333,6.1667,0,0.5,1.5
CAT,Cat Canyon,SB,Santa Barbara Island,2010,Outside,0.6667,0.6667,0,20,3.6667,0,1.1667,0.5,0,1.8333,0,0,0.5,68.1667,0,0,0,41.6667,5.8333,0,0,42.5,0,14,0,0,16.5,94.6667,4.1667,0,0.1667,0.6667
CAT,Cat Canyon,SB,Santa Barbara Island,2011,Outside,0.5,0.5,1.3333,24.8333,1.3333,0,7.3333,1,0,0,0,0,0,41.1667,0,0,0,0,19.1667,0,0,0,8.5,0.1667,0.1667,0,2.5,86.1667,6.5,0,0,0.6667
CAT,Cat Canyon,SB,Santa Barbara Island,2012,Outside,0.1667,1,0.5,25.1667,1.8333,0,1.3333,3.8333,0,0,0,0,0,35.3333,0,0,0,0,10.8333,0,0,1.1667,14,0.6667,0.1667,0,2.1667,96.8333,1.8333,0,3.5,1.5
CAT,Cat Canyon,SB,Santa Barbara Island,2013,Outside,0.6667,0,0.3333,18.8333,1.6667,1,7.8333,0,0,0,0,0,0,47.5,0,0,0,2.5,25.8333,0,0,4.3333,14,12.1667,0.3333,0,18.8333,85.3333,6.8333,0,1.1667,2.5
CAT,Cat Canyon,SB,Santa Barbara Island,2014,Outside,0.3333,0,0.1667,23.5,1.3333,0,3,0.1667,1.3333,0,0,0,0,63.6667,0.1667,0,0,0.6667,5.5,0,0,4.6667,0,13.5,0.1667,0,2,89,8,0,1.1667,0.8333
CAT,Cat Canyon,SB,Santa Barbara Island,2015,Outside,4,0,0,31.3333,0,0,5,0,0.5,0,0,0,0,57.1667,0,0,0,1.8333,0.8333,0,0,4.8333,0.1667,3,0,0,1.3333,87.8333,7.1667,3.6667,1.6667,0.3333
CAT,Cat Canyon,SB,Santa Barbara Island,2016,Outside,36.6667,0,0,15.8333,17.6667,0.3333,4,0,1.1667,0,0,0.1667,0,51.1667,0,0,0,27.1667,2.3333,0,0,35.6667,0,0,0,0,3.1667,89.8333,6.1667,49.5,0.6667,4.1667
CAT,Cat Canyon,SB,Santa Barbara Island,2017,Outside,24.1667,0.5,0,6.8333,8.1667,0,3.6667,0,0,0,0,0,0,48.5,0.1667,0,0,25.3333,1.1667,0,0,8.1667,19.1667,3.1667,0,0,2.8333,94.3333,2,13.6667,1.5,6.6667
CAT,Cat Canyon,SB,Santa Barbara Island,2018,Outside,34.5,0.5,0,9.1667,18.5,0,5.1667,0,0.8333,0,0,0.1667,0,46.6667,0,0,0,5,3,0,0,30.5,11.6667,0,0,0,4.5,91.5,3.3333,2.3333,2.5,6.3333
CAT,Cat Canyon,SB,Santa Barbara Island,2019,Outside,63.3333,0,0,12,2.5,0.8333,5.8333,0.3333,0.8333,0,0,0,0,59.3333,0,0,0.1667,11.5,5,0,0,87.8333,0,0,0,0,10.1667,84.6667,9.5,10.6667,5.1667,0.5
CC,Cathedral Cove,AN,Anacapa Island,2005,Inside,12.5,0.3333,0,20.8333,11.5,0.5,17.1667,0,20.5,0.1667,0.5,0.1667,2,33.3333,0,0,7,43.3333,13.1667,0,0,24.1667,0.1667,0,0,0,5.5,63.8333,19,0,0,3.6667
CC,Cathedral Cove,AN,Anacapa Island,2006,Inside,10.1667,1,0.1667,10,39.6667,0.5,14,0.1667,5.3333,0,0.3333,1.8333,0,38.1667,0,0,15.6667,64.3333,16.3333,0,0,11.1667,0.1667,1.1667,2.1667,0,11.8333,76.8333,9.1667,0,1,3.8333
CC,Cathedral Cove,AN,Anacapa Island,2007,Inside,30.5,0,0,8.3333,23.1667,0.8333,11.1667,0.3333,33.3333,0.6667,1.1667,3.3333,1.1667,29,0,0,45.3333,33.1667,13.3333,0,0,7.3333,0,1.1667,0.3333,0,22.5,79.6667,9.1667,0,0.8333,9.5
CC,Cathedral Cove,AN,Anacapa Island,2008,Inside,17,0.6667,0,31,28.6667,0,17.6667,0,22,0,0.6667,4.1667,1.1667,12.6667,0,0,26.3333,16.5,9.6667,0,0,1.6667,0.6667,0,0,0,5,65,17.3333,0,0,7.8333
CC,Cathedral Cove,AN,Anacapa Island,2009,Inside,15.3333,0.1667,0,27,14.8333,0.5,14.8333,0,14.1667,0,0.3333,2.5,3.5,15,0,0,41.6667,39,8,0,0,1.1667,0,0,1.6667,0,15.8333,66.6667,18.5,0,0.3333,12.3333
CC,Cathedral Cove,AN,Anacapa Island,2010,Inside,25.5,0.1667,0,8.8333,25.3333,0,17.1667,0,18.5,0,0,8,2.5,24,0,0,42.8333,33.5,15.6667,0.3333,0,2.5,5.6667,0.1667,2.1667,0,17.5,71.5,11.3333,0,0.6667,13.3333
CC,Cathedral Cove,AN,Anacapa Island,2011,Inside,20.1667,0.3333,0,14,25,0.3333,7.6667,0,19,0.1667,1,3.8333,7.6667,6,0,0,41.8333,49.3333,15,0,0,3,3.8333,0,0,0,30.6667,77.8333,14.5,0,0,15.5
CC,Cathedral Cove,AN,Anacapa Island,2012,Inside,14.8333,0.1667,0,29.3333,6.6667,1.1667,5.6667,0.1667,14.6667,0.1667,1.3333,9.5,3.8333,32,0,0.1667,50.3333,29,5,0,0,2.1667,0,0,1.8333,0.1667,10.1667,79,15.3333,0,0.6667,2.5
CC,Cathedral Cove,AN,Anacapa Island,2013,Inside,19.8333,0,0,7.8333,35,0.3333,36.1667,0.1667,9.6667,0,1.8333,6.3333,1.3333,11.5,0,0,19.6667,15.6667,29.3333,0,0,0.5,0,0,0.6667,0,19.8333,59.6667,4.1667,0,1.3333,12.8333
CC,Cathedral Cove,AN,Anacapa Island,2014,Inside,23.8333,0.1667,0,21.5,18.1667,0.1667,24,0.1667,13,0.5,0.8333,2.6667,2.6667,8.3333,0.1667,0.1667,35.5,22.1667,12.1667,0,0,3,0.3333,0.3333,1.3333,0.1667,24.5,62.8333,13.1667,1.1667,1,6.8333
CC,Cathedral Cove,AN,Anacapa Island,2015,Inside,36.6667,0,0,12.3333,10,0.6667,29.8333,0,15.5,0,0.1667,4,1.8333,17.3333,0.3333,0,30.1667,44.6667,3.6667,0,0,21.6667,0,0,0.3333,0,31.5,64,6.1667,9.5,1.8333,4.6667
CC,Cathedral Cove,AN,Anacapa Island,2016,Inside,11.5,0.3333,0,39,34.3333,0,20.5,0,11.6667,0.3333,0.1667,2,5.8333,8.8333,1.3333,0,7,14.6667,1.5,0,0,13.6667,0,0.1667,0.1667,0,18.6667,66.3333,13.1667,11.6667,0.3333,9
CC,Cathedral Cove,AN,Anacapa Island,2017,Inside,19.5,0.5,0,24.6667,20.5,0.1667,15.6667,0,11.8333,0.8333,1.3333,1.8333,1.1667,24.8333,0,1.1667,10.3333,29.1667,5.6667,0,0,14,0,0,0.5,0,17.8333,77.1667,7.1667,11.8333,1.5,21
CC,Cathedral Cove,AN,Anacapa Island,2018,Inside,14,0.5,0,15.8333,40.3333,0,11.3333,0,8,0,3.1667,4.6667,3.3333,12,1.1667,0,15.6667,18.8333,5.8333,0,0,5,0.3333,0,0.1667,0,21,80.3333,8.3333,9.3333,0.8333,24.8333
CC,Cathedral Cove,AN,Anacapa Island,2019,Inside,43.5,0.1667,0,11.5,30.6667,0.6667,16.1667,0,17.1667,0,1.3333,2.8333,4.5,23.6667,2.6667,0,28.8333,33.8333,3.3333,0,0,20.8333,0.3333,0,0.3333,0,29.5,78.8333,5,19,1.3333,16.6667
CP,Cluster Point,SR,Santa Rosa Island,2005,Outside,2.6667,1,2.8333,14.8333,11.6667,0,8.6667,0.1667,0.1667,0,0,0.3333,0,24.6667,0,0,0,5.1667,27,0,0,0.1667,6.3333,0,4.3333,7.8333,12.8333,85.3333,6,0,0,6
CP,Cluster Point,SR,Santa Rosa Island,2006,Outside,5.1667,0.5,0.5,15.8333,12.1667,0.1667,10.5,1,0,8,0,1.3333,0.3333,25.1667,0,2,0,22.1667,8.3333,0,0,3.6667,0.5,0.1667,6.3333,9.1667,57.6667,83.3333,6.1667,0,0,6
CP,Cluster Point,SR,Santa Rosa Island,2007,Outside,2.5,0.6667,1.8333,13.5,6.1667,0.1667,11.3333,0.8333,0,2.1667,0,1.8333,0.5,15.8333,0,1.8333,0,7.5,22.1667,0,0,0.8333,3.6667,0,4.8333,9.6667,52.5,85,3.6667,0,0,8.5
CP,Cluster Point,SR,Santa Rosa Island,2008,Outside,10.6667,0.1667,1.8333,11.8333,31.3333,0,6.5,0.5,2.3333,2.8333,0.1667,3,4.5,33,0.1667,8,0,31.6667,5.6667,0,0,1.3333,0.8333,0,8.3333,31.3333,66.6667,90.3333,3.1667,0,0.1667,6.6667
CP,Cluster Point,SR,Santa Rosa Island,2009,Outside,10.8333,0.1667,2.3333,9.5,11.8333,0,5.8333,1.1667,0.8333,4.8333,0,5,4.1667,42.6667,0,2.5,0.1667,19.6667,8.8333,0,0,2,0,0.1667,8.1667,33.8333,68.5,87.3333,6.8333,0,0,12.1667
CP,Cluster Point,SR,Santa Rosa Island,2010,Outside,5,0.6667,1.6667,13.6667,10.3333,0,9.3333,0.5,0,0.1667,0,2.8333,12.6667,40.8333,0,0,0,14,19.5,0,0,1.6667,0.3333,0.1667,3,34.8333,51.6667,84.6667,6,0,0,10.6667
CP,Cluster Point,SR,Santa Rosa Island,2011,Outside,2.5,0.1667,1.3333,12.8333,6,0,11.8333,0,0.5,1.6667,0,10.8333,4.5,25.5,0,1.1667,0,4.6667,19.6667,0.1667,0.3333,1.8333,5.1667,0.1667,7.1667,16.6667,65.1667,79,9.1667,0,0.1667,5.3333
CP,Cluster Point,SR,Santa Rosa Island,2012,Outside,3.1667,0.3333,2.1667,23.6667,0.8333,0,10.1667,1,0,2.3333,0,6.5,5,27.6667,0.1667,0.5,0,1.1667,2.5,0,0,3.1667,0.3333,0.3333,6,11.8333,58.6667,77.6667,12.1667,0,0,3.6667
CP,Cluster Point,SR,Santa Rosa Island,2013,Outside,2.3333,0.6667,1.6667,5.6667,8.5,0,7.5,0.6667,0,0,0.5,7.1667,2,43.6667,0.1667,0,0,2.6667,6.3333,0,0.1667,0.3333,0.1667,0.3333,5,1.1667,41.8333,87.6667,4.8333,0,0,6
CP,Cluster Point,SR,Santa Rosa Island,2014,Outside,8.1667,0.6667,1.5,9.5,16.5,0,3.8333,2.5,0.3333,0.5,0,3.3333,12.8333,53.6667,0,2.3333,0,9,14.3333,0.8333,0,3.6667,0.1667,0,1.1667,9.1667,71.6667,88.1667,8,0,0,7.3333
CP,Cluster Point,SR,Santa Rosa Island,2015,Outside,1.8333,0.6667,1,18.8333,7.6667,0,5.5,0.5,0.1667,0,0,2.6667,5.5,41,0,0.1667,0,3.3333,6,0,3.3333,2.3333,0.1667,0.3333,4.5,3.8333,34.3333,83.3333,11.1667,0,0.6667,0.6667
CP,Cluster Point,SR,Santa Rosa Island,2016,Outside,2.5,0.1667,2.3333,8.8333,1,0,4.5,0.5,0,0,0,2,11.3333,74.6667,0,2.6667,0,0,4.1667,0,0,1.3333,0.5,14.6667,0.6667,0,11.1667,90,5.5,0,1.8333,0.6667
CP,Cluster Point,SR,Santa Rosa Island,2017,Outside,1.6667,2.1667,7.1667,14.8333,1.5,0,9.3333,2.6667,0,0,0,1.3333,0,49.8333,0,3.5,0,0,11.8333,0,3.8333,0,0,0.3333,1.1667,0,3.8333,84.8333,5.8333,0,3.5,0.5
CP,Cluster Point,SR,Santa Rosa Island,2018,Outside,1.1667,0.5,1.8333,19.5,1.5,0,3.1667,2.6667,0,0,0,0,0,64.3333,0,0.6667,0,0,2.5,0,5.5,0,0,0,0.5,0,6.1667,90,6.8333,0,0.5,0.3333
CP,Cluster Point,SR,Santa Rosa Island,2019,Outside,5.6667,1.3333,19.6667,10.1667,0.8333,0.1667,9.6667,6.8333,0,0,0,0,2.1667,46,0,0.6667,0.1667,0.3333,11.8333,7.6667,4.3333,0.5,0.5,1,0.6667,0,11.8333,87.6667,2.6667,0,4.8333,1.1667
CSAW,Chickasaw,SR,Santa Rosa Island,2005,Inside,11.3333,0.1667,1.5,7.8333,25.8333,0,0.5,0.1667,0.3333,0.1667,0,8,0,20.5,0,0,0,8.6667,14.1667,0,0,0,3,0,5,0.6667,28.1667,91.8333,7.6667,0,0.1667,8.6667
CSAW,Chickasaw,SR,Santa Rosa Island,2006,Inside,7,0.3333,1,15,13.3333,0,2.5,0.8333,1,0.5,0.6667,10,0,5.8333,0,8.6667,0,16,34.6667,0,0,0,3.1667,0.6667,5.5,1.3333,68.3333,84.8333,12.6667,0,0.3333,11
CSAW,Chickasaw,SR,Santa Rosa Island,2007,Inside,14.1667,0.5,1.6667,5.8333,38.3333,0.1667,0.6667,0.3333,0.5,0,0,17,0.8333,28.3333,0,2.6667,0,42.8333,7.3333,0,0,1.8333,1.1667,0,2.3333,0.5,66.6667,79.6667,19.6667,0,0.3333,11.5
CSAW,Chickasaw,SR,Santa Rosa Island,2008,Inside,10.5,0.3333,2.3333,7.1667,23.5,0,0,0.1667,3.1667,0,0.8333,21.6667,0,24,0,2.6667,0.1667,33.3333,4.1667,0.1667,0,0,0.6667,0,8.8333,2.5,44,77.8333,22.1667,0,0,9.3333
CSAW,Chickasaw,SR,Santa Rosa Island,2009,Inside,6.8333,0.3333,1.3333,15.1667,15.1667,0,2.3333,0.8333,2.8333,0,0.8333,13.5,0.3333,8.1667,0,10.8333,0,13.8333,24.8333,0.1667,0,0.5,4.1667,0.3333,3.5,7.5,63.3333,78.5,19.1667,0,0.6667,9.3333
CSAW,Chickasaw,SR,Santa Rosa Island,2010,Inside,7.6667,0,0.3333,9.5,30.1667,0,0,0.8333,2,0,0,10.8333,0.3333,21.8333,0,0.1667,0,9.5,6.6667,0,0,0.1667,11.3333,0,2.3333,1.5,31.6667,85.6667,14.3333,0,0.1667,16.6667
CSAW,Chickasaw,SR,Santa Rosa Island,2011,Inside,6.6667,0,1.6667,17.3333,7.8333,0,0.3333,0.3333,1.1667,0.6667,0.8333,7.6667,0,7.8333,0,2.5,0,13.3333,4.8333,0,0,0.3333,13.3333,0,3.5,3.5,57.1667,86.8333,12.8333,0,0,3
CSAW,Chickasaw,SR,Santa Rosa Island,2012,Inside,7.5,0.3333,0.8333,18.3333,15.8333,0,0,2,2.6667,0,0.6667,15.1667,0.1667,21.1667,0,1.8333,0,20.6667,8.5,0.1667,0,2.3333,8.5,0.6667,0.8333,7.8333,61.1667,76.3333,23.6667,0,0.6667,13
CSAW,Chickasaw,SR,Santa Rosa Island,2013,Inside,5,0,0.8333,12,17.8333,0.3333,0.5,1,1.5,0,1.6667,10.8333,0,16.5,0,1.6667,0,18.8333,12.8333,0,0,0.6667,3.6667,1.5,3.3333,1.6667,45.8333,81.5,18,0,0.5,12
CSAW,Chickasaw,SR,Santa Rosa Island,2014,Inside,12.3333,0.1667,1,6.5,32.3333,0.1667,0,0.5,3.3333,3,1,7.6667,1,47.5,0,4,0,11.6667,12.6667,0.1667,0,1.3333,0.1667,0,1,3.1667,67.5,93.3333,6.6667,0,0.5,6.3333
CSAW,Chickasaw,SR,Santa Rosa Island,2015,Inside,5.1667,0.3333,0.8333,11.8333,37.8333,0,0,0.8333,2.5,0,1.5,9.3333,1,31.8333,0,0.8333,0.5,11.3333,14.1667,0,0,0.3333,2.3333,0.1667,0.3333,1.5,42.6667,85.1667,14.8333,0,0.3333,5.8333
CSAW,Chickasaw,SR,Santa Rosa Island,2016,Inside,6.3333,0.1667,2,11.3333,26.8333,0,0.5,0.3333,1.3333,0,0.3333,11.6667,0,31.1667,0,1.3333,0.1667,10.5,6.5,0.1667,0.1667,3.3333,9,1.1667,0.1667,1.5,43.8333,82.5,17,0,1.1667,3.8333
CSAW,Chickasaw,SR,Santa Rosa Island,2017,Inside,6.6667,0,1.1667,12,15.8333,0,1.5,0.6667,2.8333,1.6667,0.8333,4.3333,1.5,37.1667,0,3.8333,0,9.1667,4.6667,0,2.8333,1.8333,9.8333,0.3333,1,0.1667,55.6667,91,7.5,0,4.1667,6
CSAW,Chickasaw,SR,Santa Rosa Island,2018,Inside,3.3333,0,1.8333,16.5,13.3333,0,0.3333,0.3333,1.8333,0,0.1667,17,0,37.8333,0,0,0,3.5,3.3333,0,0.8333,0.1667,8.1667,6.1667,1,0,42.5,83.6667,16,0,3,9
CSAW,Chickasaw,SR,Santa Rosa Island,2019,Inside,5.3333,0,1.8333,4.6667,16.6667,0.3333,2,0.5,1.3333,0,0.3333,12.5,0.3333,30.6667,0.1667,0.1667,0,3.8333,21.8333,0.6667,3,1.6667,10.3333,0.6667,0.8333,1.1667,39,89.1667,8.8333,0,6,10.1667
CVP,Cavern Point,SC,Santa Cruz Island,2005,Inside,1.6667,2.3333,0.1667,13,1.1667,1.8333,10.1667,0.8333,0,0,0.3333,0,0,59.8333,0,0,0,0,16.5,0,0,0,0,6.3333,0.6667,0,25.6667,82,7.8333,0,0,2.1667
CVP,Cavern Point,SC,Santa Cruz Island,2006,Inside,1.5,6.1667,1.6667,9.1667,4,0.1667,10.8333,2.1667,0,0,1.1667,0,0,70.6667,0,0,0,0,38.1667,0,0,0,0,2,2.3333,0,25.6667,89,0.1667,0,0,4.6667
CVP,Cavern Point,SC,Santa Cruz Island,2007,Inside,0.6667,3.5,0.1667,11.1667,5.5,0.1667,10.6667,0.8333,0,0,1.3333,0.3333,0,45,0,0,0,0,25.3333,0,0,0.1667,0,7.3333,0.5,0,7.8333,86.3333,3,0,0.1667,3.5
CVP,Cavern Point,SC,Santa Cruz Island,2008,Inside,1.1667,3.5,0,8,8.8333,0.3333,6.5,0.1667,0,0,0.3333,0,0,52.6667,0,0,0,0,31,0,0,0,0,6.6667,1.6667,0,29.3333,93.1667,0.3333,0,0.1667,7.3333
CVP,Cavern Point,SC,Santa Cruz Island,2009,Inside,0.3333,3.1667,0.3333,9.6667,7,3.1667,1.5,0.8333,0,0,4.6667,0,2.6667,48.1667,0,0,0,0,26.3333,0,0,0.6667,0,1,2.3333,0,10.8333,95.5,3,0,0,3.3333
CVP,Cavern Point,SC,Santa Cruz Island,2010,Inside,0.8333,4.1667,0.1667,3.1667,13.1667,4.8333,4.1667,0.1667,0,0,1,0.3333,7.1667,66,0,0,0,12.1667,30.6667,0,0,5,0,5.5,0,0,32.5,93.3333,2.5,1.6667,0.5,14.5
CVP,Cavern Point,SC,Santa Cruz Island,2011,Inside,1.1667,2.1667,0.3333,9.8333,20.5,0.1667,5.3333,0.5,0,0,5.5,1.3333,13.5,28,0,0,0,76.1667,22.6667,0.1667,0,9.1667,0.1667,0,0.1667,0,13.1667,85.8333,8.8333,14.8333,0.1667,19.5
CVP,Cavern Point,SC,Santa Cruz Island,2012,Inside,2.6667,1.8333,3.1667,11.1667,20.3333,0.6667,5,0,0,0,13.3333,5,14.5,43,0,0,0,13,18.8333,0,0,0,0,0,0.8333,0,29.8333,86.8333,8.1667,9.3333,0,3.8333
CVP,Cavern Point,SC,Santa Cruz Island,2013,Inside,1.3333,0.1667,4,4.1667,8.8333,2.1667,7.8333,0.8333,0.1667,0,2.1667,2.3333,10,42.1667,0,0,0.1667,13.6667,15.6667,0,0,15,0,5.8333,0.8333,0,35.5,90.1667,2,4,1.5,8.5
CVP,Cavern Point,SC,Santa Cruz Island,2014,Inside,2.1667,6,0.5,6.5,19.8333,1.1667,12.6667,0.8333,0,0,3.8333,2.1667,18,26.6667,0.1667,0.1667,0.1667,16.3333,17.6667,0.6667,0,8.6667,0.6667,0,1.1667,0,20.5,80.3333,7,3.6667,0.1667,10.3333
CVP,Cavern Point,SC,Santa Cruz Island,2015,Inside,2.5,4.8333,0.3333,7.6667,22.8333,2.1667,3.8333,0.8333,0,0,3,2,7.6667,26.5,0,0,0,14.8333,12.1667,0,0,16,0.1667,3.5,2.1667,0,33.5,92.6667,3.5,10.1667,0.8333,12.3333
CVP,Cavern Point,SC,Santa Cruz Island,2016,Inside,2.3333,1,0,8.1667,23.8333,3.1667,10.8333,0,2,0,0,1.6667,18.3333,13.5,0.6667,0,0,7.3333,4.6667,0,0,36.3333,0,0.5,0.6667,2,33.6667,86.1667,3,1.3333,0.6667,12.5
CVP,Cavern Point,SC,Santa Cruz Island,2017,Inside,3.5,2.5,0,12.5,27.8333,1.6667,9.8333,0,1.3333,0,12.8333,1.6667,16.5,16.6667,0,0,0,9.8333,2.6667,0,0,29.3333,0,0,0.6667,0,18.1667,86.3333,3.8333,10,2,19.5
CVP,Cavern Point,SC,Santa Cruz Island,2018,Inside,3.3333,1.6667,0,13.6667,33,0.6667,12.6667,0,0.6667,0.1667,4.1667,1,2,10.1667,1,0,0,10.5,2.6667,0,0,38,0,0.5,0.3333,0,33.8333,81,6.3333,4,0.8333,30.6667
CVP,Cavern Point,SC,Santa Cruz Island,2019,Inside,5.1667,0,0,16.8333,31.8333,1.1667,12.5,0,2.5,2.3333,1.1667,1.3333,12.5,9.1667,5.6667,0,0,14,9.6667,0,0,68.1667,0,0,0,0,28.1667,84.8333,2.6667,0.3333,0.5,9.5
DPM,Devil's Peak Member,SC,Santa Cruz Island,2005,Outside,0.1667,7.3333,0,11.3333,2.3333,0,5.5,0.3333,0,0,0.6667,0.8333,0,58.8333,0,0,0,0.5,15.8333,0,8,0,0,0.1667,0.3333,0,10,84.8333,9.6667,0,0,1.1667
DPM,Devil's Peak Member,SC,Santa Cruz Island,2006,Outside,1,4.6667,0,9.1667,12,0,2.1667,0.3333,0,0,2.8333,0.6667,0.3333,52.8333,0,0,0,0,18.1667,0,13.6667,0.1667,0.5,0.8333,1.5,0,12,89.3333,8.5,0,0,1.1667
DPM,Devil's Peak Member,SC,Santa Cruz Island,2007,Outside,0.3333,3.5,0.1667,6.6667,8,0.1667,0.6667,0.5,0,0,0,0.1667,0,51.8333,0,0,0,0,26.1667,0,14.1667,0,0,26.1667,0.5,0,21,95.1667,4.1667,0,0.1667,4.8333
DPM,Devil's Peak Member,SC,Santa Cruz Island,2008,Outside,0.6667,4.8333,0,10,3,0,2.6667,0,0,0,0.6667,0.1667,0,45.6667,0,0,0,0,19.3333,0,7.3333,0,0,0.1667,0,0,10.3333,95.6667,1.6667,0,0,1.3333
DPM,Devil's Peak Member,SC,Santa Cruz Island,2009,Outside,0,5.5,0.6667,6.8333,12.1667,0,10.3333,0,0,0,1.3333,0.3333,0,56.8333,0,0,0,0,31.3333,0.1667,1.5,0,0,4.3333,1.6667,0,13.5,84.6667,5,0,0.1667,4.8333
DPM,Devil's Peak Member,SC,Santa Cruz Island,2010,Outside,0,3.5,0,3.8333,10.6667,0,1.6667,0,0,0,1.5,0.1667,0.3333,58.8333,0,0,0,0,29.8333,0,0,0,0,4.5,1,0,18.8333,97.1667,1.1667,0,0,4.3333
DPM,Devil's Peak Member,SC,Santa Cruz Island,2011,Outside,0.1667,3.6667,0.1667,4,5.6667,0,5.8333,0.5,0,0,6,0.5,0,64.8333,0,0,0,0,21.5,0,0.8333,0.1667,0.3333,1.3333,1.1667,0,17.8333,91.3333,2.8333,0,0,3
DPM,Devil's Peak Member,SC,Santa Cruz Island,2012,Outside,0.3333,7,0,19.1667,3,0,3.1667,0.6667,0,0,1.3333,0.5,0,58,0,0,0,0,12.1667,0.1667,0,0,0,0.3333,0.3333,0,4.6667,92.1667,4.6667,0,0,0.5
DPM,Devil's Peak Member,SC,Santa Cruz Island,2013,Outside,0,8.8333,0.5,5.3333,2.3333,0,4.1667,0.1667,0,0,0.5,0.6667,0,70.3333,0,0,0,0,3.8333,0,0.6667,0,0.1667,5,0.1667,0,14.8333,92.6667,3.1667,0,0,5.1667
DPM,Devil's Peak Member,SC,Santa Cruz Island,2014,Outside,0,12.1667,0.3333,5.1667,2.1667,1,0.5,1.5,0,0,0.6667,0.8333,0,59.1667,0,0,0,0,26,0.1667,0.6667,0,0,13,0.3333,0,12.3333,94.1667,5.3333,0,0,2
DPM,Devil's Peak Member,SC,Santa Cruz Island,2015,Outside,0,11.1667,0,19.5,1.8333,0.6667,2.1667,0.3333,0,0,0,0.1667,0,51.6667,0,0,0,0,10.5,0,0.6667,0.5,0,0.1667,0.1667,0,5.5,93.5,4.3333,0,0,0.1667
DPM,Devil's Peak Member,SC,Santa Cruz Island,2016,Outside,0.6667,8,1,12.3333,18.3333,2.3333,3.6667,0.1667,0,0,2,0.6667,0,46.5,0,0,0,0,4.3333,0,0.6667,1.8333,0.5,1,0.8333,0,3.8333,88.5,7.8333,0.1667,0.5,1.6667
DPM,Devil's Peak Member,SC,Santa Cruz Island,2017,Outside,1.3333,10.8333,0.1667,1.3333,14.6667,0.1667,0.3333,0.1667,0,0,17,0.1667,0,45.8333,0,0,0,0,12.6667,0.6667,0.1667,2.1667,0,0.1667,0,0,4.8333,98.8333,0.8333,3.8333,0.3333,4.5
DPM,Devil's Peak Member,SC,Santa Cruz Island,2018,Outside,0.5,10,0,2,7.6667,0,6.8333,0,0,0,14.8333,0.1667,0,59.5,0,0,0,0,25.1667,0,0.3333,0.6667,0,2.8333,0,0,5,93,0.1667,3.5,0.6667,1.5
DPM,Devil's Peak Member,SC,Santa Cruz Island,2019,Outside,0.3333,6.6667,0,3.5,4.6667,0.1667,11.6667,0,0.3333,0,2,0.3333,0.1667,75.1667,0,0,0,0,26,0,4.6667,1.1667,0,6,0,0,5.6667,86.1667,2.1667,5,0.3333,2.1667
EFC,East Fish Camp,AN,Anacapa Island,2005,Outside,0,0,0,18,0.1667,0.3333,4.6667,7,0,0,0,0,0,54.8333,0,0,0,0,9.5,17.1667,0,1.6667,0,1.6667,0,0,19.8333,89.8333,5.5,0,0,0
EFC,East Fish Camp,AN,Anacapa Island,2006,Outside,0,0.3333,0,28.8333,0,0,3.5,5.1667,0,0,0,0.5,0,52.5,0,0,0,0,7,9.6667,0,0,0,5.5,0,0,8.3333,88.5,8,0,0,0.1667
EFC,East Fish Camp,AN,Anacapa Island,2007,Outside,0,0.3333,0,30.5,0.1667,0,4.6667,7,0,0,0,0,0,50.3333,0,0,0,0,5.6667,10.5,0,0,0,0.1667,0,0,5.6667,89.5,5.8333,0,0,0
EFC,East Fish Camp,AN,Anacapa Island,2008,Outside,0,1.3333,0,34.1667,0.1667,0.1667,5.8333,12.6667,0,0,0,0,0,43.3333,0,0,0,0,6.8333,7.5,0,0,0,0.1667,0,0,2.5,84.6667,9.5,0,0,0.1667
EFC,East Fish Camp,AN,Anacapa Island,2009,Outside,0,0,0,34.6667,0.1667,0,1.1667,8.5,0,0,0,0,0,51.6667,0,0,0,0,2.1667,16.3333,0,0,0,0,0,0,10.3333,90.6667,8.1667,0,0,0.1667
EFC,East Fish Camp,AN,Anacapa Island,2010,Outside,0,0.6667,0,36,0,0,2.6667,17.3333,0,0,0,0.5,0,34.3333,0,0,0,0,5.5,14.1667,0,0.3333,0,2.5,0.6667,0,7.5,88.6667,8.6667,0,0,0
EFC,East Fish Camp,AN,Anacapa Island,2011,Outside,0,0.5,0,38.3333,0,0,3.5,22.6667,0,0,0,0,0,36,0,0,0,0,1.1667,17.5,0,0.1667,0,1.3333,0,0,1.6667,85,11.5,0,0,0.1667
EFC,East Fish Camp,AN,Anacapa Island,2012,Outside,0,0.1667,0,43.6667,0,0.1667,2.8333,15.5,0,0.1667,0,0,0.1667,36.8333,0,0,0,0.5,2.3333,24,0,0.1667,0,0,0,0,4.6667,82.6667,14.5,0,0,0.3333
EFC,East Fish Camp,AN,Anacapa Island,2013,Outside,0,0.1667,0,23.8333,0.1667,0.3333,2.3333,16.5,0,0,0,0,0.1667,53.6667,0,0,0,0.8333,1.3333,28,0,0.1667,0,4,0,0,6,89.6667,8,0,0,0.5
EFC,East Fish Camp,AN,Anacapa Island,2014,Outside,0,0.1667,0,36.8333,0.3333,1.3333,2.5,7.8333,0,0,0,0,0,50.6667,0,0,0,0.3333,2.1667,50.5,0,0.3333,0,2,0.3333,0,6.1667,87.8333,9.6667,2,0,0
EFC,East Fish Camp,AN,Anacapa Island,2015,Outside,0.1667,0,0,41.5,0,0,0.1667,4.3333,0,0,0,0,0,48.3333,0,0,0,0.8333,0.6667,44.1667,0,0.5,0,0.5,0,0,0.6667,86.5,13.3333,8.1667,0,0.1667
EFC,East Fish Camp,AN,Anacapa Island,2016,Outside,4.6667,0,0,14.1667,2.6667,0.5,3.8333,2.1667,0,0,0,0,0,63.6667,0,0,0,0.1667,1,37.3333,0,0.1667,0,9.3333,0.1667,0,7.6667,93.1667,3,3.5,0,0.6667
EFC,East Fish Camp,AN,Anacapa Island,2017,Outside,0,0,0,31.3333,0.1667,0,8.5,0.1667,0,0,0,0.1667,0,61.5,0,0,0,0,6.3333,32.6667,0,0,0,0.3333,0,0,0.5,88.3333,3.1667,0,0,0
EFC,East Fish Camp,AN,Anacapa Island,2018,Outside,5.3333,0,0,6.1667,0.5,0,4.5,0,0,0,0,0,0,77.8333,0,0,0,0,10.5,70.5,0,0,0,0,0,0,4.5,93.1667,2.3333,0,0,0
EFC,East Fish Camp,AN,Anacapa Island,2019,Outside,0.1667,0.1667,0,23.5,2.1667,1.6667,7.5,0.1667,0,0,0,0.6667,0,72,0,0,0,0,7.3333,37.8333,0,1.1667,0,0.1667,0,0,2.3333,88,4.5,0,0,0.5
GC,Graveyard Canyon,SB,Santa Barbara Island,2005,Inside,0,2.6667,0.1667,45.6667,0,3.3333,2.8333,0,0,0,0,0.5,0,37,0,0,0,0,2.8333,17.6667,0,3.5,0,0,0.3333,0,6.8333,60.5,36.6667,0,0,0
GC,Graveyard Canyon,SB,Santa Barbara Island,2006,Inside,0.1667,0,0,43.1667,0.5,0,0.6667,4.6667,0,0,0,0.3333,0,39,0,0,0,0,7.6667,21.3333,0,1.1667,0,0,0.1667,0,3.1667,67.6667,31.6667,0,0,0.3333
GC,Graveyard Canyon,SB,Santa Barbara Island,2007,Inside,0,0.6667,0,41.8333,1.6667,0.1667,2.3333,2.3333,0,0,0,0.5,0,52,0,0,0,0,4,32.5,0,0,0,0.1667,0,0,1.1667,65.1667,32.5,0,0,0.5
GC,Graveyard Canyon,SB,Santa Barbara Island,2008,Inside,0,0.3333,0,42.6667,0,0,3.1667,6.1667,0,0,0,0,0,38.5,0,0,0,0,10.5,38.5,0,0.5,0,1.5,0,0,1.5,61.3333,35.5,0,0,1.1667
GC,Graveyard Canyon,SB,Santa Barbara Island,2009,Inside,0,0,0,48.8333,1.1667,0,10,2.6667,0,0,0,0.1667,0,44.5,0,0,0,0,7.1667,22.8333,0,0.3333,0,2.5,0.1667,0,4.8333,68,22,0,0,0.5
GC,Graveyard Canyon,SB,Santa Barbara Island,2010,Inside,0.1667,0,0,40.6667,0.1667,1,3.5,3.5,0.1667,17,0,0,0,50.5,0,0,0,4.5,4.3333,26.1667,0,3,0,5.3333,0.3333,0,3.8333,62.1667,34.3333,0,0,0
GC,Graveyard Canyon,SB,Santa Barbara Island,2011,Inside,0.1667,0.1667,0,40.1667,0.3333,0,3,5.3333,0,0.1667,0,0,0,40.5,0.8333,0,0,0,15.1667,35.1667,0,0,0,0,0.5,0,9.3333,67.5,29.5,0,0,0.5
GC,Graveyard Canyon,SB,Santa Barbara Island,2012,Inside,0,3.6667,0,56.3333,0,0.1667,3.6667,0,0,3.3333,0,0,0,24.1667,0,0,0,0,4,48.1667,0,10,0,3.6667,0.6667,0,6.8333,48.8333,47.5,0,0,0
GC,Graveyard Canyon,SB,Santa Barbara Island,2013,Inside,0.3333,0,0,44.8333,0.3333,0.3333,0.6667,0.6667,0.3333,19,0,0,0,37.3333,0,0,0,4.3333,12.5,26.5,0,12.3333,0,3.3333,1.5,0,13.8333,59.8333,39.5,0,0,0.1667
GC,Graveyard Canyon,SB,Santa Barbara Island,2014,Inside,1.5,0,0,36.8333,6.8333,0,2.1667,1,4.1667,0,0,0,0,28.5,0,0,0,20.6667,18.5,14.6667,0,0.6667,0,0.3333,0,0,3.1667,58.5,39.3333,3,1.1667,3.3333
GC,Graveyard Canyon,SB,Santa Barbara Island,2015,Inside,1.1667,0,0,38.3333,7.1667,1,3.5,0,15.5,0,0,0,1,35.3333,0,0,0,12.1667,14.5,0,0,37.5,0,0.3333,0.8333,0,2.3333,62.6667,33.8333,6.6667,1.1667,0.5
GC,Graveyard Canyon,SB,Santa Barbara Island,2016,Inside,6,0,0,39.6667,32.3333,0,6.8333,0,20.8333,0,0,0,0.5,26.3333,0,0,0.1667,9,7.1667,0,0,33.8333,0.1667,0,0,0,18.3333,60.8333,32.3333,30,0,0.6667
GC,Graveyard Canyon,SB,Santa Barbara Island,2017,Inside,6,0,0,58,0.6667,1.1667,7.3333,0,40.5,0.1667,0,0.1667,0.3333,35.6667,0.3333,2.8333,0,26.5,2.6667,0,0,37.1667,0,0.6667,0.5,0,24.5,58.3333,34.3333,7.8333,0,1.3333
GC,Graveyard Canyon,SB,Santa Barbara Island,2018,Inside,14.3333,0,0,50.6667,0.5,0.1667,5.3333,0,20.3333,3.5,0,0.1667,0.1667,33.5,0,1.8333,0,1,9.6667,0,0,28.5,0,0.1667,1.3333,0,18.5,50.5,44.1667,0,0.1667,1.3333
GC,Graveyard Canyon,SB,Santa Barbara Island,2019,Inside,16.3333,0,0,63.5,3.6667,0.3333,5.8333,0,32.5,5,0,0.3333,0,21.8333,0,2,1.1667,1.1667,2,0,0,29,0,1,0,0,11,46.8333,47.3333,0.5,0,1.3333
JLNO,Johnson's Lee North,SR,Santa Rosa Island,2005,Outside,5.1667,1.1667,2.5,4.8333,21,0,1.1667,2.1667,9.8333,0.3333,2,0.5,0,14,0,1.5,0,25.3333,13.1667,0,0,0,0.3333,0,9.1667,3.5,20.1667,97.5,1.3333,0,0,10.6667
JLNO,Johnson's Lee North,SR,Santa Rosa Island,2006,Outside,2.8333,0.6667,0.6667,5,18.3333,0.1667,0.8333,0.6667,3.1667,0,1,0.3333,0,12.3333,0,0.1667,0.3333,10,17.1667,0,0,0,1.6667,0.3333,1,0.3333,31.1667,99.1667,0,0,0,19.5
JLNO,Johnson's Lee North,SR,Santa Rosa Island,2007,Outside,2.5,1,0.5,11.8333,22.3333,0,3.1667,1.8333,3.3333,0.5,1.6667,1.3333,0,7.3333,0,5.8333,0.8333,27.1667,28.6667,0.3333,0,0.1667,9.1667,0,4.1667,7.1667,33.6667,94.6667,2.1667,0,0,9
JLNO,Johnson's Lee North,SR,Santa Rosa Island,2008,Outside,6.5,0.8333,1.1667,2.8333,41.3333,0.5,2,2,1,1,0,3.5,0.8333,10.3333,0,7.1667,5.6667,35.1667,8,0,0,0,3.5,0,5.3333,12,56.3333,96.5,1.5,0,0.3333,14.6667
JLNO,Johnson's Lee North,SR,Santa Rosa Island,2009,Outside,7.5,0.3333,2.1667,4,33.1667,0.3333,3,1.6667,1,0.3333,3,0.8333,0,20.6667,0,14.5,8.3333,39.5,16.8333,0,0,0,0.3333,0,4,18.1667,67,96.8333,0.1667,0,0.1667,20.1667
JLNO,Johnson's Lee North,SR,Santa Rosa Island,2010,Outside,5.5,0.6667,2,5.5,36.6667,0,1.6667,1.5,0.6667,0,0.3333,1.6667,0,10.6667,0,5.5,5.5,38.5,17.3333,0,0,0,14.3333,0,6.5,6.1667,42,92.8333,5.5,0,0.1667,20
JLNO,Johnson's Lee North,SR,Santa Rosa Island,2011,Outside,8.5,0.8333,1,1.5,44.8333,0.1667,0.3333,2.5,0.3333,0.3333,0.8333,4,0,13.3333,0,20.5,16.8333,38.5,14.6667,0.1667,0,2.3333,11.6667,0.1667,3,16.3333,76.8333,96.6667,3,0,0.1667,11.5
JLNO,Johnson's Lee North,SR,Santa Rosa Island,2012,Outside,2.5,0,0,28.8333,32.8333,0,1.6667,0.1667,0.1667,0,0,1,0,3,0,10.6667,6,12,5.8333,0,0,0,5.3333,0,1.6667,5.5,53.5,96.3333,2,0,0,2.5
JLNO,Johnson's Lee North,SR,Santa Rosa Island,2013,Outside,8,0,2,16.1667,34.6667,0.1667,2.5,1.6667,0,0.1667,1.1667,2.1667,1.1667,11.5,0.1667,2,15.6667,22.8333,29.6667,0,0,0.3333,8.6667,1.1667,1.6667,5.8333,56,76.3333,21.1667,0,0,18.3333
JLNO,Johnson's Lee North,SR,Santa Rosa Island,2014,Outside,9.1667,1.5,2.1667,7,33.5,0,2.1667,2.6667,0.8333,0,2.1667,3,0,21.1667,0,3.8333,12.8333,30.3333,9.5,0.3333,0,0.3333,1.3333,0,5.3333,7.5,58.3333,95,2.8333,0,1,7.1667
JLNO,Johnson's Lee North,SR,Santa Rosa Island,2015,Outside,4.6667,1.3333,0.8333,7.1667,17.8333,0.1667,2.8333,1,1.1667,0,0.8333,0.8333,0,38,0,1,0.1667,7.6667,10.6667,0,0,0.1667,1.6667,12.6667,2.3333,0.8333,19.1667,96.5,0.6667,0,0.5,1.1667
JLNO,Johnson's Lee North,SR,Santa Rosa Island,2016,Outside,1.6667,0.5,2.8333,28.3333,3.1667,0.3333,3,9.6667,0,0,0,0.3333,0,49.8333,0,0,0,0,0.8333,0,0.1667,0,0,6,0.3333,0,3.1667,97,0,0,2.5,0.3333
JLNO,Johnson's Lee North,SR,Santa Rosa Island,2017,Outside,0.8333,4.1667,0.8333,44,1.1667,0,1,7,0,0,0,0,0,34.5,0,0,0,0,7.5,0.1667,0.1667,0,0,2.3333,0,0,1.6667,99,0,0,0.1667,0.1667
JLNO,Johnson's Lee North,SR,Santa Rosa Island,2018,Outside,2.1667,3,0.5,34.8333,0.3333,0.6667,2,17.8333,0,0,0.1667,0,0,15,0,3.3333,0,0,9.8333,0,18.6667,0,0.1667,0.5,0,0,8.1667,97.1667,0.8333,0,0.5,0
JLNO,Johnson's Lee North,SR,Santa Rosa Island,2019,Outside,2.1667,2,1.3333,28.5,0.8333,0.1667,0.6667,15.8333,0,0,0.3333,0,0,33,0,2.3333,0,2.8333,8.5,0,22.1667,0.1667,0,1.3333,0,0,8.3333,99.3333,0,0,0.5,0.5
JLSO,Johnson's Lee South,SR,Santa Rosa Island,2005,Outside,4.8333,0.5,2.8333,18.3333,18.3333,0,5,3,0.3333,0.5,0.6667,7.1667,0.8333,11.8333,0,5,1.1667,6,26.1667,0,0,0.1667,0,0,0.8333,0,27.6667,81.1667,13.8333,0,0,5
JLSO,Johnson's Lee South,SR,Santa Rosa Island,2006,Outside,3.3333,1.3333,2.1667,17,15.8333,0.1667,4.5,2.5,0.3333,2.8333,0.5,8.3333,1.1667,11,0.1667,12.5,8.5,18.1667,29.5,0,0,0.6667,1.1667,0.1667,0.5,0.6667,46.5,81.6667,13.8333,0,0,4
JLSO,Johnson's Lee South,SR,Santa Rosa Island,2007,Outside,3.3333,1.3333,1.5,29.8333,22.6667,0,1,1.5,0,0,1.3333,16.1667,0.5,13.6667,0,3.6667,1.5,7.6667,5,0,0,1.5,0.1667,1.8333,1.8333,0.1667,15,72.8333,26.1667,0,0,3.5
JLSO,Johnson's Lee South,SR,Santa Rosa Island,2008,Outside,3,0.6667,1.6667,20.8333,28.6667,0,2.1667,1.1667,0.3333,0.1667,0.8333,10.5,1.8333,8.1667,0.1667,4.8333,5.1667,19.5,19.5,0.5,0,0.6667,1,0.1667,1.5,0.3333,29.8333,76.8333,21,0,0,8
JLSO,Johnson's Lee South,SR,Santa Rosa Island,2009,Outside,7.5,0.5,4.5,5.5,20.5,0.1667,3.1667,3.8333,0,0,1.5,16,2.6667,36.6667,0,22.6667,5.1667,25.8333,11.8333,0,0,2.1667,0,0,2.1667,0,66,77.3333,19.5,0,0.1667,4.3333
JLSO,Johnson's Lee South,SR,Santa Rosa Island,2010,Outside,8.3333,1.1667,1.3333,9.8333,38,0,0.6667,4,0,0,0,14,1.3333,18.1667,0,5.3333,4.8333,5.3333,20.5,0,0,0.5,0.6667,0,1.8333,0,44.6667,80.5,18.8333,0,0,15.5
JLSO,Johnson's Lee South,SR,Santa Rosa Island,2011,Outside,6.5,1.6667,2.6667,11.1667,40.3333,0,2,3.6667,0.8333,0,1,13,1.6667,23,0,11.8333,14.8333,8.6667,15,0,0,1.3333,1,0,1.3333,0.6667,76.1667,79.8333,18.1667,0,0.1667,8.5
JLSO,Johnson's Lee South,SR,Santa Rosa Island,2012,Outside,4,0.6667,1.8333,27.1667,20.5,0,0.8333,1.3333,0,0,1.1667,12.6667,3,7,0,7.5,5.6667,8,11,0,0,0.6667,0,0.3333,1.1667,0.8333,55.5,78.6667,20.5,0,0,3.1667
JLSO,Johnson's Lee South,SR,Santa Rosa Island,2013,Outside,4.3333,0.1667,1,31.6667,24.5,0.5,1.8333,0.6667,0,0,0.1667,17.5,2.1667,10,0,3.1667,4.5,5,8.1667,0.1667,0,2.5,0,0,1,0.1667,20.3333,73.3333,24.8333,0,0,2.5
JLSO,Johnson's Lee South,SR,Santa Rosa Island,2014,Outside,5.6667,1.1667,3.5,20.5,24.8333,0.1667,7.6667,0.5,0,0,0.1667,14.3333,6.8333,25.6667,0,3.1667,8.5,8.5,8.3333,0.3333,0,2.1667,0.6667,0,6.1667,0.1667,59.5,82.6667,9.6667,0,0,3.3333
JLSO,Johnson's Lee South,SR,Santa Rosa Island,2015,Outside,6.8333,0.8333,2.6667,23,9.8333,0,2.8333,1,0.5,0,0.8333,8.5,3,18.5,0,0,1.8333,6.6667,19.5,0,0,1.6667,0.1667,0,0.8333,0,36.5,78.3333,18.8333,0,0,1.6667
JLSO,Johnson's Lee South,SR,Santa Rosa Island,2016,Outside,0.6667,0.6667,4.5,40.6667,4.3333,0.3333,3,4,0,0,0.3333,9.8333,0,37.1667,0,0,0,0.8333,3.3333,0,0,0.5,0,0.8333,1.6667,0,3.1667,75.1667,21.8333,0,1,1.8333
JLSO,Johnson's Lee South,SR,Santa Rosa Island,2017,Outside,1.5,0.8333,6,31.8333,1.3333,0,4.6667,8.3333,0,0,0.1667,0.5,0,37.3333,0,3.6667,0,0,8.8333,0,0.8333,0.1667,0,0,0,0,5.6667,88,7.3333,0,0.3333,1.3333
JLSO,Johnson's Lee South,SR,Santa Rosa Island,2018,Outside,1.3333,1.1667,7.6667,32.3333,0.6667,0.5,2.5,12.6667,0,0,0.3333,0,0.3333,27,0,1.3333,0,0,17.8333,0.8333,0,0,0,0,0.1667,0,9.8333,87.6667,9.8333,0,0.6667,0.1667
JLSO,Johnson's Lee South,SR,Santa Rosa Island,2019,Outside,2.5,1.3333,18.1667,12.3333,0.5,0.3333,9.5,19.6667,0,0,0.3333,0,0.6667,37.3333,0,1.1667,0.3333,3.6667,20.6667,0,4.6667,5,0,1,0.5,0,6,87.3333,3.1667,0,0.3333,0.6667
LC,Landing Cove,AN,Anacapa Island,2005,Inside,11.6667,0.5,0,8.3333,16.5,0,26,1.5,3.8333,0,1.3333,0.1667,14.8333,42,15,0,23.3333,14.1667,15,0,0,0.6667,0,0.8333,1,1.8333,7.3333,73.1667,0.8333,0,0,3
LC,Landing Cove,AN,Anacapa Island,2006,Inside,17.5,0.5,0,3.8333,42.8333,1.6667,9.8333,3.5,7,0,2.5,2.3333,15.8333,39,13.8333,1.8333,44.3333,40.6667,16.1667,0,0.1667,3.5,0,3.5,7.6667,5.6667,33.3333,85.6667,4.5,0,0.5,2.6667
LC,Landing Cove,AN,Anacapa Island,2007,Inside,19.1667,0,0,5.6667,16.5,2.1667,5.5,1.8333,6.5,0,3.3333,0.3333,29.8333,25.1667,23.1667,0.6667,51.5,26,8.1667,0,0,6.5,0,0.3333,2.8333,17.3333,45.3333,89.1667,5.3333,0,0,4
LC,Landing Cove,AN,Anacapa Island,2008,Inside,12.1667,0.3333,0,23.3333,19.6667,0.3333,24.8333,0.1667,3.6667,0.3333,7.6667,0.5,30.1667,17.8333,14.8333,0.1667,37,13.5,14.3333,0,0,1.6667,0.1667,0,4.3333,8.1667,17.6667,67.8333,7.3333,0,1,4.5
LC,Landing Cove,AN,Anacapa Island,2009,Inside,11.5,0.3333,0,11,20.5,0.1667,14.8333,0.8333,1.6667,3.1667,3.5,0.5,28.1667,17,15.6667,0,32.6667,9,20,0,0,0.8333,0.1667,1.1667,4.3333,7.5,37.1667,80.3333,4.8333,0,0.5,12.3333
LC,Landing Cove,AN,Anacapa Island,2010,Inside,14.5,0.1667,0.1667,20.6667,8.5,0.3333,15,0.6667,1,0.1667,1.6667,0.8333,16.6667,14,20.1667,0,18,9.5,15.6667,0,0,1.1667,0.8333,0,1,11.5,34.8333,74.1667,10.8333,0,0,3.6667
LC,Landing Cove,AN,Anacapa Island,2011,Inside,13.5,0.8333,0,16.1667,9,0.6667,30.1667,3.5,3,2.8333,4.5,0,29,12.5,10.6667,0.3333,32.3333,13,18.1667,0.6667,0,1.5,2.3333,0.5,2.5,27.6667,52.5,65.6667,4.1667,0,0.5,8.1667
LC,Landing Cove,AN,Anacapa Island,2012,Inside,13,0.6667,0,16.5,27,0.1667,8.5,4.6667,1.6667,0,8.1667,1.1667,36.5,27.1667,18,0.6667,36,15.3333,5.8333,0,0,1.1667,0,0,7.1667,27,38.8333,80.1667,11.3333,0,0.1667,6.5
LC,Landing Cove,AN,Anacapa Island,2013,Inside,16.3333,0.6667,0,15,31.1667,1,14.6667,6,0.8333,0,0.3333,0.3333,27.5,28.6667,19.8333,0.5,33.1667,6.6667,17,0,0,2.1667,0.1667,0.5,5.3333,27.5,34,72.6667,12.6667,0,0.8333,9.3333
LC,Landing Cove,AN,Anacapa Island,2014,Inside,8.8333,0.1667,0,28.5,10.6667,1.1667,17.6667,4,1.1667,0,1.5,0,22.6667,15.5,17.8333,1.1667,27.8333,8.3333,5.3333,0,0,1.8333,0.1667,0,2,20,37.1667,74.5,7.8333,0,0.5,2.3333
LC,Landing Cove,AN,Anacapa Island,2015,Inside,26,0.8333,0,23.3333,3,3,22.3333,2.8333,4.5,0,2.1667,1.5,33,34.3333,18.1667,6.1667,39,25.3333,10.1667,0,0,6.8333,0,1.6667,3.1667,19.5,22.8333,64.8333,12.8333,4.8333,4,2.5
LC,Landing Cove,AN,Anacapa Island,2016,Inside,4.8333,1,0.3333,27.1667,20.3333,1.8333,15.6667,3.5,4.1667,0,3.8333,0.5,23,22.5,21.1667,3.8333,17.3333,16.5,1.1667,0,0,11.1667,0.5,0.5,1,0.1667,38.8333,67,17.3333,1.5,0.5,7
LC,Landing Cove,AN,Anacapa Island,2017,Inside,16.5,0.3333,0,34.8333,21.8333,0.5,15.6667,3.5,1.6667,0.3333,5.3333,0.8333,7.1667,13.8333,26,3.3333,19.5,59.5,9.8333,0,0,12.6667,0,1.1667,0,0,43.3333,67.8333,16.5,7.8333,1,16.8333
LC,Landing Cove,AN,Anacapa Island,2018,Inside,14.3333,0.5,0,16.6667,32,0.8333,21,3.6667,2.1667,0.5,4.5,3,15.3333,26,19.8333,1.5,30.8333,19.5,18.3333,0,0,10,0.1667,0,2.1667,0,39.1667,72.6667,6.3333,0.3333,1.3333,21.5
LC,Landing Cove,AN,Anacapa Island,2019,Inside,19.3333,1.5,0,17.3333,46,2.6667,16.1667,0,2.3333,0,7.3333,2.6667,23.1667,27.1667,26.8333,5.3333,43.1667,31,20.8333,0,0,10.1667,0.1667,0.1667,0.5,0,32.6667,75.1667,8.6667,1.5,1.6667,12.5
LH,Lighthouse,AN,Anacapa Island,2005,Outside,6.1667,0,0.5,10,13,0.1667,8.5,1,9.5,0,0,8.6667,0.6667,38.5,0,0,0.3333,12.3333,12.8333,0,0,9.6667,6.8333,0,0.5,0,8.1667,77.5,14,0,0,5.8333
LH,Lighthouse,AN,Anacapa Island,2006,Outside,3,1.8333,0.1667,11.8333,2.6667,1,3,0.5,0,0,0,12.8333,0,34.1667,0,0,0,0.3333,12.8333,0,0,1,10.5,11.5,0,0,5.6667,73.6667,23.3333,0,0,1.6667
LH,Lighthouse,AN,Anacapa Island,2007,Outside,0.1667,0.5,0,40.8333,0.5,0,13.5,0.8333,0,0,0,7.1667,0,33.6667,0,0,0,0,12.8333,0,0,0.1667,0.3333,3.6667,0,0,2.5,65.8333,20.6667,0,0,0
LH,Lighthouse,AN,Anacapa Island,2008,Outside,0,1,0,14.1667,0.8333,0,9.1667,6.3333,0,0,0,8.1667,0,34.6667,0,0,0,0,34.8333,0,0,0,0,25.1667,0.1667,0,1.8333,69.5,21.3333,0,0,0.1667
LH,Lighthouse,AN,Anacapa Island,2009,Outside,1.1667,1.3333,1.3333,13.3333,2.6667,0,8.6667,3,0,0,0,2.8333,0,59.1667,0,0,0,0,26.3333,0,0,0.1667,0,0,1.8333,0,7.5,85.1667,6.1667,0,0,0.1667
LH,Lighthouse,AN,Anacapa Island,2010,Outside,0.5,1.6667,0,31.1667,1.3333,0,16.5,4.5,0,0,0,1.6667,0,33.1667,0,0.3333,0,0,27.8333,0,0,0,1.1667,0.5,1.1667,0,1.8333,72,11.5,0,0,1.5
LH,Lighthouse,AN,Anacapa Island,2011,Outside,0.3333,0,0,19.1667,0,0.5,11.5,10,0,0,0,1.1667,0,61,0,0,0,0,10.1667,0,0,0,0.3333,0,0.6667,0,3.1667,80,8.5,0,0.1667,0
LH,Lighthouse,AN,Anacapa Island,2012,Outside,0.5,4.1667,0.1667,34.3333,1,0.1667,14.6667,8.5,0,0,0.1667,0.1667,0,38.6667,0,0,0,0,15,3.1667,0,0,0.1667,0.5,0.8333,0,2.6667,73.1667,12.1667,0,0,0.5
LH,Lighthouse,AN,Anacapa Island,2013,Outside,0,0.8333,0,44.6667,1,0,13,6.6667,0,0,0,0.5,0,37.5,0,0,0,0,10.8333,4,0.1667,0,0,0.1667,1.1667,0,2.1667,78.8333,8.1667,0,0,0
LH,Lighthouse,AN,Anacapa Island,2014,Outside,0.1667,1.5,0,28.3333,0.3333,0.1667,5.6667,9.6667,0,0,0,1,0,51,0,0,0,0.5,15.3333,21.6667,0,0.1667,0,12.8333,0.3333,0,2.6667,73.6667,20.6667,0,0,0.1667
LH,Lighthouse,AN,Anacapa Island,2015,Outside,0.1667,0,0.6667,36.1667,0,0,5.6667,6.3333,0,0,0,0.3333,0,47.1667,0,0,0,0,7,4.1667,0,1,0,3.8333,0.3333,0,0.1667,68.6667,25.6667,0.6667,0.1667,0.1667
LH,Lighthouse,AN,Anacapa Island,2016,Outside,6.8333,0.5,0,29,7.6667,2.5,7.1667,0.3333,0,0,0,4,0,41.6667,0.8333,0,0,0,18.6667,0,0,5,0,0,0.1667,0,2.1667,69.1667,23.6667,0,0.1667,0.6667
LH,Lighthouse,AN,Anacapa Island,2017,Outside,6,0,0,48.3333,1.5,0.3333,9,0,0,0,0,0.3333,0.5,35.8333,0,0,0,6.3333,6.8333,0,0,13.1667,0,6.5,0,0,4.6667,57.5,33.5,4.3333,0,3.8333
LH,Lighthouse,AN,Anacapa Island,2018,Outside,5.6667,0,0,26.6667,3.5,22.5,2.6667,0.1667,0,0,0,1.1667,0,27.1667,0,0,0,6,8.8333,0,0,29.6667,0,0,0.1667,0,9.3333,69.1667,28.1667,3.8333,0.1667,5.8333
LH,Lighthouse,AN,Anacapa Island,2019,Outside,10,0,0,6,9.6667,0,7.3333,0,0,0,0.3333,5.1667,0.1667,46.1667,0,0,0,12.3333,29.8333,0,0,20.6667,1.5,0,0,0,11.5,87,5.6667,7.3333,0.1667,12.1667
LS,Little Scorpion,SC,Santa Cruz Island,2005,Outside,0,1.8333,2.1667,10.3333,5.8333,0.6667,10.8333,0,0,0,0.8333,0.1667,0,41.1667,0,0,0,0,26.1667,0,0,1,0,5.1667,1.1667,0,26.1667,84.5,4.6667,0,0,0.5
LS,Little Scorpion,SC,Santa Cruz Island,2006,Outside,0,8.3333,0.1667,14.8333,2.3333,0.1667,6.3333,0.1667,0,0,0.1667,0,0,29,0,0,0,0,21.1667,0,0,0,0,22.6667,0.1667,0,9,80.1667,13.5,0,0,0.1667
LS,Little Scorpion,SC,Santa Cruz Island,2007,Outside,0,4,0,21,9,0.3333,21.1667,0.5,0,0,1.1667,0.1667,0,28.5,0,0,0,0,20.8333,0,0,0.1667,0,16.6667,0.5,0,11.6667,76.5,2.3333,0,0.1667,1.6667
LS,Little Scorpion,SC,Santa Cruz Island,2008,Outside,0,1.8333,0.3333,18.1667,6.3333,2.1667,22,0.5,0,0,1.3333,0.1667,0,32.8333,0,0,0,0,19.1667,0,0,0,0,10.6667,1.3333,0,26.1667,75.5,2.5,0,0,1
LS,Little Scorpion,SC,Santa Cruz Island,2009,Outside,0,5.5,0.3333,30.1667,5.5,0.3333,11.8333,0.5,0,0,0.1667,0,0,43.6667,0,0,0,0,18.8333,0.1667,0,0,0,3.6667,0.1667,0,6.3333,78.1667,10,0,3.8333,2
LS,Little Scorpion,SC,Santa Cruz Island,2010,Outside,0,5.6667,0,21.3333,3.6667,0,18.1667,1.5,0,0,0.3333,0.1667,0,51.3333,0,0,0,0,31.8333,0,0,0,0,1.3333,0.3333,0,11.8333,76.8333,5,0,0.1667,0.5
LS,Little Scorpion,SC,Santa Cruz Island,2011,Outside,0.1667,10.5,0.1667,27.8333,1.8333,0,21.3333,1.3333,0,0,0.8333,0.1667,0,39.5,0,0,0,0,13.6667,0,0,0,0,0,0.3333,0,3.5,74.8333,3.8333,0,0,0.8333
LS,Little Scorpion,SC,Santa Cruz Island,2012,Outside,0,11.3333,0,22.6667,0.5,0,13.8333,2.1667,0,0,0.6667,0.1667,0,39,0,0,0,0,21,0,0,0,0,0,0.1667,0,6.3333,85,1.1667,0,0.8333,0.6667
LS,Little Scorpion,SC,Santa Cruz Island,2013,Outside,0,9.3333,0.1667,34.8333,1.1667,0,8.5,1.6667,0,0,0,0.3333,0,42.8333,0,0,0,0,8.5,0,0,0,0,9.1667,0.1667,0,8,89.1667,2.3333,0,0,0.3333
LS,Little Scorpion,SC,Santa Cruz Island,2014,Outside,0,9.6667,0.3333,12.8333,0,0,9.6667,0.6667,0,0,0.1667,0,0,51.6667,0,0,0,0,26.8333,0,0,0.1667,0,3,0.3333,0,4,86.6667,3.6667,0,0.5,0
LS,Little Scorpion,SC,Santa Cruz Island,2015,Outside,0,5,0.1667,17,0.6667,2.8333,5.6667,1.5,0,0,0,0.1667,0,54.5,0,0,0,0,20.3333,0,0,0,0,16.8333,0,0,7.3333,91.8333,2.5,0,1,0.1667
LS,Little Scorpion,SC,Santa Cruz Island,2016,Outside,0,3.1667,0.1667,9.5,24.3333,1.5,8.6667,1.1667,0,0,0.8333,0,0,48.5,0.8333,0,0,0,6,0,0,1.6667,0,9.3333,0.5,0,4,89.1667,2.1667,0,0,2
LS,Little Scorpion,SC,Santa Cruz Island,2017,Outside,0.5,1.5,0,27.1667,4.8333,1,11.8333,0.1667,0,0,0.6667,0,0,57,0,0,0,0,6,0,0,0.5,0,3.1667,0,0,6.5,82.8333,5.3333,2,0.1667,0.3333
LS,Little Scorpion,SC,Santa Cruz Island,2018,Outside,0.5,8,0,5,6.6667,4.6667,7.6667,0,0,0,6,0,0,33,0,0,0,0,29.8333,1.1667,0,5.8333,0,6.8333,0,0,14.8333,90.1667,2.1667,2.8333,0.6667,0.3333
LS,Little Scorpion,SC,Santa Cruz Island,2019,Outside,0,8.8333,0,23.1667,3,0.5,12,0,0,0,1.3333,0,0,44,0,0,0,0,10.1667,0,0,1.3333,0,1,0,0,5.8333,86.6667,1.3333,5.6667,0,0.8333
PP,Potato Pasture,SC,Santa Cruz Island,2005,Inside,1,4,0,17,1.6667,5.1667,9.3333,2.6667,0,0,0.3333,0,0,47.5,0,0,0,0,23.8333,0,0,0,0,7.5,0.1667,0,18.3333,79.8333,10.8333,0,0,1
PP,Potato Pasture,SC,Santa Cruz Island,2006,Inside,0.3333,5.3333,0.3333,16.3333,4.8333,0.6667,10.1667,3.1667,0,0,0,0.5,0,44.8333,0,0,0,0,20,0,1.5,0,0,15.3333,1,0,15,85.1667,4.6667,0,0.1667,0.3333
PP,Potato Pasture,SC,Santa Cruz Island,2007,Inside,0.3333,2.3333,0.3333,17.8333,2,0,17,2.8333,0,0,0.5,0,0,42.3333,0,0,0,0,14.3333,0,4.3333,0,0,2.1667,0,0,11.3333,80.3333,2.6667,0,0,0.3333
PP,Potato Pasture,SC,Santa Cruz Island,2008,Inside,0,6.1667,1.5,15.3333,3.5,5.8333,22,1.8333,0,0,2,0.1667,0,50.5,0,0,0,0,27.8333,0,3.3333,0,0,8.5,0.1667,0,14,73,5,0,0,0.3333
PP,Potato Pasture,SC,Santa Cruz Island,2009,Inside,0.5,2.6667,0,12.3333,7.1667,2.6667,16.3333,2.5,0,0,4.5,0,0,63.8333,0,0,0,0,13,0,1.5,1.5,0,11.8333,0.3333,0,13.8333,81.1667,2.5,0,0.3333,1.5
PP,Potato Pasture,SC,Santa Cruz Island,2010,Inside,0.5,2.1667,0.1667,15,7.1667,0.8333,10.1667,1.1667,0,0,2,0,2.5,51.6667,0,0,0,2.1667,20.6667,0,1.3333,1.5,0,4.8333,0.3333,0,11.6667,86.5,3.3333,0,0.1667,6
PP,Potato Pasture,SC,Santa Cruz Island,2011,Inside,0.1667,4.3333,0.5,22.5,3,0.6667,10,4.5,0,0,5.1667,0.3333,2.8333,39.1667,0,0,0,0,10.5,0,2.1667,0,0.1667,2.3333,0,0,9.8333,85.1667,4.8333,0,0,0.5
PP,Potato Pasture,SC,Santa Cruz Island,2012,Inside,0.3333,4.3333,1.6667,11.1667,4.5,0.3333,14,2.3333,0,0,4.8333,0.5,4.6667,56,0,0,0,0.6667,11.8333,0,3.6667,0,0,1,0.6667,0,12,85.3333,0.6667,0,0.3333,1.8333
PP,Potato Pasture,SC,Santa Cruz Island,2013,Inside,0.1667,8.8333,1.3333,8,2,1.8333,13.1667,6.6667,0,1.1667,2,0,1.8333,58.5,0,0,0,1,14.1667,0,8,0.5,0,3.1667,0.1667,0,7.1667,85,1.8333,0.1667,0.3333,1
PP,Potato Pasture,SC,Santa Cruz Island,2014,Inside,0.5,6.1667,3,7,7,2.8333,7.8333,10,0,3.3333,2,0,25,47.5,0,0,0,7,12.6667,0,2.8333,15.5,0,2,0.5,0,13.3333,91.8333,0.3333,4,1.5,0.8333
PP,Potato Pasture,SC,Santa Cruz Island,2015,Inside,1,5.6667,0.1667,4.1667,3.3333,7.8333,3.3333,2.5,0.1667,0,1.5,1,38.3333,42.6667,0,0,0,12.6667,35,0.1667,3.6667,9.5,0,0.3333,0.6667,0,11.1667,93,3.6667,21.1667,0.6667,1
PP,Potato Pasture,SC,Santa Cruz Island,2016,Inside,5.5,2.6667,0.1667,6.1667,30,2.8333,13.1667,1.3333,0,0,0,0.1667,57.1667,40,0.8333,0,0,10.1667,3.8333,0,0,23.3333,0,0,1,0,20.5,84.8333,2,11.5,0.3333,7
PP,Potato Pasture,SC,Santa Cruz Island,2017,Inside,0.6667,1.5,0.3333,19,22.3333,0.3333,15,1.6667,0,0,5.6667,0.1667,13,38.5,1.3333,0.6667,0,31.5,7,0,0,19,0,0,0.6667,0,14,80.1667,4.8333,5.6667,1.8333,10.8333
PP,Potato Pasture,SC,Santa Cruz Island,2018,Inside,2.3333,2.3333,0,11.6667,34.6667,1.1667,8.6667,0.1667,0,0,7.6667,0,29.3333,25.1667,0.3333,0,0,28.8333,2,0.3333,0,37.5,0,0.6667,0.1667,0,22.3333,85.5,5.8333,1.5,1,8.5
PP,Potato Pasture,SC,Santa Cruz Island,2019,Inside,1,1.3333,0,18.5,15.8333,3.1667,10.8333,0.3333,0,0.5,0.8333,0.5,38.6667,26.1667,2.6667,0,0,37,10.3333,0,0,56.6667,0,0.5,1.5,0,23.8333,87.1667,2,1.5,1.8333,11.3333
PRF,Pedro Reef,SC,Santa Cruz Island,2005,Outside,0.1667,0.3333,0,41.3333,0.1667,0.3333,2.5,5.1667,0,0,0,0.6667,0,31,0,0,0,0,15.5,0,0.5,0,0,2.3333,0.1667,0,10.3333,88.1667,9.3333,0,0,0
PRF,Pedro Reef,SC,Santa Cruz Island,2006,Outside,0.8333,1.1667,1.3333,33.3333,0,0.6667,1.5,12.1667,0,0,0.5,0,0,24.6667,0,0,0,0,13.1667,0,3,0,0,17.5,0,0,5.5,82.8333,15.6667,0,0,0
PRF,Pedro Reef,SC,Santa Cruz Island,2007,Outside,2.3333,2.8333,0.3333,27.6667,0.3333,0,1.5,8.1667,0,0,0,0.8333,0,42.5,0,0,0,0,17,0,1.8333,0,0,9.6667,0.3333,0,9.1667,92.5,6,0,0,0
PRF,Pedro Reef,SC,Santa Cruz Island,2008,Outside,0,1.8333,0.3333,39,0.5,0,1.6667,7.8333,0,0,0,0.1667,0,30.5,0,0,0,0,22.5,0,1.8333,0,0,0,0.5,0,2.1667,80.5,17.8333,0,0.1667,0
PRF,Pedro Reef,SC,Santa Cruz Island,2009,Outside,0.6667,1.6667,0.1667,27.1667,1.3333,0,6,14.5,0,0,0,0.1667,0,52,0.1667,0,0,0,22.1667,0,0,0,0,8,0.6667,0,8.6667,87.6667,6.3333,0,0,0
PRF,Pedro Reef,SC,Santa Cruz Island,2010,Outside,1,2.3333,0.5,19.1667,0,0,2.3333,12.5,0,0,0,0,0,36,0,0,0,0,40.6667,0,0,0,0,0.3333,0,0,12.1667,93.1667,4.5,0,0,0.1667
PRF,Pedro Reef,SC,Santa Cruz Island,2011,Outside,0.3333,2.3333,0.6667,33.6667,0.1667,0,5.1667,26.8333,0,0,0,4.6667,0,25.5,0,0,0,0,12.5,0.3333,0.5,0.5,0,0,0,0,5,77.6667,17.1667,0,0,0
PRF,Pedro Reef,SC,Santa Cruz Island,2012,Outside,1.5,2.3333,2.1667,29.8333,0.1667,0.5,1.5,26.3333,0,0.1667,0,0.5,0.3333,24.6667,0,0,0,0,3.6667,0.1667,0,1.3333,0,10,0,0,3.8333,95,3.5,0,0,0
PRF,Pedro Reef,SC,Santa Cruz Island,2013,Outside,2.1667,1,0.5,23,0,0.5,3.6667,26.5,0,0,0.5,3.5,0,27.1667,0,0,0,0,21.5,0.1667,0,0.6667,0.1667,6,0.3333,0,11.3333,78.3333,18,0,0,0.1667
PRF,Pedro Reef,SC,Santa Cruz Island,2014,Outside,0.1667,3,0,34.5,0,1,1.5,22.6667,0,0,0,0.8333,0,18.5,0,0,0,0,18.6667,0,0,0,0,8,0,0,0.8333,75.6667,22.8333,0,0.1667,0
PRF,Pedro Reef,SC,Santa Cruz Island,2015,Outside,0,2.5,0.1667,37.5,0,0,1.3333,12.3333,0,0,0,0.5,0,28.8333,0,0,0,0,18.1667,0,0,0,0,0,0,0,0,78.5,20.1667,0,0,0
PRF,Pedro Reef,SC,Santa Cruz Island,2016,Outside,1,0.5,0.1667,30.6667,1.3333,0.1667,3,5,2.6667,0,0,0.1667,0,20.6667,0,0,0,0,18.6667,0,0,5.3333,0,5.8333,0,0,2.5,80.8333,16.1667,42.1667,0,0.3333
PRF,Pedro Reef,SC,Santa Cruz Island,2017,Outside,0,4.3333,1,22.3333,1.6667,0,0.5,9.1667,0,0,0,0.1667,0,42.1667,0,0,0,0,23,0,0,0,0,0,0,0,1.6667,94.5,5,0.8333,0.1667,0.3333
PRF,Pedro Reef,SC,Santa Cruz Island,2018,Outside,0,2.3333,0,28.1667,0.6667,3.1667,4,4,0,0,0,0,0,52.5,0,0,0,0,2.1667,0,0,0,0,0.3333,0,0,9.3333,80.3333,15.6667,0,0,0.1667
PRF,Pedro Reef,SC,Santa Cruz Island,2019,Outside,3.3333,2.3333,0.1667,9.8333,8.5,4.8333,3.1667,3,0,0,0.5,0,0,50.8333,0,0,0,0,14,0,0,7.3333,0,6.5,0,0,6.5,95.8333,1,15.5,0,0.1667
SA,Scorpion Anchorage,SC,Santa Cruz Island,2005,Inside,0.8333,0,0,19.8333,0.3333,5.3333,5.5,0,0,0,0.3333,0,0,62.8333,3.6667,0,0,0,22.1667,0,0,2.6667,0.6667,12.1667,0,0,4.8333,73.6667,20.8333,0,0,0.3333
SA,Scorpion Anchorage,SC,Santa Cruz Island,2006,Inside,1,0,0.1667,19.1667,0.6667,12,3.6667,0.3333,0,0,0,0,0,46.1667,0,0,0,2.6667,16.6667,0,0,3.3333,0,15,0.1667,0,3.6667,79.8333,16.5,0,0.3333,0
SA,Scorpion Anchorage,SC,Santa Cruz Island,2007,Inside,0.1667,0.3333,0.5,27.3333,1.5,1.8333,1.8333,0.3333,0.3333,0,0,0.1667,0,53.6667,0,0,0,3.5,9.6667,0,0,6.8333,0,13.3333,0,0,4.3333,76.3333,21.8333,0,0,0.1667
SA,Scorpion Anchorage,SC,Santa Cruz Island,2008,Inside,0.6667,0,0.5,19.6667,1.6667,0,1.8333,0,0,0,0.1667,0,0,69.1667,0,0,0,8.3333,11.5,0,0,1.5,0,3.6667,0,0,12.1667,88.5,9.6667,0,0.1667,0.6667
SA,Scorpion Anchorage,SC,Santa Cruz Island,2009,Inside,0.5,1.3333,0.5,25.3333,1.5,0,2.3333,0.1667,0,0,1,0.1667,0,55,0,0,0.3333,6.6667,12.5,0,0,3.1667,0,12,0.1667,0,0.5,89.3333,8.3333,0,0,0.3333
SA,Scorpion Anchorage,SC,Santa Cruz Island,2010,Inside,0,0.5,0,39.5,0,1.6667,0.6667,0.5,0,0,0,0.6667,0,41.8333,0,0,0,0.5,14.5,0,0,5,0,3.8333,0,0,2.6667,73.5,25.8333,0,0.5,0.8333
SA,Scorpion Anchorage,SC,Santa Cruz Island,2011,Inside,0.6667,2.3333,1.3333,34.5,0,0,5.6667,0.5,0,0,0,0,0,47.1667,0,0,0,0,11.3333,0,0,0,0,1.5,0,0,1.6667,80,14.3333,0.1667,0,0
SA,Scorpion Anchorage,SC,Santa Cruz Island,2012,Inside,0,0.6667,0.1667,30.1667,0.3333,0.3333,1.6667,2.1667,0,0,0,0,0,58.3333,0,0,0,0,7.6667,0,0,0,0,2.8333,0,0,0.8333,92,6.3333,0,0,0
SA,Scorpion Anchorage,SC,Santa Cruz Island,2013,Inside,0.6667,1,0.3333,26.1667,0,1.1667,2.8333,1.1667,0,0,0,0.3333,0,55.8333,0,0,0,1.3333,18.5,0,0,5.6667,0,3.1667,0,0,1.5,82.8333,14.3333,0,0.5,0
SA,Scorpion Anchorage,SC,Santa Cruz Island,2014,Inside,0.5,1,1.6667,27.3333,0.6667,1.3333,5.5,1.8333,1.6667,0,0.1667,0.3333,0.1667,33,0,0,1,9.5,24.1667,0,0,20.5,0,8.1667,0,0,0.8333,80.5,14,0.3333,0.5,0
SA,Scorpion Anchorage,SC,Santa Cruz Island,2015,Inside,1.6667,0,0,39.8333,1,0.8333,1.5,0,0.3333,0,1.1667,0,0,42.3333,0,0,0,18.6667,11.5,0,0,50.3333,0.1667,1.6667,0.1667,0,0.8333,82,16.5,14.1667,0.8333,0
SA,Scorpion Anchorage,SC,Santa Cruz Island,2016,Inside,13.6667,0.5,0.1667,25.8333,31,2.5,5.1667,0.1667,0.3333,0,0.6667,1.3333,0.1667,47.6667,0.5,0,0,20.3333,7.6667,0,0,24.1667,0.1667,3,0.1667,0,5.6667,80.1667,14.6667,19.8333,2.1667,2.1667
SA,Scorpion Anchorage,SC,Santa Cruz Island,2017,Inside,9.3333,0,0,26.6667,10.8333,0.5,2.8333,0,0,0,3.3333,0.5,0,34.5,0.1667,0,0.6667,35.8333,1.6667,0,0,40.3333,3.6667,1,0,0,10.3333,83,14.1667,15,4.3333,3.8333
SA,Scorpion Anchorage,SC,Santa Cruz Island,2018,Inside,18.1667,0,0,27.5,31,0,2.5,0,0.3333,0,3.3333,0.5,0,39.5,0,0,1,27.1667,0.8333,0,0.1667,6.1667,0,0,0,0,4.3333,75.5,22,3.6667,2.6667,3
SA,Scorpion Anchorage,SC,Santa Cruz Island,2019,Inside,38.6667,0,0,7.3333,17.5,0,9.5,0,1.6667,0,0.8333,0.3333,0,43.6667,0.1667,0,0.8333,11.6667,15.3333,0,0,20.1667,0.3333,0.1667,0,0,4.1667,87.3333,3.1667,4,4.3333,7.5
SER,Southeast Reef,SB,Santa Barbara Island,2005,Inside,5.3333,0.1667,0,13,5.6667,4.6667,7.3333,0,0,0,0,1.1667,0.1667,40,0,0,0,11,20,0,0,2,0,0,2.6667,0,13.1667,83.1667,9.5,0,0,12.1667
SER,Southeast Reef,SB,Santa Barbara Island,2006,Inside,4.1667,0.5,0,14.6667,7.5,1.3333,10.1667,0.1667,0.3333,4.1667,0,0.3333,0,37.6667,0,0.1667,0,4.1667,23.8333,0,0,2.6667,0,4.6667,0.3333,0.3333,16.6667,85,4.8333,0,0,3.8333
SER,Southeast Reef,SB,Santa Barbara Island,2007,Inside,4,0.3333,0,9.3333,8,0.5,5.6667,0,0.3333,0.6667,0,0.8333,2,43.8333,0.3333,0,0,5.3333,22,0,0,2,0,6.3333,0.1667,0,16.1667,92.3333,2,0,0,9.6667
SER,Southeast Reef,SB,Santa Barbara Island,2008,Inside,10.3333,0.3333,0.3333,2.5,10.5,1,4.3333,0.8333,0.1667,18.3333,0.5,0.1667,5,44.8333,0,0.8333,0,18.1667,14.5,0,0,3,0,4.8333,1.5,0.1667,40.1667,94.6667,1,0,0.1667,8.6667
SER,Southeast Reef,SB,Santa Barbara Island,2009,Inside,4.5,0,0.1667,10.6667,20.8333,1.5,3.6667,1.1667,2,0,0,0.5,4.6667,43.3333,0,0,0,10.3333,19.5,0,0,2.1667,0,7.6667,1.1667,0,28.1667,88.5,7.8333,0,0.3333,15.3333
SER,Southeast Reef,SB,Santa Barbara Island,2010,Inside,10,0,0,3.8333,27.3333,2.8333,2.6667,0.3333,4,7.8333,0,0.1667,7.8333,49.8333,0,0.1667,0,33.3333,10.3333,0,0,17,0.3333,0.6667,2.6667,0,33.6667,94.5,2.8333,0,0.1667,17.5
SER,Southeast Reef,SB,Santa Barbara Island,2011,Inside,9.5,0.5,0,2.1667,33.5,0.6667,7.1667,0,7.6667,9.3333,0.1667,0.5,13.6667,36.8333,1.3333,1,0.5,38,14.5,0,0,11.3333,10.3333,2.3333,3.8333,0,47.5,91.5,1.3333,0,0,18.6667
SER,Southeast Reef,SB,Santa Barbara Island,2012,Inside,6.8333,0.1667,0,9.6667,21,0.3333,4.3333,2.1667,0.8333,0,1.1667,2.5,2.3333,19.1667,0,0,0,13.3333,15.8333,0,0,0,1.3333,0.5,6.5,0,12.6667,85.6667,10,0,0.8333,20.6667
SER,Southeast Reef,SB,Santa Barbara Island,2013,Inside,9.6667,0.5,0,3,38.5,0.5,4.8333,0.8333,1.5,0,0.6667,1.1667,6.1667,31.3333,1.5,0,0.3333,14.5,23.6667,0.1667,0,2.5,2.3333,1.3333,2.1667,0.1667,30.6667,91.8333,3.3333,0,0.6667,28.5
SER,Southeast Reef,SB,Santa Barbara Island,2014,Inside,9.1667,0.1667,0.1667,6,22.3333,0.5,4.8333,0.6667,0.8333,0.3333,0.3333,1,3.3333,45.3333,1,0.5,0.8333,18.5,13.5,0,0,7,0.8333,5.8333,1,0,39,90.6667,4.5,0,1,17.6667
SER,Southeast Reef,SB,Santa Barbara Island,2015,Inside,22.1667,0.3333,0,4.1667,13.5,4.1667,4,0.1667,5.8333,0,1.3333,0.1667,7.1667,53.6667,1.8333,0.8333,0.1667,9,10.8333,0,0,13.1667,0.6667,10.5,0.6667,0.1667,43.6667,94.3333,1.6667,2.5,1.6667,14.5
SER,Southeast Reef,SB,Santa Barbara Island,2016,Inside,32,0,0,13.1667,14.6667,2,5.8333,0,5.6667,0,0,0.3333,4.5,20.5,0,0,0.1667,7.1667,0.6667,0,0,21.1667,0.1667,0.1667,0,0,24.6667,90.6667,3.5,7.6667,0.8333,11.8333
SER,Southeast Reef,SB,Santa Barbara Island,2017,Inside,50.3333,1.3333,0,2.1667,27.6667,0.5,9.8333,0.1667,7,0,0,0.1667,6.5,36.5,2.1667,0.1667,0,11.5,8.5,0,0,12.6667,0.8333,0,0.6667,0,41.5,90,0.1667,5.1667,1.5,25.5
SER,Southeast Reef,SB,Santa Barbara Island,2018,Inside,41.6667,0.3333,0,10.6667,27.1667,0.6667,9.8333,0,1.6667,0.1667,0,0.5,1.8333,21.5,0,0,1.8333,10.8333,2.3333,0,0,19.1667,0,0,0.5,0,31.5,88.6667,1.5,2,0.5,29
SER,Southeast Reef,SB,Santa Barbara Island,2019,Inside,43.5,0.6667,0,2.8333,32.1667,0.8333,5.3333,0,8.5,0.1667,0.1667,1.3333,4.3333,39.1667,6.1667,0,2.8333,17,22.5,0,0,9.1667,0.1667,0,0,0,40.3333,92,2.6667,1,0.8333,27.6667
SESL,SE Sea Lion Rookery,SB,Santa Barbara Island,2005,Inside,0,0.8333,0.1667,23.5,0.8333,0.5,3.3333,2.1667,0,0,0,0,0,59.8333,0,0,0,0.3333,9.1667,41.5,0,0.1667,0,7.8333,0.6667,0,2.1667,84.8333,11.8333,0,0,0.6667
SESL,SE Sea Lion Rookery,SB,Santa Barbara Island,2006,Inside,0.3333,1.5,0,20.5,1,0.5,2.8333,1.1667,0,0,0.5,0,0,67.1667,0,0,0,0,6.3333,43.1667,0,0.1667,0,1.6667,0.6667,0,1.5,82.8333,14.3333,0,0,0
SESL,SE Sea Lion Rookery,SB,Santa Barbara Island,2007,Inside,0,0.5,0,15,2.5,0.8333,3.3333,1.5,0,0,0,0,0,78.1667,0,0,0,0,5,51.1667,0,0,0,5.8333,0.5,0,1.6667,89.8333,6.8333,0,0,0.3333
SESL,SE Sea Lion Rookery,SB,Santa Barbara Island,2008,Inside,0.1667,0.6667,0,10.1667,2.6667,0.3333,4.6667,2.6667,0,0,0.1667,0,0,79.3333,0,0,0,0,6.8333,71.1667,0,0,0,3.1667,1.5,0,2.5,89.6667,5.6667,0,0,0.8333
SESL,SE Sea Lion Rookery,SB,Santa Barbara Island,2009,Inside,0.5,0,0,15,3.6667,0.6667,2.8333,3.1667,0,0,0,0,0,70.1667,0,0,0,0,5.6667,58.8333,0,0,0,13.1667,0.6667,0,5.6667,90.6667,6.5,0,0,3.6667
SESL,SE Sea Lion Rookery,SB,Santa Barbara Island,2010,Inside,0.1667,0,0,11.8333,0.1667,1,6.8333,2,0,29,0,0,0,79.1667,0,0,0,1,3.3333,48.1667,0,2.1667,0,2.1667,0,0,2.1667,84.1667,9,0,0,0.6667
SESL,SE Sea Lion Rookery,SB,Santa Barbara Island,2011,Inside,0.1667,0.3333,0,18.6667,0.1667,0,5.3333,1.1667,0,0,0,0,0,74.3333,0,0,0,0,6.1667,84.3333,0,0,0,0,1,0,0.8333,80.3333,14.3333,0,0,0.3333
SESL,SE Sea Lion Rookery,SB,Santa Barbara Island,2012,Inside,0,0,0.1667,13.5,0.5,0,7.8333,1,0,0,0,0,0,83,0,0,0,0,2.6667,86.1667,0,0,0,0,0.6667,0,0.1667,88.3333,3.8333,0,0,0.3333
SESL,SE Sea Lion Rookery,SB,Santa Barbara Island,2013,Inside,0.8333,0,0,6.3333,2.5,0.5,5.1667,0.3333,0,3.3333,0,0,0,84,0,0.1667,0,0.8333,4.1667,69,0,2.5,0,5.1667,0.5,0,13,89,5.8333,0,0,0.3333
SESL,SE Sea Lion Rookery,SB,Santa Barbara Island,2014,Inside,0.3333,0,0,22.8333,0.5,1.6667,5.3333,0.1667,1.1667,0.8333,0,0,0,64.8333,0,0,0,5,3.5,58.6667,0,4.6667,0,2.6667,1.1667,0,13.3333,77.8333,16.8333,1.8333,0,1
SESL,SE Sea Lion Rookery,SB,Santa Barbara Island,2015,Inside,0.5,0,0,17.5,4.1667,0.8333,10.3333,0.1667,3.3333,0.1667,0,0,0.3333,54.5,0,0,0,5.3333,1.6667,1.5,0,14.5,0,0.6667,0.8333,0,5,81.8333,7.8333,34,0.1667,2.8333
SESL,SE Sea Lion Rookery,SB,Santa Barbara Island,2016,Inside,1.6667,0.5,0,8.6667,22.1667,3.6667,4.6667,0,3.3333,0,0,0.6667,0,57,0,0,0,12,4.3333,0,0,11.3333,0,0.3333,0.6667,0,7.3333,88.1667,7.1667,71.5,0,12.5
SESL,SE Sea Lion Rookery,SB,Santa Barbara Island,2017,Inside,3.1667,0.3333,0,6.1667,19.8333,1.3333,6.6667,0,3.3333,0.6667,0.6667,0.3333,0.1667,40,0,0,1,23.3333,3.1667,0.1667,0,13.8333,0,0.3333,0.5,0,29,88,5.3333,27.3333,0.5,28.3333
SESL,SE Sea Lion Rookery,SB,Santa Barbara Island,2018,Inside,4.6667,1.5,0,3.5,17.3333,5,6.1667,0,8.6667,3,1.1667,0.1667,0,38.5,1.5,0,6.3333,23,1.8333,0,0,20.3333,1,1,0.5,0,23.8333,91.1667,2.6667,14.3333,0.1667,34.3333
SESL,SE Sea Lion Rookery,SB,Santa Barbara Island,2019,Inside,10.1667,0.6667,0,7.1667,10.1667,3.5,16.5,0.1667,2,0,0.1667,0,0,48.1667,0,0.3333,22,24.3333,19.6667,0,0,23.5,0,0,0.1667,0,35,79.8333,3.6667,0.8333,3.6667,26
SP,South Point,SR,Santa Rosa Island,2005,Inside,30.1667,0,0.5,3.3333,2.5,0,1.6667,0,2.6667,0.1667,0,5.5,0,11.3333,0.8333,4.6667,5.6667,24.5,9.3333,0,0,0.3333,5.8333,0,10.3333,11.8333,47.3333,91.8333,6.5,0,0,4.1667
SP,South Point,SR,Santa Rosa Island,2006,Inside,17.8333,0,0.1667,11.6667,11.8333,0,1.5,0,0.8333,0.3333,0.1667,2.1667,0.3333,7.8333,0,5.1667,3,30.5,35.1667,0,0,1.1667,6.6667,0.1667,11.5,11.1667,51.3333,90.5,8,0,0.8333,10.5
SP,South Point,SR,Santa Rosa Island,2007,Inside,14.5,0,0,12,16.5,0,0.6667,0,3.3333,0,0,17.1667,0.5,5.6667,0,1.8333,3.6667,16.6667,5.5,0,0,0.1667,4.3333,0.3333,4.3333,9.6667,41.5,78.6667,20.6667,0,0,11.8333
SP,South Point,SR,Santa Rosa Island,2008,Inside,10.8333,0,0,6.1667,42,0,1.1667,0,2.5,0.3333,0.3333,2.1667,0.1667,18.6667,0.1667,2.1667,8.8333,24.1667,10.3333,0.1667,0,0,5.8333,0,11.3333,12.6667,51.6667,94.8333,4,0,0.6667,11.6667
SP,South Point,SR,Santa Rosa Island,2009,Inside,18.5,0,0,4.5,16.5,0,1.3333,0,8.5,0,0,12.3333,1.1667,15.6667,0,5,22.1667,36.5,22.5,0,0,2,0.3333,0,7,36.1667,75.6667,89.8333,8.8333,0,0,9.1667
SP,South Point,SR,Santa Rosa Island,2010,Inside,14.5,0,0,6.5,25.1667,0,1.6667,0,3.5,0,0,7.5,0.3333,14.1667,0,2.1667,6.3333,17.6667,33.6667,0,0.1667,0,13,0,5.3333,12.6667,33.1667,89.1667,9.1667,0,0.3333,9.3333
SP,South Point,SR,Santa Rosa Island,2011,Inside,11.8333,0,0,9.6667,4.6667,0,0,0,0,0,0,4.3333,0,16.6667,0,0,7.8333,10,31.5,0,1,0.3333,14.6667,0,6.3333,15.6667,76.1667,91.5,8.5,0,0.8333,3.8333
SP,South Point,SR,Santa Rosa Island,2012,Inside,11.6667,0,0.3333,22,7.6667,0,1.5,0,4.6667,2.1667,0.5,7.8333,0.1667,26.3333,0.1667,2.8333,15.6667,20.6667,12.1667,0.3333,0,0.6667,1.1667,0.8333,17.3333,37,71.6667,78.5,20,0,0,6.8333
SP,South Point,SR,Santa Rosa Island,2013,Inside,7,0,0.5,12.1667,34.8333,0,0.8333,0,1.8333,0,0,8,0,26.3333,0,0,6.1667,14.5,16.1667,0,0,0,0.3333,0,4,13.8333,27.3333,85.8333,13.3333,0,0,19.3333
SP,South Point,SR,Santa Rosa Island,2014,Inside,19.3333,0,0,15,22.1667,0,0.5,0,1.8333,21.6667,0,2,1.5,33.3333,0,1.8333,23.3333,26,25.1667,0.3333,18.3333,0.1667,0.3333,2.1667,11.5,20.3333,78.3333,95.6667,3.8333,0,0.3333,1.8333
SP,South Point,SR,Santa Rosa Island,2015,Inside,19.5,0,0.3333,23,14.8333,0,0.3333,0,9.3333,0,0,3.6667,0.3333,17.5,0,0.1667,17.6667,27.1667,13.1667,0,25,0,0.8333,2.3333,11.8333,20.5,46.5,78.1667,21.5,0,0.5,3.1667
SP,South Point,SR,Santa Rosa Island,2016,Inside,8.5,0,0.1667,38.5,14.6667,0,0.1667,0,1.3333,0,0,5.8333,0,6,0,0.1667,4,7,6.5,0.3333,5.6667,1,6.8333,2.5,1,2,18,73,26.8333,0,0.5,9.6667
SP,South Point,SR,Santa Rosa Island,2017,Inside,7.1667,0,0,53,10.3333,0,1,0,5.3333,5.8333,0,3.3333,0,7,0,4.6667,21.8333,15.3333,9.1667,0,14.8333,0.5,6.8333,0.1667,3.5,7.1667,47.6667,50.8333,48.1667,0,0.1667,4.8333
SP,South Point,SR,Santa Rosa Island,2018,Inside,8.6667,0.1667,0,31,8,0,0.6667,0,13.6667,0,0,3.5,1,27.3333,0,1.8333,11.6667,6.6667,9.8333,0,10.3333,0.5,3,0,3.5,14.3333,55.5,67.1667,32.1667,0,1.3333,7.1667
SP,South Point,SR,Santa Rosa Island,2019,Inside,10.5,0,0.1667,32.3333,17.6667,0.1667,0,0,13,0,0,2.1667,0.6667,14.8333,0,1.6667,18.3333,6,9.5,0,12.3333,0.6667,3.6667,0,2.8333,21,23.6667,70.8333,29.1667,0,0,4
TC,Trancion Canyon,SR,Santa Rosa Island,2005,Inside,12.8333,0.1667,2,11.3333,12.6667,0,0.1667,1,0.5,0,1.6667,17,0,15,0,2.8333,0,11.6667,13.3333,0,0,0.6667,2.3333,0,6.1667,1.3333,25.8333,72.8333,27,0,0,7.6667
TC,Trancion Canyon,SR,Santa Rosa Island,2006,Inside,8.3333,0.6667,1.3333,11,13.5,0,0.5,0.8333,0.1667,0,0,13.6667,0.1667,19.3333,0,2.8333,0,10.8333,9.6667,0,0,1.3333,2.8333,0,6.3333,1.6667,45.3333,80.6667,18.8333,0,0,8.3333
TC,Trancion Canyon,SR,Santa Rosa Island,2007,Inside,7.8333,0.5,0.6667,15.5,15,0,0.6667,0.8333,0,0.6667,1,9,0.3333,15.1667,0,4.6667,0,17.5,22.5,0,0,0.1667,3,0,3.6667,7.5,47.1667,78.3333,21,0,0,11.8333
TC,Trancion Canyon,SR,Santa Rosa Island,2008,Inside,20.6667,0.8333,3.1667,5.8333,28.5,0.1667,0.1667,2.6667,3.1667,3,2.1667,7.8333,3.1667,24.5,0,18.1667,0,38.3333,14.8333,0,0.1667,4,0.5,0,4.5,21.6667,60.1667,92.5,7.3333,0,0,9.3333
TC,Trancion Canyon,SR,Santa Rosa Island,2009,Inside,13.8333,1.1667,2.5,5.1667,15.5,0,1.1667,1.1667,3.3333,0.3333,2.8333,10,0,33.1667,0,0.6667,0,23,6,0,0,0.6667,0.1667,0.1667,6.5,17.1667,47.3333,91,7.8333,0,0,9
TC,Trancion Canyon,SR,Santa Rosa Island,2010,Inside,4.1667,1.1667,3.1667,16.3333,3,0.3333,6,1.3333,0.3333,0.3333,0.1667,11.8333,1.5,31,0,1,0,1,21.6667,0,0,0.6667,1.1667,0.6667,4,6.6667,27.8333,77.3333,16.6667,0,0,4.6667
TC,Trancion Canyon,SR,Santa Rosa Island,2011,Inside,2,3.8333,7,25.5,0.3333,0,6.8333,1.5,0,0,0,8.6667,0,42.6667,0,0.8333,0,0,9.3333,0,0,0,0.5,0.8333,1.3333,0,10,76.1667,17,0,0,0.3333
TC,Trancion Canyon,SR,Santa Rosa Island,2012,Inside,3.5,1.6667,2.5,13.1667,1.8333,0.3333,4.5,1.1667,0,2.3333,0.1667,0.6667,0,64.3333,0,0.5,0,0.6667,5.5,0,0,1.5,0,4,0.5,0.1667,16.1667,90.6667,4.8333,0,0,1
TC,Trancion Canyon,SR,Santa Rosa Island,2013,Inside,3.1667,0,2.5,8.6667,3,0,1.6667,7,0.1667,0.6667,0,0.5,0.5,70.8333,0,0.5,0,2.1667,4.3333,0,0,1.6667,0,12,0.3333,2.6667,27.1667,89.3333,9,0,0,1.3333
TC,Trancion Canyon,SR,Santa Rosa Island,2014,Inside,3.8333,1.3333,3.5,12,1.8333,0.1667,6.1667,0.6667,0.1667,5,0,0.3333,0.6667,66,0,0,0,3.8333,9.1667,0,0,3.3333,1.1667,2.3333,0.5,7.8333,25.3333,88.1667,5.6667,0,0.3333,0
TC,Trancion Canyon,SR,Santa Rosa Island,2015,Inside,6.1667,0.1667,1.5,12,1.5,0,0.5,4.6667,1.3333,0,0,2.1667,1,52,0,0,0.1667,12.8333,12.3333,0,0,1.3333,1.3333,0.8333,1.5,3.5,9.5,86.6667,12.8333,0,1.5,3.8333
TC,Trancion Canyon,SR,Santa Rosa Island,2016,Inside,5.5,1,7,8.6667,6.1667,0,0.8333,2.6667,0.1667,0,0,2.3333,1,54.5,0.6667,1,0.3333,4.5,5,0,0,2.5,0.3333,2,0.8333,0.8333,17,94.1667,5,0,2.5,8
TC,Trancion Canyon,SR,Santa Rosa Island,2017,Inside,5.3333,2.5,5,9.5,1.3333,0,1.8333,3.3333,0,0,0,1.8333,0,49,0.6667,0.6667,0,0.3333,10.1667,0,2.8333,0,9.1667,0.8333,0.3333,0,13,89,9.1667,0,3.6667,0.8333
TC,Trancion Canyon,SR,Santa Rosa Island,2018,Inside,4,1,5.1667,12.3333,1,0,0.8333,0.1667,0,0,0,3.8333,0.6667,57.5,0,0.5,0,4.6667,1.1667,0,3.8333,0.3333,9.1667,0,0.3333,0.1667,16,88.6667,10.5,0,0.8333,1.1667
TC,Trancion Canyon,SR,Santa Rosa Island,2019,Inside,5.3333,2,9.1667,15.3333,4.5,0.6667,1,4,0.1667,0,0,2.3333,0.8333,46.8333,0,2,0,3,5.5,0.1667,8.8333,0.8333,8.3333,0,0,1.6667,6.6667,91.3333,7.6667,0,3.8333,1.3333
WA,Webster's Arch,SB,Santa Barbara Island,2005,Outside,1.3333,0.1667,0.3333,16.6667,2.1667,4,9.3333,4.8333,0,0,0.1667,0,1.6667,60.3333,0,0,0,0,6.8333,1.8333,0,0,0,1.3333,0.5,0,8.1667,88.8333,1.8333,0,0.1667,2
WA,Webster's Arch,SB,Santa Barbara Island,2006,Outside,1.1667,0,0.1667,21,3.1667,1.6667,10.5,4.8333,0,0,0,0,0,56.6667,0,0,0,0,5.6667,2,0,0.1667,0,3.3333,0.1667,0,9,89,0.5,0,0,0.8333
WA,Webster's Arch,SB,Santa Barbara Island,2007,Outside,1.3333,0.1667,1.3333,9.5,2,3,2.3333,7.5,0,0,0,0,0,55.6667,0,0,0,0,18.3333,6.5,0,0,0,2.3333,0.6667,0,10,97.5,0.1667,0,0,1.8333
WA,Webster's Arch,SB,Santa Barbara Island,2008,Outside,1,0.3333,0.5,14.1667,8.6667,3.3333,3.6667,8.1667,0,0,0.1667,0,0,44.5,0,0,0,0,14.8333,11.3333,0,0,0,5.3333,2.5,0,19.8333,96,0.3333,0,0.5,3.5
WA,Webster's Arch,SB,Santa Barbara Island,2009,Outside,0.8333,0.1667,1.6667,15.1667,0.6667,4.5,1.3333,12.1667,0,0,0,0,0,53,0,0,0,0,12.3333,17.5,0,0,0,0.1667,0,0,11.8333,98.5,0.1667,0,0,1.8333
WA,Webster's Arch,SB,Santa Barbara Island,2010,Outside,0.1667,0,0.1667,10.5,2,6.8333,2.3333,4.8333,0,0.3333,0,0,0.3333,56.5,0,0,0,0,12.8333,14.6667,0,0.1667,0,1,0,0,10.8333,97.6667,0,0,0.1667,0.6667
WA,Webster's Arch,SB,Santa Barbara Island,2011,Outside,0.5,0.1667,0.6667,9.5,2.5,1.8333,3,5.5,0,11.8333,0.3333,0,0,68.1667,0,0,0,0,8.5,12.8333,0,0.1667,0,1,0.5,0,23.3333,97,0,0,0.1667,1.8333
WA,Webster's Arch,SB,Santa Barbara Island,2012,Outside,0.5,0.1667,0.3333,7.5,4,5.8333,2.3333,4.5,0,0,0.5,0,0,62.6667,0,0,0,0,6,12.6667,0,2.6667,0,8.5,2.5,0,22.8333,97.6667,0,0,0,1.3333
WA,Webster's Arch,SB,Santa Barbara Island,2013,Outside,0,0,1,5.5,2.5,11,3.5,4.3333,0,0.6667,0.3333,0,1.1667,63.6667,0,0,0,0,9,27,0,0.1667,0,0.3333,0.3333,0,6.5,96.5,0,0,0,0.3333
WA,Webster's Arch,SB,Santa Barbara Island,2014,Outside,0.3333,0.1667,0.5,4.3333,5.5,12.6667,1.6667,3.5,0,9.8333,0,0,0.8333,61.3333,0,0,0,1.1667,18.5,44.1667,0,0.6667,0,8.5,1.1667,0,20.5,98.1667,0.1667,0,0.1667,0.6667
WA,Webster's Arch,SB,Santa Barbara Island,2015,Outside,0.3333,0.1667,0,5,3.8333,21.1667,4.8333,2.1667,0.1667,0,0,0,2.8333,59.8333,0,0,0,5.5,7,29.3333,0,1.5,0,30.3333,0,0,14.5,94.3333,0.8333,0.3333,0.1667,1.3333
WA,Webster's Arch,SB,Santa Barbara Island,2016,Outside,0.8333,0,0,4.8333,6.8333,17,7.1667,1.8333,0,3.3333,0.3333,0,4,47.8333,0,0,0,19.1667,13.1667,12.6667,0,1.3333,0,0.1667,0.1667,0,5.6667,92.8333,0,1,0,4.1667
WA,Webster's Arch,SB,Santa Barbara Island,2017,Outside,0.1667,0,0,0.1667,27.5,0.5,0.8333,1.6667,0,2.3333,1.3333,0,9.5,46.5,0,0,0,23.5,14.6667,25.1667,0,0,0,1.3333,0,0,21,99.1667,0,0,0,14
WA,Webster's Arch,SB,Santa Barbara Island,2018,Outside,2.1667,1.3333,0,0,28,3.8333,2.5,0.3333,0,0.1667,6.6667,0,1.6667,39.8333,0,0,0,10.6667,10.5,10.6667,0,2.6667,0.1667,2.8333,1.5,0,18.6667,97.5,0,0.1667,0.1667,14.6667
WA,Webster's Arch,SB,Santa Barbara Island,2019,Outside,0.6667,0,0.1667,9.8333,11,0.8333,4.6667,1.5,0,0.1667,1.5,0,6,39.6667,0,0,0,14.8333,18.3333,4,0,5.5,0,2.3333,1.1667,0,15.1667,95,0.3333,0,0.1667,10.6667
