SurveyYear,Month,Date,DateStart,DateEnd,ONI_ANOM,PDO_ANOM
1950,1,1950-01-01,1950-01-01,1950-02-01,-1.62,NA
1950,2,1950-02-01,1950-02-01,1950-03-01,-1.32,NA
1950,3,1950-03-01,1950-03-01,1950-04-01,-1.07,NA
1950,4,1950-04-01,1950-04-01,1950-05-01,-1.11,NA
1950,5,1950-05-01,1950-05-01,1950-06-01,-1.37,NA
1950,6,1950-06-01,1950-06-01,1950-07-01,-0.74,NA
1950,7,1950-07-01,1950-07-01,1950-08-01,-0.44,NA
1950,8,1950-08-01,1950-08-01,1950-09-01,-0.42,NA
1950,9,1950-09-01,1950-09-01,1950-10-01,-0.41,NA
1950,10,1950-10-01,1950-10-01,1950-11-01,-0.32,NA
1950,11,1950-11-01,1950-11-01,1950-12-01,-0.6,NA
1950,12,1950-12-01,1950-12-01,1951-01-01,-0.88,NA
1951,1,1951-01-01,1951-01-01,1951-02-01,-0.92,NA
1951,2,1951-02-01,1951-02-01,1951-03-01,-0.66,NA
1951,3,1951-03-01,1951-03-01,1951-04-01,-0.04,NA
1951,4,1951-04-01,1951-04-01,1951-05-01,0.2,NA
1951,5,1951-05-01,1951-05-01,1951-06-01,0.37,NA
1951,6,1951-06-01,1951-06-01,1951-07-01,0.52,NA
1951,7,1951-07-01,1951-07-01,1951-08-01,0.87,NA
1951,8,1951-08-01,1951-08-01,1951-09-01,0.71,NA
1951,9,1951-09-01,1951-09-01,1951-10-01,1.08,NA
1951,10,1951-10-01,1951-10-01,1951-11-01,1.19,NA
1951,11,1951-11-01,1951-11-01,1951-12-01,1.19,NA
1951,12,1951-12-01,1951-12-01,1952-01-01,0.74,NA
1952,1,1952-01-01,1952-01-01,1952-02-01,0.49,NA
1952,2,1952-02-01,1952-02-01,1952-03-01,0.37,NA
1952,3,1952-03-01,1952-03-01,1952-04-01,0.24,NA
1952,4,1952-04-01,1952-04-01,1952-05-01,0.42,NA
1952,5,1952-05-01,1952-05-01,1952-06-01,0.23,NA
1952,6,1952-06-01,1952-06-01,1952-07-01,-0.03,NA
1952,7,1952-07-01,1952-07-01,1952-08-01,-0.2,NA
1952,8,1952-08-01,1952-08-01,1952-09-01,-0,NA
1952,9,1952-09-01,1952-09-01,1952-10-01,0.21,NA
1952,10,1952-10-01,1952-10-01,1952-11-01,0.25,NA
1952,11,1952-11-01,1952-11-01,1952-12-01,-0.14,NA
1952,12,1952-12-01,1952-12-01,1953-01-01,0.03,NA
1953,1,1953-01-01,1953-01-01,1953-02-01,0.56,NA
1953,2,1953-02-01,1953-02-01,1953-03-01,0.61,NA
1953,3,1953-03-01,1953-03-01,1953-04-01,0.62,NA
1953,4,1953-04-01,1953-04-01,1953-05-01,0.64,NA
1953,5,1953-05-01,1953-05-01,1953-06-01,0.71,NA
1953,6,1953-06-01,1953-06-01,1953-07-01,0.9,NA
1953,7,1953-07-01,1953-07-01,1953-08-01,0.7,NA
1953,8,1953-08-01,1953-08-01,1953-09-01,0.63,NA
1953,9,1953-09-01,1953-09-01,1953-10-01,0.85,NA
1953,10,1953-10-01,1953-10-01,1953-11-01,0.86,NA
1953,11,1953-11-01,1953-11-01,1953-12-01,0.82,NA
1953,12,1953-12-01,1953-12-01,1954-01-01,0.83,NA
1954,1,1954-01-01,1954-01-01,1954-02-01,0.8,NA
1954,2,1954-02-01,1954-02-01,1954-03-01,0.64,NA
1954,3,1954-03-01,1954-03-01,1954-04-01,-0.04,NA
1954,4,1954-04-01,1954-04-01,1954-05-01,-0.74,NA
1954,5,1954-05-01,1954-05-01,1954-06-01,-0.45,NA
1954,6,1954-06-01,1954-06-01,1954-07-01,-0.42,NA
1954,7,1954-07-01,1954-07-01,1954-08-01,-0.62,NA
1954,8,1954-08-01,1954-08-01,1954-09-01,-0.88,NA
1954,9,1954-09-01,1954-09-01,1954-10-01,-1.03,NA
1954,10,1954-10-01,1954-10-01,1954-11-01,-0.78,NA
1954,11,1954-11-01,1954-11-01,1954-12-01,-0.5,NA
1954,12,1954-12-01,1954-12-01,1955-01-01,-0.91,NA
1955,1,1955-01-01,1955-01-01,1955-02-01,-0.56,NA
1955,2,1955-02-01,1955-02-01,1955-03-01,-0.57,NA
1955,3,1955-03-01,1955-03-01,1955-04-01,-0.72,NA
1955,4,1955-04-01,1955-04-01,1955-05-01,-0.78,NA
1955,5,1955-05-01,1955-05-01,1955-06-01,-0.91,NA
1955,6,1955-06-01,1955-06-01,1955-07-01,-0.67,NA
1955,7,1955-07-01,1955-07-01,1955-08-01,-0.58,NA
1955,8,1955-08-01,1955-08-01,1955-09-01,-0.8,NA
1955,9,1955-09-01,1955-09-01,1955-10-01,-0.87,NA
1955,10,1955-10-01,1955-10-01,1955-11-01,-1.6,NA
1955,11,1955-11-01,1955-11-01,1955-12-01,-1.81,NA
1955,12,1955-12-01,1955-12-01,1956-01-01,-1.61,NA
1956,1,1956-01-01,1956-01-01,1956-02-01,-0.99,NA
1956,2,1956-02-01,1956-02-01,1956-03-01,-0.74,NA
1956,3,1956-03-01,1956-03-01,1956-04-01,-0.54,NA
1956,4,1956-04-01,1956-04-01,1956-05-01,-0.6,NA
1956,5,1956-05-01,1956-05-01,1956-06-01,-0.46,NA
1956,6,1956-06-01,1956-06-01,1956-07-01,-0.48,NA
1956,7,1956-07-01,1956-07-01,1956-08-01,-0.58,NA
1956,8,1956-08-01,1956-08-01,1956-09-01,-0.65,NA
1956,9,1956-09-01,1956-09-01,1956-10-01,-0.43,NA
1956,10,1956-10-01,1956-10-01,1956-11-01,-0.29,NA
1956,11,1956-11-01,1956-11-01,1956-12-01,-0.54,NA
1956,12,1956-12-01,1956-12-01,1957-01-01,-0.47,NA
1957,1,1957-01-01,1957-01-01,1957-02-01,-0.29,NA
1957,2,1957-02-01,1957-02-01,1957-03-01,0.02,NA
1957,3,1957-03-01,1957-03-01,1957-04-01,0.45,NA
1957,4,1957-04-01,1957-04-01,1957-05-01,0.77,NA
1957,5,1957-05-01,1957-05-01,1957-06-01,0.94,NA
1957,6,1957-06-01,1957-06-01,1957-07-01,1.05,NA
1957,7,1957-07-01,1957-07-01,1957-08-01,1.34,NA
1957,8,1957-08-01,1957-08-01,1957-09-01,1.36,NA
1957,9,1957-09-01,1957-09-01,1957-10-01,1.27,NA
1957,10,1957-10-01,1957-10-01,1957-11-01,1.37,NA
1957,11,1957-11-01,1957-11-01,1957-12-01,1.52,NA
1957,12,1957-12-01,1957-12-01,1958-01-01,1.71,NA
1958,1,1958-01-01,1958-01-01,1958-02-01,1.98,NA
1958,2,1958-02-01,1958-02-01,1958-03-01,1.72,NA
1958,3,1958-03-01,1958-03-01,1958-04-01,1.26,NA
1958,4,1958-04-01,1958-04-01,1958-05-01,0.81,NA
1958,5,1958-05-01,1958-05-01,1958-06-01,0.71,NA
1958,6,1958-06-01,1958-06-01,1958-07-01,0.69,NA
1958,7,1958-07-01,1958-07-01,1958-08-01,0.51,NA
1958,8,1958-08-01,1958-08-01,1958-09-01,0.52,NA
1958,9,1958-09-01,1958-09-01,1958-10-01,0.25,NA
1958,10,1958-10-01,1958-10-01,1958-11-01,0.41,NA
1958,11,1958-11-01,1958-11-01,1958-12-01,0.65,NA
1958,12,1958-12-01,1958-12-01,1959-01-01,0.44,NA
1959,1,1959-01-01,1959-01-01,1959-02-01,0.74,NA
1959,2,1959-02-01,1959-02-01,1959-03-01,0.67,NA
1959,3,1959-03-01,1959-03-01,1959-04-01,0.46,NA
1959,4,1959-04-01,1959-04-01,1959-05-01,0.42,NA
1959,5,1959-05-01,1959-05-01,1959-06-01,0.1,NA
1959,6,1959-06-01,1959-06-01,1959-07-01,0.07,NA
1959,7,1959-07-01,1959-07-01,1959-08-01,-0.37,NA
1959,8,1959-08-01,1959-08-01,1959-09-01,-0.24,NA
1959,9,1959-09-01,1959-09-01,1959-10-01,-0.23,NA
1959,10,1959-10-01,1959-10-01,1959-11-01,0.2,NA
1959,11,1959-11-01,1959-11-01,1959-12-01,-0.06,NA
1959,12,1959-12-01,1959-12-01,1960-01-01,0,NA
1960,1,1960-01-01,1960-01-01,1960-02-01,-0.07,NA
1960,2,1960-02-01,1960-02-01,1960-03-01,-0.22,NA
1960,3,1960-03-01,1960-03-01,1960-04-01,-0.02,NA
1960,4,1960-04-01,1960-04-01,1960-05-01,0.03,NA
1960,5,1960-05-01,1960-05-01,1960-06-01,0.08,NA
1960,6,1960-06-01,1960-06-01,1960-07-01,-0.06,NA
1960,7,1960-07-01,1960-07-01,1960-08-01,0.07,NA
1960,8,1960-08-01,1960-08-01,1960-09-01,0.36,NA
1960,9,1960-09-01,1960-09-01,1960-10-01,0.28,NA
1960,10,1960-10-01,1960-10-01,1960-11-01,0.18,NA
1960,11,1960-11-01,1960-11-01,1960-12-01,0.15,NA
1960,12,1960-12-01,1960-12-01,1961-01-01,0.04,NA
1961,1,1961-01-01,1961-01-01,1961-02-01,-0.04,NA
1961,2,1961-02-01,1961-02-01,1961-03-01,0.1,NA
1961,3,1961-03-01,1961-03-01,1961-04-01,0.02,NA
1961,4,1961-04-01,1961-04-01,1961-05-01,-0,NA
1961,5,1961-05-01,1961-05-01,1961-06-01,0.26,NA
1961,6,1961-06-01,1961-06-01,1961-07-01,0.44,NA
1961,7,1961-07-01,1961-07-01,1961-08-01,0.11,NA
1961,8,1961-08-01,1961-08-01,1961-09-01,-0.12,NA
1961,9,1961-09-01,1961-09-01,1961-10-01,-0.38,NA
1961,10,1961-10-01,1961-10-01,1961-11-01,-0.38,NA
1961,11,1961-11-01,1961-11-01,1961-12-01,-0.01,NA
1961,12,1961-12-01,1961-12-01,1962-01-01,-0.16,NA
1962,1,1962-01-01,1962-01-01,1962-02-01,-0.3,NA
1962,2,1962-02-01,1962-02-01,1962-03-01,-0.26,NA
1962,3,1962-03-01,1962-03-01,1962-04-01,-0.11,NA
1962,4,1962-04-01,1962-04-01,1962-05-01,-0.24,NA
1962,5,1962-05-01,1962-05-01,1962-06-01,-0.44,NA
1962,6,1962-06-01,1962-06-01,1962-07-01,-0.14,NA
1962,7,1962-07-01,1962-07-01,1962-08-01,-0,NA
1962,8,1962-08-01,1962-08-01,1962-09-01,0.02,NA
1962,9,1962-09-01,1962-09-01,1962-10-01,-0.23,NA
1962,10,1962-10-01,1962-10-01,1962-11-01,-0.12,NA
1962,11,1962-11-01,1962-11-01,1962-12-01,-0.32,NA
1962,12,1962-12-01,1962-12-01,1963-01-01,-0.47,NA
1963,1,1963-01-01,1963-01-01,1963-02-01,-0.5,NA
1963,2,1963-02-01,1963-02-01,1963-03-01,-0.23,NA
1963,3,1963-03-01,1963-03-01,1963-04-01,0.26,NA
1963,4,1963-04-01,1963-04-01,1963-05-01,0.41,NA
1963,5,1963-05-01,1963-05-01,1963-06-01,0.14,NA
1963,6,1963-06-01,1963-06-01,1963-07-01,0.39,NA
1963,7,1963-07-01,1963-07-01,1963-08-01,1.02,NA
1963,8,1963-08-01,1963-08-01,1963-09-01,1.17,NA
1963,9,1963-09-01,1963-09-01,1963-10-01,1.23,NA
1963,10,1963-10-01,1963-10-01,1963-11-01,1.26,NA
1963,11,1963-11-01,1963-11-01,1963-12-01,1.39,NA
1963,12,1963-12-01,1963-12-01,1964-01-01,1.47,NA
1964,1,1964-01-01,1964-01-01,1964-02-01,1.06,NA
1964,2,1964-02-01,1964-02-01,1964-03-01,0.68,NA
1964,3,1964-03-01,1964-03-01,1964-04-01,0.1,NA
1964,4,1964-04-01,1964-04-01,1964-05-01,-0.42,NA
1964,5,1964-05-01,1964-05-01,1964-06-01,-0.67,NA
1964,6,1964-06-01,1964-06-01,1964-07-01,-0.64,NA
1964,7,1964-07-01,1964-07-01,1964-08-01,-0.43,NA
1964,8,1964-08-01,1964-08-01,1964-09-01,-0.72,NA
1964,9,1964-09-01,1964-09-01,1964-10-01,-0.84,NA
1964,10,1964-10-01,1964-10-01,1964-11-01,-0.73,NA
1964,11,1964-11-01,1964-11-01,1964-12-01,-0.82,NA
1964,12,1964-12-01,1964-12-01,1965-01-01,-0.92,NA
1965,1,1965-01-01,1965-01-01,1965-02-01,-0.61,NA
1965,2,1965-02-01,1965-02-01,1965-03-01,-0.25,NA
1965,3,1965-03-01,1965-03-01,1965-04-01,0.03,NA
1965,4,1965-04-01,1965-04-01,1965-05-01,0.01,NA
1965,5,1965-05-01,1965-05-01,1965-06-01,0.5,NA
1965,6,1965-06-01,1965-06-01,1965-07-01,0.86,NA
1965,7,1965-07-01,1965-07-01,1965-08-01,1.14,NA
1965,8,1965-08-01,1965-08-01,1965-09-01,1.66,NA
1965,9,1965-09-01,1965-09-01,1965-10-01,1.84,NA
1965,10,1965-10-01,1965-10-01,1965-11-01,2.06,NA
1965,11,1965-11-01,1965-11-01,1965-12-01,2.03,NA
1965,12,1965-12-01,1965-12-01,1966-01-01,1.81,NA
1966,1,1966-01-01,1966-01-01,1966-02-01,1.31,NA
1966,2,1966-02-01,1966-02-01,1966-03-01,1,NA
1966,3,1966-03-01,1966-03-01,1966-04-01,1.19,NA
1966,4,1966-04-01,1966-04-01,1966-05-01,0.76,NA
1966,5,1966-05-01,1966-05-01,1966-06-01,0.02,NA
1966,6,1966-06-01,1966-06-01,1966-07-01,0.29,NA
1966,7,1966-07-01,1966-07-01,1966-08-01,0.42,NA
1966,8,1966-08-01,1966-08-01,1966-09-01,0.02,NA
1966,9,1966-09-01,1966-09-01,1966-10-01,-0.07,NA
1966,10,1966-10-01,1966-10-01,1966-11-01,-0.11,NA
1966,11,1966-11-01,1966-11-01,1966-12-01,-0.12,NA
1966,12,1966-12-01,1966-12-01,1967-01-01,-0.31,NA
1967,1,1967-01-01,1967-01-01,1967-02-01,-0.48,NA
1967,2,1967-02-01,1967-02-01,1967-03-01,-0.44,NA
1967,3,1967-03-01,1967-03-01,1967-04-01,-0.51,NA
1967,4,1967-04-01,1967-04-01,1967-05-01,-0.66,NA
1967,5,1967-05-01,1967-05-01,1967-06-01,-0.18,NA
1967,6,1967-06-01,1967-06-01,1967-07-01,0.12,NA
1967,7,1967-07-01,1967-07-01,1967-08-01,0.06,NA
1967,8,1967-08-01,1967-08-01,1967-09-01,-0.03,NA
1967,9,1967-09-01,1967-09-01,1967-10-01,-0.49,NA
1967,10,1967-10-01,1967-10-01,1967-11-01,-0.36,NA
1967,11,1967-11-01,1967-11-01,1967-12-01,-0.28,NA
1967,12,1967-12-01,1967-12-01,1968-01-01,-0.38,NA
1968,1,1968-01-01,1968-01-01,1968-02-01,-0.66,NA
1968,2,1968-02-01,1968-02-01,1968-03-01,-0.86,NA
1968,3,1968-03-01,1968-03-01,1968-04-01,-0.68,NA
1968,4,1968-04-01,1968-04-01,1968-05-01,-0.3,NA
1968,5,1968-05-01,1968-05-01,1968-06-01,-0.34,NA
1968,6,1968-06-01,1968-06-01,1968-07-01,0.52,NA
1968,7,1968-07-01,1968-07-01,1968-08-01,0.66,NA
1968,8,1968-08-01,1968-08-01,1968-09-01,0.54,NA
1968,9,1968-09-01,1968-09-01,1968-10-01,0.38,NA
1968,10,1968-10-01,1968-10-01,1968-11-01,0.42,NA
1968,11,1968-11-01,1968-11-01,1968-12-01,0.85,NA
1968,12,1968-12-01,1968-12-01,1969-01-01,0.94,NA
1969,1,1969-01-01,1969-01-01,1969-02-01,1.14,NA
1969,2,1969-02-01,1969-02-01,1969-03-01,1.31,NA
1969,3,1969-03-01,1969-03-01,1969-04-01,0.81,NA
1969,4,1969-04-01,1969-04-01,1969-05-01,0.73,NA
1969,5,1969-05-01,1969-05-01,1969-06-01,0.76,NA
1969,6,1969-06-01,1969-06-01,1969-07-01,0.35,NA
1969,7,1969-07-01,1969-07-01,1969-08-01,0.18,NA
1969,8,1969-08-01,1969-08-01,1969-09-01,0.56,NA
1969,9,1969-09-01,1969-09-01,1969-10-01,0.81,NA
1969,10,1969-10-01,1969-10-01,1969-11-01,1.01,NA
1969,11,1969-11-01,1969-11-01,1969-12-01,0.76,NA
1969,12,1969-12-01,1969-12-01,1970-01-01,0.66,NA
1970,1,1970-01-01,1970-01-01,1970-02-01,0.48,NA
1970,2,1970-02-01,1970-02-01,1970-03-01,0.41,NA
1970,3,1970-03-01,1970-03-01,1970-04-01,0.13,NA
1970,4,1970-04-01,1970-04-01,1970-05-01,0.34,NA
1970,5,1970-05-01,1970-05-01,1970-06-01,0.1,NA
1970,6,1970-06-01,1970-06-01,1970-07-01,-0.31,NA
1970,7,1970-07-01,1970-07-01,1970-08-01,-0.7,NA
1970,8,1970-08-01,1970-08-01,1970-09-01,-0.87,NA
1970,9,1970-09-01,1970-09-01,1970-10-01,-0.7,NA
1970,10,1970-10-01,1970-10-01,1970-11-01,-0.73,NA
1970,11,1970-11-01,1970-11-01,1970-12-01,-0.78,NA
1970,12,1970-12-01,1970-12-01,1971-01-01,-1.06,NA
1971,1,1971-01-01,1971-01-01,1971-02-01,-1.6,NA
1971,2,1971-02-01,1971-02-01,1971-03-01,-1.42,NA
1971,3,1971-03-01,1971-03-01,1971-04-01,-1.13,NA
1971,4,1971-04-01,1971-04-01,1971-05-01,-0.8,NA
1971,5,1971-05-01,1971-05-01,1971-06-01,-0.61,NA
1971,6,1971-06-01,1971-06-01,1971-07-01,-0.78,NA
1971,7,1971-07-01,1971-07-01,1971-08-01,-0.82,NA
1971,8,1971-08-01,1971-08-01,1971-09-01,-0.79,NA
1971,9,1971-09-01,1971-09-01,1971-10-01,-0.71,NA
1971,10,1971-10-01,1971-10-01,1971-11-01,-0.96,NA
1971,11,1971-11-01,1971-11-01,1971-12-01,-0.88,NA
1971,12,1971-12-01,1971-12-01,1972-01-01,-1.03,NA
1972,1,1972-01-01,1972-01-01,1972-02-01,-0.78,NA
1972,2,1972-02-01,1972-02-01,1972-03-01,-0.3,NA
1972,3,1972-03-01,1972-03-01,1972-04-01,0.03,NA
1972,4,1972-04-01,1972-04-01,1972-05-01,0.45,NA
1972,5,1972-05-01,1972-05-01,1972-06-01,0.75,NA
1972,6,1972-06-01,1972-06-01,1972-07-01,0.8,NA
1972,7,1972-07-01,1972-07-01,1972-08-01,1.2,NA
1972,8,1972-08-01,1972-08-01,1972-09-01,1.4,NA
1972,9,1972-09-01,1972-09-01,1972-10-01,1.52,NA
1972,10,1972-10-01,1972-10-01,1972-11-01,1.83,NA
1972,11,1972-11-01,1972-11-01,1972-12-01,2.17,NA
1972,12,1972-12-01,1972-12-01,1973-01-01,2.28,NA
1973,1,1973-01-01,1973-01-01,1973-02-01,1.92,NA
1973,2,1973-02-01,1973-02-01,1973-03-01,1.34,NA
1973,3,1973-03-01,1973-03-01,1973-04-01,0.49,NA
1973,4,1973-04-01,1973-04-01,1973-05-01,-0.19,NA
1973,5,1973-05-01,1973-05-01,1973-06-01,-0.59,NA
1973,6,1973-06-01,1973-06-01,1973-07-01,-0.83,NA
1973,7,1973-07-01,1973-07-01,1973-08-01,-1.18,NA
1973,8,1973-08-01,1973-08-01,1973-09-01,-1.31,NA
1973,9,1973-09-01,1973-09-01,1973-10-01,-1.36,NA
1973,10,1973-10-01,1973-10-01,1973-11-01,-1.69,NA
1973,11,1973-11-01,1973-11-01,1973-12-01,-2.09,NA
1973,12,1973-12-01,1973-12-01,1974-01-01,-2.06,NA
1974,1,1974-01-01,1974-01-01,1974-02-01,-1.95,NA
1974,2,1974-02-01,1974-02-01,1974-03-01,-1.5,NA
1974,3,1974-03-01,1974-03-01,1974-04-01,-1.21,NA
1974,4,1974-04-01,1974-04-01,1974-05-01,-0.97,NA
1974,5,1974-05-01,1974-05-01,1974-06-01,-0.91,NA
1974,6,1974-06-01,1974-06-01,1974-07-01,-0.85,NA
1974,7,1974-07-01,1974-07-01,1974-08-01,-0.55,NA
1974,8,1974-08-01,1974-08-01,1974-09-01,-0.21,NA
1974,9,1974-09-01,1974-09-01,1974-10-01,-0.35,NA
1974,10,1974-10-01,1974-10-01,1974-11-01,-0.66,NA
1974,11,1974-11-01,1974-11-01,1974-12-01,-0.82,NA
1974,12,1974-12-01,1974-12-01,1975-01-01,-0.78,NA
1975,1,1975-01-01,1975-01-01,1975-02-01,-0.32,NA
1975,2,1975-02-01,1975-02-01,1975-03-01,-0.53,NA
1975,3,1975-03-01,1975-03-01,1975-04-01,-0.86,NA
1975,4,1975-04-01,1975-04-01,1975-05-01,-0.58,NA
1975,5,1975-05-01,1975-05-01,1975-06-01,-0.76,NA
1975,6,1975-06-01,1975-06-01,1975-07-01,-1.15,NA
1975,7,1975-07-01,1975-07-01,1975-08-01,-1.04,NA
1975,8,1975-08-01,1975-08-01,1975-09-01,-1.2,NA
1975,9,1975-09-01,1975-09-01,1975-10-01,-1.37,NA
1975,10,1975-10-01,1975-10-01,1975-11-01,-1.54,NA
1975,11,1975-11-01,1975-11-01,1975-12-01,-1.38,NA
1975,12,1975-12-01,1975-12-01,1976-01-01,-1.73,NA
1976,1,1976-01-01,1976-01-01,1976-02-01,-1.84,NA
1976,2,1976-02-01,1976-02-01,1976-03-01,-1.09,NA
1976,3,1976-03-01,1976-03-01,1976-04-01,-0.58,NA
1976,4,1976-04-01,1976-04-01,1976-05-01,-0.53,NA
1976,5,1976-05-01,1976-05-01,1976-06-01,-0.31,NA
1976,6,1976-06-01,1976-06-01,1976-07-01,-0,NA
1976,7,1976-07-01,1976-07-01,1976-08-01,0.17,NA
1976,8,1976-08-01,1976-08-01,1976-09-01,0.38,NA
1976,9,1976-09-01,1976-09-01,1976-10-01,0.5,NA
1976,10,1976-10-01,1976-10-01,1976-11-01,0.98,NA
1976,11,1976-11-01,1976-11-01,1976-12-01,0.95,NA
1976,12,1976-12-01,1976-12-01,1977-01-01,0.66,NA
1977,1,1977-01-01,1977-01-01,1977-02-01,0.93,NA
1977,2,1977-02-01,1977-02-01,1977-03-01,0.55,NA
1977,3,1977-03-01,1977-03-01,1977-04-01,0.44,NA
1977,4,1977-04-01,1977-04-01,1977-05-01,0.03,NA
1977,5,1977-05-01,1977-05-01,1977-06-01,0.22,NA
1977,6,1977-06-01,1977-06-01,1977-07-01,0.39,NA
1977,7,1977-07-01,1977-07-01,1977-08-01,0.42,NA
1977,8,1977-08-01,1977-08-01,1977-09-01,0.25,NA
1977,9,1977-09-01,1977-09-01,1977-10-01,0.6,NA
1977,10,1977-10-01,1977-10-01,1977-11-01,0.86,NA
1977,11,1977-11-01,1977-11-01,1977-12-01,0.72,NA
1977,12,1977-12-01,1977-12-01,1978-01-01,0.86,NA
1978,1,1978-01-01,1978-01-01,1978-02-01,0.78,NA
1978,2,1978-02-01,1978-02-01,1978-03-01,0.42,NA
1978,3,1978-03-01,1978-03-01,1978-04-01,0.06,NA
1978,4,1978-04-01,1978-04-01,1978-05-01,-0.3,NA
1978,5,1978-05-01,1978-05-01,1978-06-01,-0.31,NA
1978,6,1978-06-01,1978-06-01,1978-07-01,-0.33,NA
1978,7,1978-07-01,1978-07-01,1978-08-01,-0.22,NA
1978,8,1978-08-01,1978-08-01,1978-09-01,-0.53,NA
1978,9,1978-09-01,1978-09-01,1978-10-01,-0.5,NA
1978,10,1978-10-01,1978-10-01,1978-11-01,-0.23,NA
1978,11,1978-11-01,1978-11-01,1978-12-01,-0.14,NA
1978,12,1978-12-01,1978-12-01,1979-01-01,0.11,NA
1979,1,1979-01-01,1979-01-01,1979-02-01,0.03,0.13
1979,2,1979-02-01,1979-02-01,1979-03-01,-0.04,-0.43
1979,3,1979-03-01,1979-03-01,1979-04-01,0.23,-0.59
1979,4,1979-04-01,1979-04-01,1979-05-01,0.42,-0.39
1979,5,1979-05-01,1979-05-01,1979-06-01,0.19,-0.4
1979,6,1979-06-01,1979-06-01,1979-07-01,0.08,-0.48
1979,7,1979-07-01,1979-07-01,1979-08-01,-0.13,-0.42
1979,8,1979-08-01,1979-08-01,1979-09-01,0.16,-0.46
1979,9,1979-09-01,1979-09-01,1979-10-01,0.48,-0.46
1979,10,1979-10-01,1979-10-01,1979-11-01,0.35,-0.23
1979,11,1979-11-01,1979-11-01,1979-12-01,0.53,-0.33
1979,12,1979-12-01,1979-12-01,1980-01-01,0.69,-0.09
1980,1,1980-01-01,1980-01-01,1980-02-01,0.7,-0.07
1980,2,1980-02-01,1980-02-01,1980-03-01,0.39,0.51
1980,3,1980-03-01,1980-03-01,1980-04-01,0.28,0.62
1980,4,1980-04-01,1980-04-01,1980-05-01,0.34,0.46
1980,5,1980-05-01,1980-05-01,1980-06-01,0.51,0.4
1980,6,1980-06-01,1980-06-01,1980-07-01,0.59,0.1
1980,7,1980-07-01,1980-07-01,1980-08-01,0.28,0.05
1980,8,1980-08-01,1980-08-01,1980-09-01,-0.11,0.17
1980,9,1980-09-01,1980-09-01,1980-10-01,-0.07,0.38
1980,10,1980-10-01,1980-10-01,1980-11-01,-0.02,0.43
1980,11,1980-11-01,1980-11-01,1980-12-01,0.14,0.44
1980,12,1980-12-01,1980-12-01,1981-01-01,0.22,0.49
1981,1,1981-01-01,1981-01-01,1981-02-01,-0.38,0.91
1981,2,1981-02-01,1981-02-01,1981-03-01,-0.62,1
1981,3,1981-03-01,1981-03-01,1981-04-01,-0.51,1.1
1981,4,1981-04-01,1981-04-01,1981-05-01,-0.29,1.16
1981,5,1981-05-01,1981-05-01,1981-06-01,-0.3,1.26
1981,6,1981-06-01,1981-06-01,1981-07-01,-0.19,1.32
1981,7,1981-07-01,1981-07-01,1981-08-01,-0.37,1.38
1981,8,1981-08-01,1981-08-01,1981-09-01,-0.32,1.31
1981,9,1981-09-01,1981-09-01,1981-10-01,-0.04,1.02
1981,10,1981-10-01,1981-10-01,1981-11-01,-0.11,0.92
1981,11,1981-11-01,1981-11-01,1981-12-01,-0.23,0.97
1981,12,1981-12-01,1981-12-01,1982-01-01,-0.11,0.99
1982,1,1982-01-01,1982-01-01,1982-02-01,0.11,0.63
1982,2,1982-02-01,1982-02-01,1982-03-01,-0.15,0.64
1982,3,1982-03-01,1982-03-01,1982-04-01,0.25,0.55
1982,4,1982-04-01,1982-04-01,1982-05-01,0.45,0.59
1982,5,1982-05-01,1982-05-01,1982-06-01,0.72,0.41
1982,6,1982-06-01,1982-06-01,1982-07-01,0.8,0.28
1982,7,1982-07-01,1982-07-01,1982-08-01,0.64,0.27
1982,8,1982-08-01,1982-08-01,1982-09-01,0.93,0.4
1982,9,1982-09-01,1982-09-01,1982-10-01,1.64,0.6
1982,10,1982-10-01,1982-10-01,1982-11-01,2.16,0.42
1982,11,1982-11-01,1982-11-01,1982-12-01,2.09,0.59
1982,12,1982-12-01,1982-12-01,1983-01-01,2.28,0.68
1983,1,1983-01-01,1983-01-01,1983-02-01,2.32,0.53
1983,2,1983-02-01,1983-02-01,1983-03-01,1.94,0.92
1983,3,1983-03-01,1983-03-01,1983-04-01,1.49,1.46
1983,4,1983-04-01,1983-04-01,1983-05-01,1.19,1.47
1983,5,1983-05-01,1983-05-01,1983-06-01,1.18,1.42
1983,6,1983-06-01,1983-06-01,1983-07-01,0.82,1.66
1983,7,1983-07-01,1983-07-01,1983-08-01,0.17,1.6
1983,8,1983-08-01,1983-08-01,1983-09-01,-0.04,1.2
1983,9,1983-09-01,1983-09-01,1983-10-01,-0.36,1.31
1983,10,1983-10-01,1983-10-01,1983-11-01,-0.96,1.26
1983,11,1983-11-01,1983-11-01,1983-12-01,-1.1,1.37
1983,12,1983-12-01,1983-12-01,1984-01-01,-0.94,1.47
1984,1,1984-01-01,1984-01-01,1984-02-01,-0.69,1.68
1984,2,1984-02-01,1984-02-01,1984-03-01,-0.18,1.41
1984,3,1984-03-01,1984-03-01,1984-04-01,-0.39,1.77
1984,4,1984-04-01,1984-04-01,1984-05-01,-0.44,1.85
1984,5,1984-05-01,1984-05-01,1984-06-01,-0.46,1.5
1984,6,1984-06-01,1984-06-01,1984-07-01,-0.63,1.5
1984,7,1984-07-01,1984-07-01,1984-08-01,-0.24,1.63
1984,8,1984-08-01,1984-08-01,1984-09-01,-0.04,1.47
1984,9,1984-09-01,1984-09-01,1984-10-01,-0.19,1.52
1984,10,1984-10-01,1984-10-01,1984-11-01,-0.49,1.55
1984,11,1984-11-01,1984-11-01,1984-12-01,-1,1.56
1984,12,1984-12-01,1984-12-01,1985-01-01,-1.25,1.31
1985,1,1985-01-01,1985-01-01,1985-02-01,-1.17,1.22
1985,2,1985-02-01,1985-02-01,1985-03-01,-0.71,1.15
1985,3,1985-03-01,1985-03-01,1985-04-01,-0.67,0.62
1985,4,1985-04-01,1985-04-01,1985-05-01,-0.93,0.12
1985,5,1985-05-01,1985-05-01,1985-06-01,-0.75,0.02
1985,6,1985-06-01,1985-06-01,1985-07-01,-0.65,-0.05
1985,7,1985-07-01,1985-07-01,1985-08-01,-0.47,0.06
1985,8,1985-08-01,1985-08-01,1985-09-01,-0.35,0.03
1985,9,1985-09-01,1985-09-01,1985-10-01,-0.55,0.22
1985,10,1985-10-01,1985-10-01,1985-11-01,-0.3,-0.04
1985,11,1985-11-01,1985-11-01,1985-12-01,-0.2,-0.03
1985,12,1985-12-01,1985-12-01,1986-01-01,-0.32,0.32
1986,1,1986-01-01,1986-01-01,1986-02-01,-0.56,0.47
1986,2,1986-02-01,1986-02-01,1986-03-01,-0.6,0.79
1986,3,1986-03-01,1986-03-01,1986-04-01,-0.26,1.34
1986,4,1986-04-01,1986-04-01,1986-05-01,-0.08,1.23
1986,5,1986-05-01,1986-05-01,1986-06-01,-0.27,1.07
1986,6,1986-06-01,1986-06-01,1986-07-01,-0.01,0.86
1986,7,1986-07-01,1986-07-01,1986-08-01,0.17,0.77
1986,8,1986-08-01,1986-08-01,1986-09-01,0.51,1
1986,9,1986-09-01,1986-09-01,1986-10-01,0.65,1.06
1986,10,1986-10-01,1986-10-01,1986-11-01,0.98,1.15
1986,11,1986-11-01,1986-11-01,1986-12-01,1.2,1.39
1986,12,1986-12-01,1986-12-01,1987-01-01,1.24,1.6
1987,1,1987-01-01,1987-01-01,1987-02-01,1.22,1.37
1987,2,1987-02-01,1987-02-01,1987-03-01,1.23,1.26
1987,3,1987-03-01,1987-03-01,1987-04-01,1.13,1.33
1987,4,1987-04-01,1987-04-01,1987-05-01,0.82,1.29
1987,5,1987-05-01,1987-05-01,1987-06-01,0.88,1.35
1987,6,1987-06-01,1987-06-01,1987-07-01,1.21,1.3
1987,7,1987-07-01,1987-07-01,1987-08-01,1.57,1.43
1987,8,1987-08-01,1987-08-01,1987-09-01,1.76,1.8
1987,9,1987-09-01,1987-09-01,1987-10-01,1.77,2.15
1987,10,1987-10-01,1987-10-01,1987-11-01,1.42,1.96
1987,11,1987-11-01,1987-11-01,1987-12-01,1.27,1.79
1987,12,1987-12-01,1987-12-01,1988-01-01,1.07,1.3
1988,1,1988-01-01,1988-01-01,1988-02-01,0.99,0.6
1988,2,1988-02-01,1988-02-01,1988-03-01,0.37,0.58
1988,3,1988-03-01,1988-03-01,1988-04-01,0.25,0.77
1988,4,1988-04-01,1988-04-01,1988-05-01,-0.19,0.71
1988,5,1988-05-01,1988-05-01,1988-06-01,-1,0.36
1988,6,1988-06-01,1988-06-01,1988-07-01,-1.44,0.45
1988,7,1988-07-01,1988-07-01,1988-08-01,-1.45,0.38
1988,8,1988-08-01,1988-08-01,1988-09-01,-0.99,0.17
1988,9,1988-09-01,1988-09-01,1988-10-01,-0.87,0.12
1988,10,1988-10-01,1988-10-01,1988-11-01,-1.71,0.49
1988,11,1988-11-01,1988-11-01,1988-12-01,-1.85,0.52
1988,12,1988-12-01,1988-12-01,1989-01-01,-1.83,0.37
1989,1,1989-01-01,1989-01-01,1989-02-01,-1.87,-0.37
1989,2,1989-02-01,1989-02-01,1989-03-01,-1.37,-0.41
1989,3,1989-03-01,1989-03-01,1989-04-01,-1.05,-0.41
1989,4,1989-04-01,1989-04-01,1989-05-01,-0.82,-0.33
1989,5,1989-05-01,1989-05-01,1989-06-01,-0.61,-0.48
1989,6,1989-06-01,1989-06-01,1989-07-01,-0.29,-0.45
1989,7,1989-07-01,1989-07-01,1989-08-01,-0.3,-0.49
1989,8,1989-08-01,1989-08-01,1989-09-01,-0.33,-0.62
1989,9,1989-09-01,1989-09-01,1989-10-01,-0.18,-0.58
1989,10,1989-10-01,1989-10-01,1989-11-01,-0.22,-0.66
1989,11,1989-11-01,1989-11-01,1989-12-01,-0.25,-0.6
1989,12,1989-12-01,1989-12-01,1990-01-01,-0.01,-0.15
1990,1,1990-01-01,1990-01-01,1990-02-01,0.11,-0.25
1990,2,1990-02-01,1990-02-01,1990-03-01,0.31,-0.65
1990,3,1990-03-01,1990-03-01,1990-04-01,0.2,-1.04
1990,4,1990-04-01,1990-04-01,1990-05-01,0.33,-1.03
1990,5,1990-05-01,1990-05-01,1990-06-01,0.34,-0.87
1990,6,1990-06-01,1990-06-01,1990-07-01,0.21,-1.01
1990,7,1990-07-01,1990-07-01,1990-08-01,0.37,-1.23
1990,8,1990-08-01,1990-08-01,1990-09-01,0.42,-1.07
1990,9,1990-09-01,1990-09-01,1990-10-01,0.35,-1.15
1990,10,1990-10-01,1990-10-01,1990-11-01,0.4,-1.01
1990,11,1990-11-01,1990-11-01,1990-12-01,0.31,-0.95
1990,12,1990-12-01,1990-12-01,1991-01-01,0.48,-1.16
1991,1,1991-01-01,1991-01-01,1991-02-01,0.45,-1.2
1991,2,1991-02-01,1991-02-01,1991-03-01,0.29,-0.84
1991,3,1991-03-01,1991-03-01,1991-04-01,0.05,-0.95
1991,4,1991-04-01,1991-04-01,1991-05-01,0.32,-1.33
1991,5,1991-05-01,1991-05-01,1991-06-01,0.4,-1.3
1991,6,1991-06-01,1991-06-01,1991-07-01,0.65,-1.5
1991,7,1991-07-01,1991-07-01,1991-08-01,0.86,-1.4
1991,8,1991-08-01,1991-08-01,1991-09-01,0.69,-1.02
1991,9,1991-09-01,1991-09-01,1991-10-01,0.36,-1.18
1991,10,1991-10-01,1991-10-01,1991-11-01,0.82,-0.94
1991,11,1991-11-01,1991-11-01,1991-12-01,1.19,-0.65
1991,12,1991-12-01,1991-12-01,1992-01-01,1.62,-0.67
1992,1,1992-01-01,1992-01-01,1992-02-01,1.78,-0.68
1992,2,1992-02-01,1992-02-01,1992-03-01,1.74,-0.33
1992,3,1992-03-01,1992-03-01,1992-04-01,1.38,-0.14
1992,4,1992-04-01,1992-04-01,1992-05-01,1.32,0.05
1992,5,1992-05-01,1992-05-01,1992-06-01,1.16,0.17
1992,6,1992-06-01,1992-06-01,1992-07-01,0.7,0.17
1992,7,1992-07-01,1992-07-01,1992-08-01,0.33,0.23
1992,8,1992-08-01,1992-08-01,1992-09-01,0.07,0.1
1992,9,1992-09-01,1992-09-01,1992-10-01,-0.13,0.19
1992,10,1992-10-01,1992-10-01,1992-11-01,-0.34,0.43
1992,11,1992-11-01,1992-11-01,1992-12-01,-0.28,0.5
1992,12,1992-12-01,1992-12-01,1993-01-01,-0.21,0.17
1993,1,1993-01-01,1993-01-01,1993-02-01,0.1,-0.19
1993,2,1993-02-01,1993-02-01,1993-03-01,0.38,0.13
1993,3,1993-03-01,1993-03-01,1993-04-01,0.4,0.22
1993,4,1993-04-01,1993-04-01,1993-05-01,0.71,0.26
1993,5,1993-05-01,1993-05-01,1993-06-01,0.91,0.37
1993,6,1993-06-01,1993-06-01,1993-07-01,0.48,0.67
1993,7,1993-07-01,1993-07-01,1993-08-01,0.33,0.72
1993,8,1993-08-01,1993-08-01,1993-09-01,0.15,1.02
1993,9,1993-09-01,1993-09-01,1993-10-01,0.29,1.1
1993,10,1993-10-01,1993-10-01,1993-11-01,0.02,1.26
1993,11,1993-11-01,1993-11-01,1993-12-01,0.01,1.36
1993,12,1993-12-01,1993-12-01,1994-01-01,0.1,0.89
1994,1,1994-01-01,1994-01-01,1994-02-01,0.06,0.58
1994,2,1994-02-01,1994-02-01,1994-03-01,0.03,0.22
1994,3,1994-03-01,1994-03-01,1994-04-01,0.11,0.08
1994,4,1994-04-01,1994-04-01,1994-05-01,0.38,0.08
1994,5,1994-05-01,1994-05-01,1994-06-01,0.43,0.15
1994,6,1994-06-01,1994-06-01,1994-07-01,0.44,0.14
1994,7,1994-07-01,1994-07-01,1994-08-01,0.35,0.06
1994,8,1994-08-01,1994-08-01,1994-09-01,0.54,-0.04
1994,9,1994-09-01,1994-09-01,1994-10-01,0.41,-0.08
1994,10,1994-10-01,1994-10-01,1994-11-01,0.71,0.12
1994,11,1994-11-01,1994-11-01,1994-12-01,1.11,-0.12
1994,12,1994-12-01,1994-12-01,1995-01-01,1.19,-0.45
1995,1,1995-01-01,1995-01-01,1995-02-01,0.98,-0.28
1995,2,1995-02-01,1995-02-01,1995-03-01,0.71,0.15
1995,3,1995-03-01,1995-03-01,1995-04-01,0.48,0.38
1995,4,1995-04-01,1995-04-01,1995-05-01,0.41,0.4
1995,5,1995-05-01,1995-05-01,1995-06-01,0.02,0.56
1995,6,1995-06-01,1995-06-01,1995-07-01,-0.01,0.65
1995,7,1995-07-01,1995-07-01,1995-08-01,-0.11,0.82
1995,8,1995-08-01,1995-08-01,1995-09-01,-0.61,0.48
1995,9,1995-09-01,1995-09-01,1995-10-01,-0.9,0.5
1995,10,1995-10-01,1995-10-01,1995-11-01,-0.92,0.22
1995,11,1995-11-01,1995-11-01,1995-12-01,-1.1,0.25
1995,12,1995-12-01,1995-12-01,1996-01-01,-1,0.88
1996,1,1996-01-01,1996-01-01,1996-02-01,-0.86,1.15
1996,2,1996-02-01,1996-02-01,1996-03-01,-0.85,0.97
1996,3,1996-03-01,1996-03-01,1996-04-01,-0.56,0.98
1996,4,1996-04-01,1996-04-01,1996-05-01,-0.36,1.14
1996,5,1996-05-01,1996-05-01,1996-06-01,-0.26,1.31
1996,6,1996-06-01,1996-06-01,1996-07-01,-0.3,1.28
1996,7,1996-07-01,1996-07-01,1996-08-01,-0.32,1.31
1996,8,1996-08-01,1996-08-01,1996-09-01,-0.2,1.14
1996,9,1996-09-01,1996-09-01,1996-10-01,-0.45,1.15
1996,10,1996-10-01,1996-10-01,1996-11-01,-0.4,1.28
1996,11,1996-11-01,1996-11-01,1996-12-01,-0.34,1
1996,12,1996-12-01,1996-12-01,1997-01-01,-0.61,0.9
1997,1,1997-01-01,1997-01-01,1997-02-01,-0.54,1.12
1997,2,1997-02-01,1997-02-01,1997-03-01,-0.36,1.2
1997,3,1997-03-01,1997-03-01,1997-04-01,-0.2,0.94
1997,4,1997-04-01,1997-04-01,1997-05-01,0.27,1.06
1997,5,1997-05-01,1997-05-01,1997-06-01,0.76,1.17
1997,6,1997-06-01,1997-06-01,1997-07-01,1.22,1.28
1997,7,1997-07-01,1997-07-01,1997-08-01,1.67,1.25
1997,8,1997-08-01,1997-08-01,1997-09-01,1.91,1.52
1997,9,1997-09-01,1997-09-01,1997-10-01,2.12,1.32
1997,10,1997-10-01,1997-10-01,1997-11-01,2.4,1.07
1997,11,1997-11-01,1997-11-01,1997-12-01,2.48,1.31
1997,12,1997-12-01,1997-12-01,1998-01-01,2.32,1.18
1998,1,1998-01-01,1998-01-01,1998-02-01,2.37,0.95
1998,2,1998-02-01,1998-02-01,1998-03-01,2.03,1.44
1998,3,1998-03-01,1998-03-01,1998-04-01,1.38,1.31
1998,4,1998-04-01,1998-04-01,1998-05-01,0.9,1.07
1998,5,1998-05-01,1998-05-01,1998-06-01,0.7,0.9
1998,6,1998-06-01,1998-06-01,1998-07-01,-0.24,0.95
1998,7,1998-07-01,1998-07-01,1998-08-01,-0.86,0.85
1998,8,1998-08-01,1998-08-01,1998-09-01,-1.25,0.81
1998,9,1998-09-01,1998-09-01,1998-10-01,-1.26,0.64
1998,10,1998-10-01,1998-10-01,1998-11-01,-1.41,0.38
1998,11,1998-11-01,1998-11-01,1998-12-01,-1.38,0.39
1998,12,1998-12-01,1998-12-01,1999-01-01,-1.64,0.11
1999,1,1999-01-01,1999-01-01,1999-02-01,-1.69,0.03
1999,2,1999-02-01,1999-02-01,1999-03-01,-1.31,-0.69
1999,3,1999-03-01,1999-03-01,1999-04-01,-0.9,-0.91
1999,4,1999-04-01,1999-04-01,1999-05-01,-1,-1
1999,5,1999-05-01,1999-05-01,1999-06-01,-1.02,-1.23
1999,6,1999-06-01,1999-06-01,1999-07-01,-1.05,-1.58
1999,7,1999-07-01,1999-07-01,1999-08-01,-1.05,-1.59
1999,8,1999-08-01,1999-08-01,1999-09-01,-1.19,-1.17
1999,9,1999-09-01,1999-09-01,1999-10-01,-1.09,-1.06
1999,10,1999-10-01,1999-10-01,1999-11-01,-1.19,-1.2
1999,11,1999-11-01,1999-11-01,1999-12-01,-1.5,-1.31
1999,12,1999-12-01,1999-12-01,2000-01-01,-1.7,-1.35
2000,1,2000-01-01,2000-01-01,2000-02-01,-1.77,-1.57
2000,2,2000-02-01,2000-02-01,2000-03-01,-1.53,-1.6
2000,3,2000-03-01,2000-03-01,2000-04-01,-0.93,-1.22
2000,4,2000-04-01,2000-04-01,2000-05-01,-0.75,-0.91
2000,5,2000-05-01,2000-05-01,2000-06-01,-0.74,-0.75
2000,6,2000-06-01,2000-06-01,2000-07-01,-0.64,-0.86
2000,7,2000-07-01,2000-07-01,2000-08-01,-0.55,-0.75
2000,8,2000-08-01,2000-08-01,2000-09-01,-0.47,-0.63
2000,9,2000-09-01,2000-09-01,2000-10-01,-0.52,-0.66
2000,10,2000-10-01,2000-10-01,2000-11-01,-0.65,-0.77
2000,11,2000-11-01,2000-11-01,2000-12-01,-0.71,-1.27
2000,12,2000-12-01,2000-12-01,2001-01-01,-0.88,-0.93
2001,1,2001-01-01,2001-01-01,2001-02-01,-0.63,-0.57
2001,2,2001-02-01,2001-02-01,2001-03-01,-0.53,-0.81
2001,3,2001-03-01,2001-03-01,2001-04-01,-0.39,-0.67
2001,4,2001-04-01,2001-04-01,2001-05-01,-0.39,-0.75
2001,5,2001-05-01,2001-05-01,2001-06-01,-0.24,-0.86
2001,6,2001-06-01,2001-06-01,2001-07-01,-0.11,-0.84
2001,7,2001-07-01,2001-07-01,2001-08-01,-0.01,-0.81
2001,8,2001-08-01,2001-08-01,2001-09-01,-0.1,-0.5
2001,9,2001-09-01,2001-09-01,2001-10-01,-0.28,-0.6
2001,10,2001-10-01,2001-10-01,2001-11-01,-0.18,-0.64
2001,11,2001-11-01,2001-11-01,2001-12-01,-0.41,-0.64
2001,12,2001-12-01,2001-12-01,2002-01-01,-0.46,-0.96
2002,1,2002-01-01,2002-01-01,2002-02-01,-0.05,-0.8
2002,2,2002-02-01,2002-02-01,2002-03-01,0.06,-1.03
2002,3,2002-03-01,2002-03-01,2002-04-01,0.09,-1.08
2002,4,2002-04-01,2002-04-01,2002-05-01,0.12,-1.03
2002,5,2002-05-01,2002-05-01,2002-06-01,0.4,-1.15
2002,6,2002-06-01,2002-06-01,2002-07-01,0.79,-0.98
2002,7,2002-07-01,2002-07-01,2002-08-01,0.77,-1.08
2002,8,2002-08-01,2002-08-01,2002-09-01,0.81,-0.94
2002,9,2002-09-01,2002-09-01,2002-10-01,1.01,-0.75
2002,10,2002-10-01,2002-10-01,2002-11-01,1.2,-0.73
2002,11,2002-11-01,2002-11-01,2002-12-01,1.41,-0.45
2002,12,2002-12-01,2002-12-01,2003-01-01,1.31,-0.26
2003,1,2003-01-01,2003-01-01,2003-02-01,0.7,-0.01
2003,2,2003-02-01,2003-02-01,2003-03-01,0.74,0.18
2003,3,2003-03-01,2003-03-01,2003-04-01,0.45,0.36
2003,4,2003-04-01,2003-04-01,2003-05-01,-0.05,0.4
2003,5,2003-05-01,2003-05-01,2003-06-01,-0.52,0.28
2003,6,2003-06-01,2003-06-01,2003-07-01,-0.21,0.22
2003,7,2003-07-01,2003-07-01,2003-08-01,0.24,0.17
2003,8,2003-08-01,2003-08-01,2003-09-01,0.2,-0.06
2003,9,2003-09-01,2003-09-01,2003-10-01,0.19,-0.19
2003,10,2003-10-01,2003-10-01,2003-11-01,0.38,0.18
2003,11,2003-11-01,2003-11-01,2003-12-01,0.29,0.03
2003,12,2003-12-01,2003-12-01,2004-01-01,0.38,-0.07
2004,1,2004-01-01,2004-01-01,2004-02-01,0.38,0.13
2004,2,2004-02-01,2004-02-01,2004-03-01,0.34,0.14
2004,3,2004-03-01,2004-03-01,2004-04-01,0.21,0.02
2004,4,2004-04-01,2004-04-01,2004-05-01,0.16,-0.12
2004,5,2004-05-01,2004-05-01,2004-06-01,0.14,0.23
2004,6,2004-06-01,2004-06-01,2004-07-01,0.2,0.21
2004,7,2004-07-01,2004-07-01,2004-08-01,0.51,-0.03
2004,8,2004-08-01,2004-08-01,2004-09-01,0.7,0.06
2004,9,2004-09-01,2004-09-01,2004-10-01,0.72,0.01
2004,10,2004-10-01,2004-10-01,2004-11-01,0.68,-0.29
2004,11,2004-11-01,2004-11-01,2004-12-01,0.61,-0.47
2004,12,2004-12-01,2004-12-01,2005-01-01,0.69,-0.29
2005,1,2005-01-01,2005-01-01,2005-02-01,0.76,-0.26
2005,2,2005-02-01,2005-02-01,2005-03-01,0.46,-0.01
2005,3,2005-03-01,2005-03-01,2005-04-01,0.53,0
2005,4,2005-04-01,2005-04-01,2005-05-01,0.35,0.05
2005,5,2005-05-01,2005-05-01,2005-06-01,0.39,0.18
2005,6,2005-06-01,2005-06-01,2005-07-01,0.12,0.14
2005,7,2005-07-01,2005-07-01,2005-08-01,-0.19,0.29
2005,8,2005-08-01,2005-08-01,2005-09-01,-0.1,0.23
2005,9,2005-09-01,2005-09-01,2005-10-01,-0.11,-0.04
2005,10,2005-10-01,2005-10-01,2005-11-01,-0.1,-0.25
2005,11,2005-11-01,2005-11-01,2005-12-01,-0.64,-0.19
2005,12,2005-12-01,2005-12-01,2006-01-01,-0.97,0.08
2006,1,2006-01-01,2006-01-01,2006-02-01,-0.81,-0.01
2006,2,2006-02-01,2006-02-01,2006-03-01,-0.57,-0.19
2006,3,2006-03-01,2006-03-01,2006-04-01,-0.62,-0.56
2006,4,2006-04-01,2006-04-01,2006-05-01,-0.22,-0.44
2006,5,2006-05-01,2006-05-01,2006-06-01,0,-0.57
2006,6,2006-06-01,2006-06-01,2006-07-01,0.08,-0.57
2006,7,2006-07-01,2006-07-01,2006-08-01,0.04,-0.52
2006,8,2006-08-01,2006-08-01,2006-09-01,0.25,-0.74
2006,9,2006-09-01,2006-09-01,2006-10-01,0.52,-0.82
2006,10,2006-10-01,2006-10-01,2006-11-01,0.66,-0.59
2006,11,2006-11-01,2006-11-01,2006-12-01,0.95,-0.61
2006,12,2006-12-01,2006-12-01,2007-01-01,1.09,-0.58
2007,1,2007-01-01,2007-01-01,2007-02-01,0.8,-1.01
2007,2,2007-02-01,2007-02-01,2007-03-01,0.23,-1.09
2007,3,2007-03-01,2007-03-01,2007-04-01,-0.09,-1.19
2007,4,2007-04-01,2007-04-01,2007-05-01,-0.22,-0.93
2007,5,2007-05-01,2007-05-01,2007-06-01,-0.38,-0.86
2007,6,2007-06-01,2007-06-01,2007-07-01,-0.28,-0.68
2007,7,2007-07-01,2007-07-01,2007-08-01,-0.55,-0.63
2007,8,2007-08-01,2007-08-01,2007-09-01,-0.77,-0.79
2007,9,2007-09-01,2007-09-01,2007-10-01,-1.19,-0.8
2007,10,2007-10-01,2007-10-01,2007-11-01,-1.43,-1.11
2007,11,2007-11-01,2007-11-01,2007-12-01,-1.58,-1.17
2007,12,2007-12-01,2007-12-01,2008-01-01,-1.63,-1.04
2008,1,2008-01-01,2008-01-01,2008-02-01,-1.58,-1.36
2008,2,2008-02-01,2008-02-01,2008-03-01,-1.56,-1.59
2008,3,2008-03-01,2008-03-01,2008-04-01,-1.12,-1.31
2008,4,2008-04-01,2008-04-01,2008-05-01,-0.9,-1.43
2008,5,2008-05-01,2008-05-01,2008-06-01,-0.75,-1.39
2008,6,2008-06-01,2008-06-01,2008-07-01,-0.61,-1.5
2008,7,2008-07-01,2008-07-01,2008-08-01,-0.27,-1.66
2008,8,2008-08-01,2008-08-01,2008-09-01,-0.18,-1.57
2008,9,2008-09-01,2008-09-01,2008-10-01,-0.33,-1.64
2008,10,2008-10-01,2008-10-01,2008-11-01,-0.39,-1.52
2008,11,2008-11-01,2008-11-01,2008-12-01,-0.5,-1.55
2008,12,2008-12-01,2008-12-01,2009-01-01,-0.91,-1.48
2009,1,2009-01-01,2009-01-01,2009-02-01,-0.79,-1.72
2009,2,2009-02-01,2009-02-01,2009-03-01,-0.69,-2.09
2009,3,2009-03-01,2009-03-01,2009-04-01,-0.61,-2.5
2009,4,2009-04-01,2009-04-01,2009-05-01,-0.26,-2.4
2009,5,2009-05-01,2009-05-01,2009-06-01,0.15,-2.22
2009,6,2009-06-01,2009-06-01,2009-07-01,0.39,-1.95
2009,7,2009-07-01,2009-07-01,2009-08-01,0.52,-1.9
2009,8,2009-08-01,2009-08-01,2009-09-01,0.51,-2.15
2009,9,2009-09-01,2009-09-01,2009-10-01,0.6,-1.79
2009,10,2009-10-01,2009-10-01,2009-11-01,0.85,-1.49
2009,11,2009-11-01,2009-11-01,2009-12-01,1.4,-1.64
2009,12,2009-12-01,2009-12-01,2010-01-01,1.68,-1.37
2010,1,2010-01-01,2010-01-01,2010-02-01,1.61,-1.05
2010,2,2010-02-01,2010-02-01,2010-03-01,1.35,-0.89
2010,3,2010-03-01,2010-03-01,2010-04-01,0.98,-1.25
2010,4,2010-04-01,2010-04-01,2010-05-01,0.48,-1.22
2010,5,2010-05-01,2010-05-01,2010-06-01,-0.13,-1.02
2010,6,2010-06-01,2010-06-01,2010-07-01,-0.61,-1.1
2010,7,2010-07-01,2010-07-01,2010-08-01,-1.04,-1.15
2010,8,2010-08-01,2010-08-01,2010-09-01,-1.44,-1.43
2010,9,2010-09-01,2010-09-01,2010-10-01,-1.67,-1.55
2010,10,2010-10-01,2010-10-01,2010-11-01,-1.73,-1.44
2010,11,2010-11-01,2010-11-01,2010-12-01,-1.69,-1.38
2010,12,2010-12-01,2010-12-01,2011-01-01,-1.65,-1.49
2011,1,2011-01-01,2011-01-01,2011-02-01,-1.44,-1.38
2011,2,2011-02-01,2011-02-01,2011-03-01,-1,-1.24
2011,3,2011-03-01,2011-03-01,2011-04-01,-0.83,-1.36
2011,4,2011-04-01,2011-04-01,2011-05-01,-0.67,-1.13
2011,5,2011-05-01,2011-05-01,2011-06-01,-0.43,-1.24
2011,6,2011-06-01,2011-06-01,2011-07-01,-0.3,-1.21
2011,7,2011-07-01,2011-07-01,2011-08-01,-0.39,-1.42
2011,8,2011-08-01,2011-08-01,2011-09-01,-0.7,-1.49
2011,9,2011-09-01,2011-09-01,2011-10-01,-0.88,-1.69
2011,10,2011-10-01,2011-10-01,2011-11-01,-1.09,-1.67
2011,11,2011-11-01,2011-11-01,2011-12-01,-1.23,-1.78
2011,12,2011-12-01,2011-12-01,2012-01-01,-1.11,-1.86
2012,1,2012-01-01,2012-01-01,2012-02-01,-0.77,-1.97
2012,2,2012-02-01,2012-02-01,2012-03-01,-0.57,-1.84
2012,3,2012-03-01,2012-03-01,2012-04-01,-0.52,-2.14
2012,4,2012-04-01,2012-04-01,2012-05-01,-0.4,-2.13
2012,5,2012-05-01,2012-05-01,2012-06-01,-0.23,-1.96
2012,6,2012-06-01,2012-06-01,2012-07-01,0.1,-1.87
2012,7,2012-07-01,2012-07-01,2012-08-01,0.28,-1.92
2012,8,2012-08-01,2012-08-01,2012-09-01,0.41,-2
2012,9,2012-09-01,2012-09-01,2012-10-01,0.3,-1.98
2012,10,2012-10-01,2012-10-01,2012-11-01,0.22,-1.84
2012,11,2012-11-01,2012-11-01,2012-12-01,0.11,-1.58
2012,12,2012-12-01,2012-12-01,2013-01-01,-0.3,-1.37
2013,1,2013-01-01,2013-01-01,2013-02-01,-0.43,-1.48
2013,2,2013-02-01,2013-02-01,2013-03-01,-0.41,-1.58
2013,3,2013-03-01,2013-03-01,2013-04-01,-0.16,-1.84
2013,4,2013-04-01,2013-04-01,2013-05-01,-0.15,-1.71
2013,5,2013-05-01,2013-05-01,2013-06-01,-0.31,-1.52
2013,6,2013-06-01,2013-06-01,2013-07-01,-0.35,-1.5
2013,7,2013-07-01,2013-07-01,2013-08-01,-0.36,-1.85
2013,8,2013-08-01,2013-08-01,2013-09-01,-0.44,-1.61
2013,9,2013-09-01,2013-09-01,2013-10-01,-0.26,-1.23
2013,10,2013-10-01,2013-10-01,2013-11-01,-0.24,-1.41
2013,11,2013-11-01,2013-11-01,2013-12-01,-0.19,-1.37
2013,12,2013-12-01,2013-12-01,2014-01-01,-0.22,-1.26
2014,1,2014-01-01,2014-01-01,2014-02-01,-0.39,-0.84
2014,2,2014-02-01,2014-02-01,2014-03-01,-0.51,-0.76
2014,3,2014-03-01,2014-03-01,2014-04-01,-0.19,-0.62
2014,4,2014-04-01,2014-04-01,2014-05-01,0.18,-0.54
2014,5,2014-05-01,2014-05-01,2014-06-01,0.41,-0.38
2014,6,2014-06-01,2014-06-01,2014-07-01,0.31,-0.45
2014,7,2014-07-01,2014-07-01,2014-08-01,-0.03,-0.44
2014,8,2014-08-01,2014-08-01,2014-09-01,-0.08,-0.19
2014,9,2014-09-01,2014-09-01,2014-10-01,0.21,0.19
2014,10,2014-10-01,2014-10-01,2014-11-01,0.4,0.4
2014,11,2014-11-01,2014-11-01,2014-12-01,0.71,0.33
2014,12,2014-12-01,2014-12-01,2015-01-01,0.66,0.29
2015,1,2015-01-01,2015-01-01,2015-02-01,0.61,0.18
2015,2,2015-02-01,2015-02-01,2015-03-01,0.52,0.49
2015,3,2015-03-01,2015-03-01,2015-04-01,0.56,0.44
2015,4,2015-04-01,2015-04-01,2015-05-01,0.79,0.48
2015,5,2015-05-01,2015-05-01,2015-06-01,1.01,0.32
2015,6,2015-06-01,2015-06-01,2015-07-01,1.25,0.18
2015,7,2015-07-01,2015-07-01,2015-08-01,1.49,-0.02
2015,8,2015-08-01,2015-08-01,2015-09-01,1.88,0.17
2015,9,2015-09-01,2015-09-01,2015-10-01,2.12,0.42
2015,10,2015-10-01,2015-10-01,2015-11-01,2.32,0.51
2015,11,2015-11-01,2015-11-01,2015-12-01,2.67,0.18
2015,12,2015-12-01,2015-12-01,2016-01-01,2.6,0.12
2016,1,2016-01-01,2016-01-01,2016-02-01,2.66,-0.11
2016,2,2016-02-01,2016-02-01,2016-03-01,2.34,0.08
2016,3,2016-03-01,2016-03-01,2016-04-01,1.7,0.31
2016,4,2016-04-01,2016-04-01,2016-05-01,0.99,0.31
2016,5,2016-05-01,2016-05-01,2016-06-01,0.39,0.26
2016,6,2016-06-01,2016-06-01,2016-07-01,0.05,0.29
2016,7,2016-07-01,2016-07-01,2016-08-01,-0.44,0.03
2016,8,2016-08-01,2016-08-01,2016-09-01,-0.63,0.05
2016,9,2016-09-01,2016-09-01,2016-10-01,-0.65,0.11
2016,10,2016-10-01,2016-10-01,2016-11-01,-0.78,0.09
2016,11,2016-11-01,2016-11-01,2016-12-01,-0.8,0.15
2016,12,2016-12-01,2016-12-01,2017-01-01,-0.55,-0.09
2017,1,2017-01-01,2017-01-01,2017-02-01,-0.33,-0.3
2017,2,2017-02-01,2017-02-01,2017-03-01,0.02,-0.16
2017,3,2017-03-01,2017-03-01,2017-04-01,0.12,-0.27
2017,4,2017-04-01,2017-04-01,2017-05-01,0.3,-0.02
2017,5,2017-05-01,2017-05-01,2017-06-01,0.45,-0.06
2017,6,2017-06-01,2017-06-01,2017-07-01,0.41,-0.25
2017,7,2017-07-01,2017-07-01,2017-08-01,0.28,-0.3
2017,8,2017-08-01,2017-08-01,2017-09-01,-0.21,-0.19
2017,9,2017-09-01,2017-09-01,2017-10-01,-0.51,-0.34
2017,10,2017-10-01,2017-10-01,2017-11-01,-0.6,-0.28
2017,11,2017-11-01,2017-11-01,2017-12-01,-1.01,-0.29
2017,12,2017-12-01,2017-12-01,2018-01-01,-1.04,-0.32
2018,1,2018-01-01,2018-01-01,2018-02-01,-0.88,-0.4
2018,2,2018-02-01,2018-02-01,2018-03-01,-0.68,-0.51
2018,3,2018-03-01,2018-03-01,2018-04-01,-0.71,-0.9
2018,4,2018-04-01,2018-04-01,2018-05-01,-0.41,-0.84
2018,5,2018-05-01,2018-05-01,2018-06-01,-0.11,-0.92
2018,6,2018-06-01,2018-06-01,2018-07-01,0.12,-0.98
2018,7,2018-07-01,2018-07-01,2018-08-01,0.16,-0.96
2018,8,2018-08-01,2018-08-01,2018-09-01,0.04,-1.03
2018,9,2018-09-01,2018-09-01,2018-10-01,0.39,-1.29
2018,10,2018-10-01,2018-10-01,2018-11-01,0.86,-0.99
2018,11,2018-11-01,2018-11-01,2018-12-01,0.86,-0.8
2018,12,2018-12-01,2018-12-01,2019-01-01,0.84,-0.81
2019,1,2019-01-01,2019-01-01,2019-02-01,0.75,-1.04
2019,2,2019-02-01,2019-02-01,2019-03-01,0.81,-1.24
2019,3,2019-03-01,2019-03-01,2019-04-01,0.89,-1.48
2019,4,2019-04-01,2019-04-01,2019-05-01,0.71,-1.18
2019,5,2019-05-01,2019-05-01,2019-06-01,0.64,-0.96
2019,6,2019-06-01,2019-06-01,2019-07-01,0.53,-1.12
2019,7,2019-07-01,2019-07-01,2019-08-01,0.38,-1.06
2019,8,2019-08-01,2019-08-01,2019-09-01,-0.01,-0.88
2019,9,2019-09-01,2019-09-01,2019-10-01,-0.04,-0.61
2019,10,2019-10-01,2019-10-01,2019-11-01,0.45,-0.63
2019,11,2019-11-01,2019-11-01,2019-12-01,0.48,-0.56
2019,12,2019-12-01,2019-12-01,2020-01-01,0.47,-0.33
2020,1,2020-01-01,2020-01-01,2020-02-01,0.7,-1.07
2020,2,2020-02-01,2020-02-01,2020-03-01,0.46,-1.37
2020,3,2020-03-01,2020-03-01,2020-04-01,0.56,-1.8
2020,4,2020-04-01,2020-04-01,2020-05-01,0.45,-1.76
2020,5,2020-05-01,2020-05-01,2020-06-01,-0.19,-1.6
2020,6,2020-06-01,2020-06-01,2020-07-01,-0.27,-1.5
2020,7,2020-07-01,2020-07-01,2020-08-01,-0.28,-1.53
2020,8,2020-08-01,2020-08-01,2020-09-01,-0.65,-1.62
2020,9,2020-09-01,2020-09-01,2020-10-01,-0.92,-1.41
2020,10,2020-10-01,2020-10-01,2020-11-01,-1.29,-1.31
2020,11,2020-11-01,2020-11-01,2020-12-01,-1.43,-1.47
